sentence,label,text_length,word_count,cleaned_text
"@anonymized_account @anonymized_account @anonymized_account A tak właściwie to co się dzieje z Majewską ? Kontuzja czy zakończyła kariere ? Chyba, że gdzieś gra :)",0,163,23,właściwie dziać majewska kontuzja zakończyć kariere chyba grać
Głódź jest mistrzem mistrzów w mistrzostwie zwanym  dostosuj się do warunków i zacznij doić,0,91,14,głódź mistrz mistrz mistrzostwo zwanym dostosuć warunki zacznij doić
@anonymized_account 😁😁😁😁😁😁😁😁 @anonymized_account teraz to mnie Pani ubawiła tym paskiem. A widziała Pani swoją szyję?,1,117,15,😁 😁 😁 😁 😁 😁 😁 😁 ubawić paskie widzieć swój szyja
"@anonymized_account @anonymized_account @anonymized_account Chłopie, a czy Ty i ktokolwiek z Kukiz15 cokolwiek rozumie...",0,121,13,chłopa kukiz15 rozumieć
@anonymized_account Uuuuu a co to za historia?,0,46,7,uuuuu historia
"@anonymized_account Dzisiaj wrócił do treningów, czyli zdążyli 😉",0,64,8,wrócić trening zdążyć 😉
"@anonymized_account Wszedzie wciskasz swojego kutasa, sam jesteś niewolnikiem i ty zatruwasz ludzi i traktujesz jak motłoch",1,123,16,wszedzie wciskać swój kutas być niewolniko zatruwać człowiek traktujesz motłoch
Nieodwracalne zmiany wykonawcy Kaliber 44\nhttps://t.co/OTQBfQnGRz,0,66,5,nieodwracalny zmiana wykonawca kaliber 44\nhttps://t.co otqbfqngrz
#WyborySamorządowe będą żniwa  #PlakatPolityczny 😉\n \u0026lt;zacieraręce\u0026gt; 🤗,0,84,7,wyborysamorządowy żniwy plakatpolityczny 😉 \n \u0026lt;zacieraręce\u0026gt 🤗
"GUYS BREAKING NEWS napisy w serialach/filmach nie są tylko dla samego tłumaczenia, ale też dla osób niedosłyszących",0,115,17,guys breaking news napis seriala film sam tłumaczenie osoba niedosłyszących
@anonymized_account @anonymized_account Jak będzie ta pioseneczka to przychodzę\n\nhttps://t.co/B6ak11mI4d,0,106,8,Pioseneczek przychodzę\n\nhttps://t.co b6ak11mi4d
@anonymized_account Jak nie znasz chłopcze sprawy to nie kompromituj się i nie siej fermentu.,0,93,14,znać chłopcze sprawa kompromitować si ferment
@anonymized_account @anonymized_account Brawo Wy!!!  Kupon wchodzi ;-),0,70,7,brawo kupon wchodzić
Ten przyglup jeszcze uruchomi slużby na Ryharda i biedak pójdzie siedzieć,0,73,11,przyglup uruchomy slużba ryhard biedak pójść siedzieć
"Żona Messiego to musi mieć teraz nerwy. Pasztety i warzywne sałatki do zrobienia, a ten se poszedł z kolegami grać w piłkę.",0,123,22,żona messiy mieć nerw pasztet warzywny sałatka zrobić se pójść kolega grać piłka
Poszłabym sobie do liceum jeszcze raz,0,37,6,poszłabym liceum
"@anonymized_account Prawdopodobnie z ocen delegatów, ale tego nie wiem na 100%.",0,79,11,prawdopodobnie ocena delegat wiedzieć 100
@anonymized_account @anonymized_account Bzdura. Nie liczy się demonstracja tylko sejmowa arytmetyka.,0,100,10,bzdura liczyć demonstracja sejmowy arytmetyka
@anonymized_account @anonymized_account dodaj jeszcze Piotrowicza i Kryże i masz kompaniję jak talala,0,101,12,dodać piotrowicz kryże mieć kompaniję talala
@anonymized_account Znowu Onet wypuścił fałszywa informację ?,0,61,7,onet wypuścić fałszywy informacja
"@anonymized_account @anonymized_account Dobrze że nic nie piłem bo też bym się zaksztusił.😁😁😁. Ten jeden gif wystarczy,jako komentarz, za 100 słów.",0,147,20,pić być zaksztusić 😁 😁 😁 gif wystarczyć komentarz 100 słowo
"@anonymized_account @anonymized_account Coś czuję, że słynne \""Houston, we have a problem\"" padło tak naprawdę kiedy skończył się płyn do demakijażu.",0,149,20,"czuć słynny \""houston have problem\ paść naprawdę skończyć płyn demakijaż"
@anonymized_account @anonymized_account A co Pan ma myśli pisząc o narracji politycznej PiS?,0,92,12,myśl pisać narracja polityczny pis
RT @anonymized_account W TYM TYGODNIU NIE MA DYNASTY KDNDNS CZEMU MI TO ROBICIE,0,79,13,tydzień dynasta kdndns robić
@anonymized_account Hehe owszem niema sensu ale szanujmy się jaki karny? Jaki var? Szukajcie pkt gdzie indziej my też musimy szukać gdzie indziej,0,145,22,hehe niemy sens szanuć karny var szukajt punkt indziej musieć szukać indziej
@anonymized_account i dobrze przynajmniej jest parzysta liczba drużyn :),0,72,9,przynajmniej parzysty liczba drużyna
@anonymized_account @anonymized_account Brawo @anonymized_account !!!! Kolejny poziom debilizmu przebity.,0,105,9,brawo kolejny poziom debilizm przebita
"@anonymized_account Tak, to amfora szyjowa panatenajska o pojemności podróżnej. Czyli, że do samolotu można.",0,108,14,amfora szyjowy panatenajsko pojemność podróżny samolot
"@anonymized_account Drogi Panie, obecna władza zasługuje wyłącznie na unicestwienie, ona nie ma nic wspólnego z Polską.",0,119,16,droga pan obecny władza zasługiwać wyłącznie unicestwieć wspólny polska
"@anonymized_account Tak czy siak. Szacun dla nich, bo rzeczywiście wycisnęli maksa ze swojego potencjału.",0,105,14,siak szacun rzeczywiście wycisnąć maksa swój potencjał
@anonymized_account @anonymized_account przecież w dupie miałeś ten medal :),0,76,9,dupa mieć być medal
@anonymized_account @anonymized_account Bo tu tępy pajac jesteś to nie umiesz.,1,78,10,tępy pajac być umieć
@anonymized_account @anonymized_account no oczywiście że nie było bo można sobie  pograć w piłke ręczną w polu karnym,0,117,17,oczywiście pograć piłke ręczny pole karny
RT @anonymized_account Samochody ciągnące za sobą billboardy pojadą pod siedzibę niemieckiej stacji telewizyjnej @anonymized_account \n#GermanDeathCamps \nhttps://t.…,0,166,16,samochód ciągnące billboarda pojada siedziba niemiecki stacja telewizyjny \n#germandeathcamps \nhttps://t
"@anonymized_account @anonymized_account Sprawdź chłopie w słowniku co oznacza słowo , którego używasz a potem się odzywaj.",0,122,16,sprawdzić chłopie słownik oznaczać słowo używać potem odzywać
"Justas Lasickas jest szesnastym zagranicznym reprezentantem, który w barwach swojego kraju wystąpił jako zawodnik Jagiellonii.",0,126,15,justas lasickas szesnasty zagraniczny reprezentant barwa swój kraj wystąpić zawodnik jagiellonia
RT @anonymized_account Przecież one mogły wwieźć do Sejmu tego pytona!,0,70,10,móc wwieźć sejm pytć
"RT @anonymized_account dobrze tam rafała brzozowskiego na fotel nie posadzili, z pewnością pozamiatałby śpiewając z uczestniczka na scenieXDDD #…",0,145,19,rafać brzozowskiy fotel posadzić pewność pozamiatać by śpiewać uczestniczko sceniexddd
@anonymized_account Biedne dziecko ta @anonymized_account tyle się jeszcze musi nauczyć.A główką już ma świat wychodzi😁😁,0,120,15,biedny dziecko tyle nauczyć.a główka świat wychodzić 😁 😁
"RT @anonymized_account Wczesniej myślałam, że nie rozumiem jedynie matmy, a życie okazało się być twardszym orzechem do zgryzienia",0,130,18,wczesni myśleć być rozumieć matmy życie okazać twardszy orzech zgryzieć
@anonymized_account Lepsze zasłony niż buty w tapicerkę Daci Logan 😎,0,68,10,dobry zasłon but tapicerka dat logan 😎
@anonymized_account Nie jest złe! Chodzisz w szpilkach? Cokolwiek byś nie założyła to szpilki choć trochę pomogą xd,0,115,17,zły chodzić szpilka by być założyć szpilka trochę pomóc xd
"@anonymized_account Myślę, że głośna, jednoznacznie negatywna i ostra reakcja, trochę utemperuje ten piękny plan podbicia reklamowego świata.",0,141,17,myśleć głośna jednoznacznie negatywny ostre reakcja trochę utemperować piękny plan podbić reklamowy świat
"@anonymized_account czyli jak ktoś je rosyjskie dania to jest zwolennikiem Putina, tak ?",0,88,13,rosyjski danie zwolennik putin
"@anonymized_account Bo masz ołtarzyk CR 😂 😛😛 Kopnięcie podobne, idiotyczne, niezbyt mocne, zupełnie bez piłki. Nie ma co usprawiedliwiać głupoty.",0,145,20,mieć ołtarzyk cr 😂 😛 😛 kopnięcie podobny idiotyczny niezbyt mocny zupełnie piłka usprawiedliwiać głupota
"@anonymized_account @anonymized_account W sumie to trochę przeszkadza, bo bez napisu byłby lepszy widok :)",0,106,14,suma trochę przeszkadzać napis być by dobry widok
@anonymized_account Ależ ten skład jest cienki 😂,0,48,7,skład cienki 😂
@anonymized_account A ja nie wyrażałem zgody na funkcjonowanie w szkołach kościelnych zboków za państwowe pieniądze.,0,116,15,wyrażać być zgoda funkcjonować szkoła kościelny zboek państwowy pieniądz
RT @anonymized_account @anonymized_account Boże broń nas od takich zasłużonych!!!!!!!!!!,0,88,9,boży bronić zasłużony
@anonymized_account @anonymized_account No i dwa #fakenews w jednym tweecie 😜,0,77,10,fakenews tweet 😜
"@anonymized_account @anonymized_account Albo na Piszczka \"" szybko zchodzi \"";-)gdy gra niewychodzi",0,99,11,piszczka szybko zchodzić )gdy grać niewychodzić
Kolejny talent trafi do Bialej Gwiazdy!!!! \n\nhttps://t.co/Uzj4580pwO,0,70,7,kolejny talent trafić bialeko gwiazda \n\nhttps://t.co uzj4580pwo
@anonymized_account Teorie za 1 praktykę za 4... ale dopiero za 4 razem miałam normalnego egzaminatora,0,102,15,teorie 1 praktyka 4 dopiero 4 razem mieć być normalny egzaminator
Ktoś z konta Cimorelli dał mi fav do tweeta!!!,0,46,9,konto cimorelli dać fav tweet
"Gdy pomyślisz partia, pomyślisz Lenin, gdy pomyślisz Lenin pomyślisz Tusk.",0,74,10,pomyślić partia pomyślić lenin pomyślić lenin pomyślić Tusk
"@anonymized_account tylko żebyśmy się nie \""wzmocnili\"" Smudą...",0,64,7,"żeby być \""wzmocnili\ smudić"
@anonymized_account @anonymized_account @anonymized_account Przez neta zawsze są aktualne składy bo tam są aktualizowane nawet wyjściowe jedenastki :P,0,150,17,net aktualny składa aktualizować wyjściowy jedenastka :p
"Bóg, honor, nacjonalizm - nie ma Boga , honor powyżej średniej, nacjonalizm to choroba a  cnota to szacunek dla mniejszości",0,123,20,bóg honor nacjonalizm bóg honor powyżej średni nacjonalizm choroba cnota szacunek mniejszość
@anonymized_account @anonymized_account Ciekawe czy da mu to przepustke do jakiegoś europejskiego klubu :),0,106,13,ciekawy dać przepustke jakiś europejski klub
"@anonymized_account 7 cm średnicy i 40 cm długości, nie mogł narzekać, tylko ten finał",0,86,14,7 centymetr średnica 40 centymetr długość mogł narzekać finał
@anonymized_account @anonymized_account A to się dopiero okaże czy będzie taki chętny.,0,86,11,dopiero okazać chętny
@anonymized_account jak ja lubie takie chwalenie się dziennikarzy.Gdyby ktoś  przejrzał inne tweety to i duże wpadki można pokazać,0,130,18,lubie chwalić dziennikarzy.gdyby przejrzeć tweeta duży wpadki pokazać
@anonymized_account Ciiiiiiii bo ja sie przejmuję XD,0,52,7,ciiiiiiii przejmować xd
RT @anonymized_account czy Inowrocław to taki ślonski Wrocław kaj mosz ino wrocław i nic wincyj,0,95,15,inowrocław ślonski wrocław kaj mosz ino wrocław wincyj
@anonymized_account @anonymized_account Ok dzięki  za info jednak i tak nieposiadam tego kanału ;-),0,99,13,dzięki info nieposiadać kanał
"3 godziny i nie ma stodoly, nawet źdźbła słomy nie zostało",0,58,11,3 godzina stodoly źdźbła słom zostać
"@anonymized_account wiem, ale dziś się nie ładują wcale.",0,56,8,wiedzieć ładować wcale
@anonymized_account Radzę banować małych ruskich trolli @anonymized_account,0,75,7,radzić banować mały ruski troll
Nawałka honorowo odszedl i 4 mln zainkasował. Bedzie honor jak odda przynajmniej 3/4,0,84,13,nawałka honorowo odszedl 4 milion zainkasować honor oddać przynajmniej 3/4
RT @anonymized_account Pan Duda jedzie do USA. Spotka się z pomnikiem w Jersey City.,0,84,14,duda jechać usa spotkać pomnikiem jersey city
"@anonymized_account @anonymized_account Jesienią mieliśmy trzy zwycięstwa :D Na inauguracje z PBB, Bułgarska i Łazienkowska 😅",0,125,15,jesień mieć być trzy zwycięstwo d inauguracja pbba bułgarski łazienkowski 😅
"Jeszcze raz ktoś powie o 'wykorzystaniu maksimum możliwości', to mnie szlag trafi.",0,82,12,powiedzieć wykorzystać Maksimum możliwość szlag trafić
"@anonymized_account Nie, zostawiliśmy następnym niespodziankę 🤗",0,63,6,zostawić być następny niespodzianka 🤗
"@anonymized_account Ciii, miałam tego nie ujawniać!",0,51,6,ciii mieć być ujawniać
"@anonymized_account Hej, jak Ci się sprawuje ten bronzer?",0,57,8,heja sprawować bronzer
"Kim są ludzie, którzy widząc numer czterdzieści cztery (44), automatycznie nie mówią \""A imię jego czterdzieści i cztery\""????",0,126,18,"kto człowiek widzieć numer czterdzieści cztery 44 automatycznie mówić \""ać imię czterdzieść cztery\"
"@anonymized_account To w takim razie dziewięć, nie dziesięć 😊",0,61,9,taki dziewięć dziesięć 😊
@anonymized_account Kartkę za faul dostał Simoes (nr 8). Helder Lopes dostał za co innego czerwień bezpośrednio.,0,112,16,kartka faul dostać simoes numer 8) helder lopes dostać inny czerwienie bezpośrednio
@anonymized_account Cracovia jaką chcemy oglądać 😂,0,50,6,cracovia jaki chcieć oglądać 😂
@anonymized_account Emi  Ciebie nie da się zapomnieć😁😁😁😁,0,56,7,emia dać zapomnieć 😁 😁 😁 😁
"@anonymized_account @anonymized_account Proponuję komisję ws SKOK i Bieleckiego, komisję ws Glińskiego, komisję ws kolesi w SSP. Uzbiera się z paręset miliardów.",0,161,21,proponować komisja ws skok bieleckiy komisja ws glińskiy komisja ws kolesić ssp uzbierać paręset miliard
@anonymized_account coś jej tam w duszy gra.,0,44,7,dusza grać
"@anonymized_account Spoko ja do banki wyjeżdżam z wyrazami szacunku a ona mi odpisuje Pani z małej, żadnego podpisu nic xd",0,122,20,spoko bank wyjeżdżać wyraz szacunek odpisować mały żaden podpis xd
@anonymized_account Miał mieć w razie czego klauzule powrotu po rundzie.,0,72,10,mieć co klauzule powrót runda
"To jest polskie śmietnisko, to nie my, to oni, my tacy nie jesteśmy",0,67,13,polski śmietnisko taki być
@anonymized_account Mam pytanie: jaki jest cel tego postu?,0,58,8,pytanie cel postu
"@anonymized_account To na chuj pytać ja o meritum nie pytać, uuuu, siła i honor, ùuuuu",0,86,15,chuj pytać meritum pytać uuuu siła honor ùuuuu
"@anonymized_account Pierdolisz tyle o ojczyźnie to ją szanuj, 1200 zł na m-c za taksówki to nie jest szacunek,",1,110,18,pierdolić tyle ojczyzna szanuj 1200 złoty m c taksówka szacunek
#Wypozyczeni Stal Mielec - Podbeskidzie 0:1\nPrzemek Mystkowski grał do 82. minuty.,0,83,11,wypozyczić stal Mielec podbeskidzie 0:1\nprzemek mystkowski grać 82 minuta
"@anonymized_account Zaprzeczenie inteligencji, jak tak można plakal nie plakal, znizac sie do takiego poziomu",1,109,14,zaprzeczeć inteligencja plakal plakal znizac taki poziom
400 Lat wykonawcy R.U.T.A. \u0026amp; Paprika Korps\nhttps://t.co/gwhaMkZ0jj,0,76,7,400 rok wykonawca r.u.t.a \u0026amp paprik korps\nhttps://t.co gwhamkz0jj
@anonymized_account @anonymized_account No ja pierdzielę!😁😁😁. Tekst jak u Barei: Klient w krawacie jest mniej awanturujacy się😁😁😁😁😁😁😀,0,133,16,pierdzielić 😁 😁 😁 tekst barea klient krawat mniej awanturujacy 😁 😁 😁 😁 😁 😁 😀
"@anonymized_account Były sytuacje, gdy wykopujący bramkarz blokującego kilka metrów od niego napastnika trafiał i przerywano grę. Dlatego pytam.",0,144,18,sytuacja wykopować bramkarz blokujący metr napastnika trafieć przerywać gra pytać
@anonymized_account Izba Dyscyplinarna ma za zadanie wydalić z sądów sędziów złodziei i łapowników! Chyba o tym powinnaś wiedzieć Kamila!,0,137,19,izba dyscyplinarny zadanie wydalić sąd sędzia złodziej łapownik chyba powinien być wiedzieć Kamila
RT @anonymized_account Polska zrealizowala nasze cele w UE na szczycie z nawiązką. Podajcie dalej RT koniecznie potrzebne - dziękuję😊\nhttps://t.co/Oz…,0,151,19,Polska zrealizowalać cel UE szczyt nawiązka podajta daleko koniecznie potrzebny dziękować 😊 \nhttps://t.co oz
@anonymized_account @anonymized_account Odejmuje 3 pkt z Legią i jakoś Wisła dalej jest w ósemce.,0,97,14,odejmować 3 punkt legia wisła daleko ósemka
"@anonymized_account Mam wrażenie, że on jest kręcony w slow motion, robiłam trzy podejścia i przemęczyłam dwa odcinki tylko.",0,124,18,wrażenie kręcony slow motion robić być trzy podejście przemęczyć być odcinek
RT @anonymized_account @anonymized_account Komorowski wyciągnąłby wizytówkę banku i doradził odpowiedni kredyt .,0,112,12,komorowski wyciągnąć by wizytówka bank doradzić odpowiedni kredyt
#Wypozyczeni Stal Stalowa Wola - Widzew Łódź 3:0.\nMarcin Pigiel grał przez 73 minuty.,0,86,13,wypozyczć stal stalowy wola widzew łódź 3:0.\nmarcin pigiel grać 73 minuta
@anonymized_account @anonymized_account A Mariott dla ciebie i dworu ile kosztował?,0,83,10,mariott dwór kosztować
@anonymized_account @anonymized_account @anonymized_account a poza tym czemu ogladał w TV ? Dostał zakaz ? A nie przepraszam żal mu było 40 zł,0,142,22,ogladać tv dostać zakaz przepraszać żal 40 złoty
"@anonymized_account Fajne usteczka ma, ciekawe czy dobrze ciągnie?",0,66,8,fajny usteczka ciekawy ciągnąć
"@anonymized_account \""Fileciki z drozdów\"" są właśnie z Bułhakowa 😎",0,67,9,"\""filecik drozdów\ bułhakowy 😎"
@anonymized_account  a gdzie napisałem że zrozumiałem że kiedyś tam zostanie zwolniony ?,0,88,12,napisać być zrozumieć być kiedyś zostać zwolnić
"o jezu, jeszcze ta dziewczyna która w tvd grała syrenę!!!!!!!!!!!",0,65,10,jezu dziewczyna tvd grać syrena
@anonymized_account Czemu nie ma u Pana takiego wzmozenia jak topią sie dzieci uchodzcow?,0,89,13,taki wzmozenie topić dziecko uchodzcow
@anonymized_account Wiem łatwo się mówi jął nie moje PLN-y w grze :),0,68,12,wiedzieć łatwo mówić jąć pln y gra
RT @anonymized_account Euro Polska przyjmie z chęcią!!\nKażde ilości ❗\nNajlepiej w postaci reparacji od Niemiec ❗\n\n#BezRetuszu,0,129,15,euro Polska przyjąć chęcią!!\nkażdy ilość ❗ \nnajlepi postać reparacja niemiec ❗ \n\n#bezretusz
"@anonymized_account @anonymized_account Za to GKS Katowice jest mistrzem pompowania balonika, a później kompromitowania się.",0,124,14,gks katowica mistrz pompować balonik późno kompromitowanie
"Okrzyknięty przez kolegów z partii i sąsiada debilem,wmawia innym choroby psychiczne.#Woronicza17",0,97,11,okrzykniąć kolega partia sąsiad debil wmawiać inny choroba psychiczne.#woronicza17
"@anonymized_account Zawsze tak patrzy, bynajmniej nie z troski.",0,63,8,patrzeć troska
"@anonymized_account już nie śpię, możesz zadzwonić.",0,51,6,śpię móc zadzwonić
@anonymized_account @anonymized_account @anonymized_account Poza tym powinni być szczepieni,0,91,8,szczepiony
@anonymized_account Drugiej żółtej się nie sprawdza.,0,52,6,drugi żółty sprawdzać
@anonymized_account Pewnie można dostać kartkę za niesportowe zachowanie.,0,73,8,pewnie dostać kartka niesportowy zachowanie
@anonymized_account no to fajna z ciebie koleżanka że pokazujesz prywatne rozmowy i obgadujesz.Pozazdrościć takiej znajomej.,0,124,15,fajny koleżanka pokazować prywatny rozmowa obgadujesz.pozazdrościć taki znajoma
@anonymized_account @anonymized_account @anonymized_account @anonymized_account @anonymized_account @anonymized_account Nie przypisuj mi swoich ambicji ;),0,154,12,przypisuć swój ambicja
@anonymized_account I o to właśnie chodzi. To całostronicowe ogłoszenie w dzisiejszym  Expresie Ilustrowanym,0,108,13,chodzić całostronicowy ogłoszenie dzisiejszy expres ilustrowany
"Faceci tacy są: nie mogę spać od 2 tygodni, jestem osłabiony dlatego DOSTAŁEM KATAR I ZARAZ UMRĘ BO KICHNĄŁEM 5 RAZY POD RZĄD",0,125,23,faceci taki móc spać 2 tydzień osłabić dostać być katar zaraz umrę kichnąło 5 raz rząd
@anonymized_account Oddycha plucami bo usta szalikem zatkane ;),0,63,8,oddychać pluc usta szalikem zatkać
@anonymized_account dziecięca kreatywność jest absolutnie fascynująca.,0,70,6,dziecięcy kreatywność absolutnie fascynujący
"@anonymized_account @anonymized_account @anonymized_account Nie ma szans, jak tam wrócisz to cię na taczkach wywiozą",0,116,14,szansa wrócić taczkach wywioza
Yerri Mina - złota piłka 😁,0,26,6,yerri min złoty piłka 😁
@anonymized_account @anonymized_account @anonymized_account @anonymized_account @anonymized_account Chłopcze pogadamy jak przestaniesz na kupkę mówić papu.,1,155,13,chłopcze pogadać przestanieć kupka mówić papu
"@anonymized_account Nie dość, że są nie śmieszni to co chwilę piszą jakie to radio zajebiste i zabawne.",0,103,17,śmieszny chwila pisać radio zajebisty zabawny
"@anonymized_account Chodziło mi, że w seniorach nie ma zakazu. U nas max 1 lub 2 nazwiska z 2000 zostaną w CLJ, a być może nikt.",0,128,25,chodzić senior zakaz max 1 2 nazwisko 2000 zostać clj nikt
@anonymized_account o ile się nie myle to ta twarda ręka była jednym z powodów jego zwolnienia :),0,97,17,myle twardy ręka powód zwolnienie
HALO KTOŚ Z MOICH MUTUALSÓW RYSUJE? BO MAM JEDNO PYTANKOOO A JEŚLI NIE TO PROSZĘ O RT. TO WAZNE BARDZO.,0,103,20,halo mój mutuals rysować pytankooo prosić wazny
"@anonymized_account Gdyby tweet miał więcej znaków, dopisałabym do definicji: \""Przypięty do kluczy, też niespodziewanie znika\"".",0,129,15,"tweet znak dopisałabym definicja \""przypięty klucz niespodziewanie znika\"
RT @anonymized_account @anonymized_account czyli wg Pani wolno niszczyć cudze mienie....wstyd.  I nie ma co się dziwić ze macie z 2 % poparcie....a…,0,148,22,wg wolno niszczyć cudzy mienie wstyd dziwić mieć 2 poparcie
@anonymized_account @anonymized_account Wasz świat? To się w nim zamknijcie i nie wystawiajcie nosa.,0,100,13,świat zamknijta wystawiajć nos
@anonymized_account Dopadła mnie depresja. Nie znam matematyki. Jestem wtórnym analfabetą😁😁😁😁😁,0,94,10,dopaść depresja znać matematyka wtórny analfabeta 😁 😁 😁 😁 😁
RT @anonymized_account @anonymized_account @anonymized_account Wzrusza mnie ta wasza troska. I rozumiem ją. W końcu jest lotnisko w Niemczech. A więc u nas n…,0,158,23,wzruszać troski rozumieć koniec lotnisko niemczech n
"@anonymized_account Tylko wtedy celnie podaje, gdy nie ma pressingu.",0,68,9,celnie podawać pressing
@anonymized_account @anonymized_account A Carlitos nie grał od początku z Cork City :),0,86,12,carlitos grać początek cork cit
"@anonymized_account Zgadza się, ale nie rozpoczął się wieczorem :)",0,66,9,zgadzać rozpocząć wieczór
@anonymized_account Nie no sorry jak nie zdobędziemy chociaż punktu z takim słabym zespołem to po prostu nie zasługujemy na grupe mistrzowską.,0,142,21,sorry zdobędziemy chociaż punkt taki słaby zespół prosty zasługować grupe mistrzowski
@anonymized_account jestem zaprzyjaźniony ze statystykami bo jestem miłośnikiem Football Managera :),0,100,11,zaprzyjaźniony statystyk miłośnik football manager
@anonymized_account @anonymized_account Daj klapsa o w nogi😁😁😁,0,62,7,dać klapsaa noga 😁 😁 😁
@anonymized_account @anonymized_account @anonymized_account A co byłeś wiesz  że jest tam podłączenie do wody i tak dla kaprysu wydał na straż z D,0,146,22,być być wiedzieć podłączenie woda kaprysu wydać straż d
"@anonymized_account Jak narazie to sobie możecie kupę zrobić. Albo hurtowo dać dupy pedofilów w sutannach, których publicznie bronicie.",1,135,18,narazie móc kupa zrobić hurtowo dać dupa pedofil sutann publicznie bronicie
@anonymized_account @anonymized_account ue działa na naszą szkodę - im wolno?,0,77,10,UE działać nasz szkoda wolno
"@anonymized_account Zbiera się do kontrataku, dla swojego pryncypala pójdzie w bój, patrityczna dusza,  co nie @anonymized_account ?",0,132,17,zbierać kontratak swój pryncypal pójść bój patrityczny dusza
Narodowcy na marszu w Warszawie krzyczeli: „Tu jest Polska nie Izrael” trzymając w rękach plakat z Jezusem.,0,107,17,narodowiec marsz Warszawa krzyczel polski izrael trzymać ręka plakat jezus
@anonymized_account @anonymized_account @anonymized_account @anonymized_account Tak i Sebastian Mila do tego...,0,111,10,sebastiana Mil
@anonymized_account Kupię trochę baterii i suchary.,0,51,6,kupić trochę bateria suchar
@anonymized_account Co na to amisz @anonymized_account ?,0,56,7,amić
"@anonymized_account @anonymized_account Nie, 113km można truchtem przebiec. Liczba sprintów i szybkich biegów (+ kilometry).",0,124,14,113 kilometr trucht przebiec liczba sprinta szybki bieg + kilometr
Ktoś założył fejkowe konto i ogląda WSZYSTKIE moje story,0,56,9,założyć fejkowy konto oglądać stor
@anonymized_account jak Podbeskidzie spadnie to z tego powodu że jest słabe,0,75,11,podbeskidzie spadnie powód słaby
@anonymized_account No ale wiesz narazie to ciiii 😂,0,51,8,wiedzieć narazie ciiii 😂
"@anonymized_account @anonymized_account @anonymized_account Chwila, ma nie rosnąć tylko maleć! ;-)",0,98,10,chwila rosnąć maleć
Szeregowiec Jaruzelski...\nSzeregowiec Kiszczak...\n\nBrzmi OK! 👍🏼\n\n#UstawaDegradacyjna\n\nhttps://t.co/A5LFFoLMwj,0,116,5,szeregowiec jaruzelski \nszeregowiec kiszczak \n\nbrzmi 👍 🏼\n\n#ustawadegradacyjna\n\nhttps://t.co a5lffolmwj
@anonymized_account zgadza się.Już w pierwszych minutach ewidentny karny dla Lechii po ręce Borysiuka,0,101,13,zgadzać się.już pierwszy minuta ewidentny karny lechia ręka borysiuka
"@anonymized_account Nie wiem, ale w tej akcji zagrał mega.",0,58,9,wiedzieć akcja zagrać mega
"@anonymized_account Ja zawsze w takich sytuacjach mówię, że w szkole wtedy chorowałem 😀",0,87,13,sytuacja mówić szkoła choroweć być 😀
"@anonymized_account A co myślałeś, że na Puchar Polski w środku tygodnia przyjdzie 20 tys ?",0,91,15,myśleć być puchar polski środek tydzień przyjść 20
"@anonymized_account @anonymized_account Widzę, że Pan nadal w kolejce do psychiatry, bo nie widać śladów leczenia.",0,114,15,widzieć nadal kolejka psychiatra widać ślad leczenie
i nic mnie tak nie leczy jak ty,0,31,8,leczyć
@anonymized_account Ty aby nie zacząleś ćpać przez wydumane problemy?,0,69,9,zacząleś ćpać wydumać problem
RT @anonymized_account @anonymized_account Ręce precz od Polski szwabie,1,71,8,ręka precz Polska szwaba
@anonymized_account Tez jestem z września!!! Ja 20 😂,0,52,8,tez wrzesień 20 😂
@anonymized_account No to jak się przegrywa cały czas to lepiej przestać grać :),0,80,13,przegrywać czas dobrze przestać grać
@anonymized_account A ja widzę taki tytuł: Brudziński narkomanem!! Chwalił się że gotuje kompot. Żądamy dymisji ministra narkomana!!!,1,133,17,widzieć tytuł brudziński narkoman chwalić gotować kompot żądać dymisja minister narkomać
"@anonymized_account Nigdzie nie widzę jeszcze \""Zima zaskoczyła drogowców\"".",0,76,8,"nigdzie widzieć \""zima zaskoczyć drogowców\"
@anonymized_account @anonymized_account  a czy spalony przy bramce Nikolicia był to nie pokazali...,0,99,12,spalić bramka nikolicie pokazać
"@anonymized_account @anonymized_account Mam rozumieć, że to mapa nasycenia krajów zboczeńcami w sutannach.",1,106,12,rozumieć mapa nasycyć kraj zboczeńca sutanni
@anonymized_account Albo jak kto woli dno. I równia pochyła😁😁😁,0,62,9,woleć dno równie pochyć 😁 😁 😁
@anonymized_account @anonymized_account Modne ? A może po prostu mamy oczy i oglądamy każdy mecz Wisły ?,0,104,16,modny prosty oko oglądać mecz wisła
@anonymized_account rzeczywiście nazwisko Małeckiego było skandowane od niepamiętnych czasów.Ostatni raz tydzień temu...,0,120,12,rzeczywiście nazwisko małeckiy skandować niepamiętny czasów.ostatni tydzień
"Kibice Legii wyzywali sędziego Marciniaka, a tymczasem do spółki z asystentem zapewnił im trzy punkty #LEGLPO",0,109,16,kibic legia wyzywać sędzia Marciniak tymczasem spółka asystent zapewnić trzy punkt leglpo
"@anonymized_account W Twoim przypadku tępy jest i wpis, i autor.",0,64,10,przypadek tęp wpis autor
"Psychopaci słuchają \""Lose Yourself\"" Eminema. Tak właśnie myślałem 😎😛\nhttps://t.co/gR9sIaJPZy",1,95,9,"psychopaty słuchać \""losy yourself\ eminema myśleć być 😎 😛 \nhttps://t.co gr9siajpzy"
kasa rządzi światem i wpływy a przydzielenie Rosji organizacji mundialu to dobitny na to przykład ! #bezRetuszu,0,111,17,kasa rządzić świat wpływy przydzielenie rosja organizacja mundial dobitny przykład bezretusz
"@anonymized_account Synku gówno widziałeś i gówno wiesz. I nie.mow.o rozchwianie emocjonalnym, bo sam.jestes jak dziecko.",1,121,15,synek gówno widzieć być gówno wiedzieć nie.mow.o rozchwiać emocjonalny sam.jestes dziecko
@anonymized_account @anonymized_account HGW okazuje się być i jednym i drugim,0,77,10,hgw okazywać drugi
"Odklejenie mózgowe jak nic, jednostka chorobowa",1,47,6,odklejenie mózgowy jednostka chorobowy
"@anonymized_account @anonymized_account I co, mamy się kurwa cieszyć że nas podusicie? Banda debili.",1,100,13,kurwa cieszyć podusić banda debić
"@anonymized_account @anonymized_account @anonymized_account Na stronie UEFA nasz trzyliterowy skrót to JAG, a ich RIO",0,117,14,strona uefać trzyliterowy skrót jag rio
"@anonymized_account Nooooo taak 🤦🏼‍♀️ ja miałam 4,4 i w sumie teraz zamierzam mieć wyższa ale nie wiem jak mi to wyjdzie",0,120,21,"nooooo taak 🤦 🏼‍ ♀ ️ mieć być 4,4 suma zamierzać mieć wyższ wiedzieć wyjść"
"@anonymized_account Tego katolickiego podejścia w zakrystii albo na plebanii, czy na kolanach u katechety?",1,106,14,katolicki podejście zakrystia plebania kolano katecheta
"@anonymized_account Ktoś, gdzieś usłyszał, że dezinformacja to skuteczna broń.",0,78,9,usłyszeć dezinformacja skuteczny broń
@anonymized_account @anonymized_account Ale nie traktował ich poważnie i na treningach się z nich naśmiewał.,0,108,14,traktować poważnie trening naśmiewać
"moja mama zawsze mówiła „jedyny mężczyzna, który na ciebie zasługuje, to ten, który myśli, że nie zasługuje”",0,108,17,mama mówić jedyny mężczyzna zasługiwać myśleć zasługiwać
@anonymized_account @anonymized_account Wreszcie rozmawia jak równy z równym,0,76,8,wreszcie rozmawiać równy rówć
@anonymized_account @anonymized_account Szanuję za to że  @anonymized_account @anonymized_account porównuje cię  do @anonymized_account,0,135,12,szanować porównować
"@anonymized_account @anonymized_account @anonymized_account @anonymized_account Jeszcze użyj dwa razy \""towarzysze\"" i już wiadomo jaki będzie efekt.",0,149,15,"użyć raz \""towarzysze\ wiadomo efekt"
@anonymized_account Trochę starszy ale nie na tyle żeby hobbystycznie chodzić do muzeum XDDD,0,92,13,trochę stary tyle hobbystycznie chodzić muzeum xddd
@anonymized_account najgorszy trener w erze Cupiała.Całe szczęście że zarząd tak szybko się go pozbył.,0,102,14,najgorszy trener era cupiała.całe szczęście zarząd szybko pozbyć
"@anonymized_account @anonymized_account Tak myślałem, że nie będziesz miał nic do powiedzenia. Pozdrawiam.",0,106,12,myśleć być być powiedzieć pozdrawiać
Teraz wiemy skąd się wzięło ''Ni ma piniendzy'' Rostowskiego. #Woronicza17,0,74,10,wiedzieć wziąć ni piniendzy rostowskiy woronicza17
@anonymized_account @anonymized_account  @anonymized_account nikt nie mówi że będzie super.Ale po chuj mam płakać ? Nie mam 10 lat.Jak ktoś przyjdzie to będzie info,0,164,23,nikt mówić super.ale chuj płakać 10 lat.jak przyjść info
@anonymized_account Akurat połączenie śmieciarka i śmierć kojarzy mi się z drugą stroną błoń,0,92,13,akurat połączyć śmieciarek śmierć kojarzyć drugi strona błoń
@anonymized_account @anonymized_account Bo miałem na to ochotę ?,0,64,8,mieć być ochota
"Polacy powinni teraz zrozumieć, dlaczego tak ważne są Wybory Samorządowe. Od dołu należy wyczyścić Polskę z resztek komunizmu. #Woronicza17",0,139,19,Polak zrozumieć ważny wybory samorządowy dół należeć wyczyścić polska resztka komunizm woronicza17
@anonymized_account @anonymized_account @anonymized_account Ej ja mam brata! 😂,0,78,8,ej brat 😂
OLI MOJE SŁONECZKO KOCHAM  #TheVoiceOfPoland,0,44,5,ola słoneczko kochać thevoiceofpoland
Za godzinę będę w Bydzi,0,23,5,godzina bydzja
"@anonymized_account @anonymized_account Jak to tak, przecie wtedy Polski nie było",0,81,10,przecie Polska
RT @anonymized_account @anonymized_account Izba Dyscyplinarna ma za zadanie wydalić z sądów sędziów złodziei i łapowników! Chyba o tym powinnaś wiedzieć…,0,153,20,izba dyscyplinarny zadanie wydalić sąd sędzia złodziej łapownik chyba powinien być wiedzieć
"To Monte się za nim 4 lata ciągnęło, a dziś mistrz świata i MVP turnieju. Bartek Kurek 👏👏👏",0,90,18,monteeć 4 rok ciągnąć mistrz świat mvp turniej Bartek kurek 👏 👏 👏
"@anonymized_account Kwiat mlodzieży: \""zajebać Tuska ta kurwę Kopaczową i starę szmatę Gersdolf\""",1,97,12,"kwiat Mlodzieży \""zajebać tuska kurwa kopaczowy stara szmata gersdolf\"
@anonymized_account @anonymized_account Wolę jak człowiek się starzeje niż jak idiocieje.,0,89,10,wola człowiek starzać idiociej
"@anonymized_account @anonymized_account Nie dostały, ale ponoć to tylko kwestia uzupełnienia dokumentacji przy odwołaniu.",0,121,13,dostać ponoć kwestia uzupełnić dokumentacja odwołać
"@anonymized_account przy Sadloku strasznie Cie zmniejszyło, obcasy trza było ubrać ;-)",0,86,11,sadlok strasznie zmniejszyć obcasy trz ubrać
@anonymized_account Nawet Ty nie wystawiasz Kostala xD,0,54,7,wystawiać kostal xd
"@anonymized_account A jak napiszę na Pani domu \""debil\"" to się Pani nie obrazi i nie zadzwoni na Policję?",1,106,18,"napisieć dom \""debil\ obrazić zadzwonić policja"
100 zakazów marszów niepodległości na 100 lat Niepodległej!\n\nTak uczcijmy ten Wielki Jubileusz,0,96,12,100 zakaz marsz niepodległość 100 rok niepodległej!\n\ntak uczcijmy wielki jubileusz
"RT @anonymized_account @anonymized_account @anonymized_account Taki trochę gangster jesteś, widzę. Wieje grozą z każdego posta.",0,127,14,trochę gangstra być widzieć wiejeć groza każdy post
Więcej o tym meczu tutaj:\nhttps://t.co/a0HFdXqkST,0,50,5,mecz tutaj:\nhttps://t.co a0hfdxqkst
@anonymized_account @anonymized_account @anonymized_account Za co ty kasę bierzesz załgana kobieto? To twoja robota a nie opozycji.,1,131,16,kasa bierzesz załgać kobieto robota opozycja
@anonymized_account @anonymized_account Wzmocnienia ? Przecież nie mamy kasy. Tacy zawodnicy jak Kokoszka to nie wzmocnienia.,0,125,15,wzmocnić kasa taki zawodnik kokoszka wzmocnić
"@anonymized_account co chcesz zjebie, o co ci chodzi",1,52,8,chcieć zjebie chodzić
"zamiast Hyżego w The Voice mógłby być Dawid Podsiadło, to dopiero byłby hit\nPodsiadło i Szpak w jednym programie",0,113,18,zamiast hyży the voice móc by dawid podsiaść dopiero być by hit\npodsiadło szpak program
@anonymized_account Nie jest ok. Ale to nie ja piszę o dystansie i kompleksach.,0,79,13,piszę dystans kompleksa
"@anonymized_account @anonymized_account @anonymized_account Pis mial być inny, jesteś idiotą",1,92,9,pis mial być idiota
Jutro jestem umówiona z Adą,0,27,5,jutro umówiyć ad
"@anonymized_account @anonymized_account Tak jest! Niestety na tt trzeba mocno ciąć, bo się całość nie mieści ;/",0,111,16,niestety tt mocno ciąć całość mieścić
Jeszcze raz usłyszę se ktoś z mojego roku narzeka na plan bo wszystko mamy po południu to sibie chyba strzelę kulkę w łeb,0,121,23,usłysieć se mój narzekać plan południe sibie chyba strzelić kulka łeb
@anonymized_account No to żeś Pan się wysilił i błysnął intelektem😁😁😁😁. Równia pochyła!😁😁😁😁,0,91,12,żeś wysilić błysnąć intelektem 😁 😁 😁 😁 równie pochyć 😁 😁 😁 😁
"@anonymized_account @anonymized_account @anonymized_account @anonymized_account @anonymized_account Spokojnie, wszystko musi być podpisane, żebyśmy cokolwiek ogłaszali :)",0,170,14,spokojnie podpisać żeby być ogłaszać
@anonymized_account Za publiczne pieniądze taki syf,0,51,6,publiczny pieniądz syf
"@anonymized_account Na to wychodzi, nic nie skumała",0,51,7,wychodzić skumać
@anonymized_account Hehe słaby padolino na karnego jak by rękę mu zlamalo To może sędzia by się nabrał,0,102,17,hehe słaby padolino karny ręka zlamalo sędzia nabrać
Młody @anonymized_account dzisiaj się żeni. Najlepszego dla Młodej Pary👍🏻👍🏻🥂🥂,0,77,9,młody żeny dobry młody para 👍 🏻 👍 🏻 🥂 🥂
"@anonymized_account Zaraz poszukam jabłecznika, może tez będzie 😂",0,65,8,zaraz poszukać jabłecznik tez 😂
@anonymized_account @anonymized_account Najwyższa pora żeby ktoś podjął jasne i odważne decyzje egzekwując prawo.,0,113,13,najwyższa pora podjąć jasny odważny decyzja egzekwować prawo
@anonymized_account @anonymized_account poza tym Southampton z takim samym współczynnikiem jest rozstawiony w 4 rundzie :),0,122,15,southampton taki sam współczynnik rozstawiony 4 rund
"@anonymized_account Zjedz pączka, bo zaczynasz gwiazdorzyć.",0,59,6,zjedz pączek zaczynać gwiazdorzyć
"To teraz tylko brakuje, żeby Chorwacja tradycyjnie po super fazie grupowej dała ciała w pierwszym meczu fazy pucharowej.",0,120,18,brakować chorwacja tradycyjnie super faza grupowy dać ciało pierwszy mecz faza pucharowy
"@anonymized_account Wodospad chujni, prostacki populizm, reżimowe media, poczucie oblężenia, inwazja psychopolactwa",1,115,11,wodospad chujny prostacki populizm reżimowy media poczucie oblężenie inwazja psychopolactwo
@anonymized_account @anonymized_account @anonymized_account Tez musze trzymać poziomo tel czytając ten artykuł,0,110,11,tez musze trzymać poziomo czytać artykuł
"@anonymized_account Na pewno chodzi o uniwersalność, bo inaczej to by podpisali kontrakt z Llonchem, a nie Cywką.",0,113,17,pewno chodzić uniwersalność inaczej podpisać kontrakt llonch cywka
Odlejesz  się do studni sam to wypijesz,0,39,7,odlejesz studnia wypić
"Mała poprawka - gospodarze swój trening odbyli o 10:30 w ośrodku treningowym, a ich konferencja startuje za chwilę. Nasze będą wieczorem :)",0,139,22,mały poprawka gospodarz swój trening odbyć 10:30 ośrodek treningowy konferencja startować chwila wieczór
@anonymized_account @anonymized_account @anonymized_account Brawo grzechu za Twój powrót do żywych\n W Rosji pokaż swoją moc,0,124,15,brawo grzech powrót żywych\n rosja pokaż swój moc
@anonymized_account @anonymized_account Cały czas jesteś mała 😂,0,63,7,czas być mały 😂
@anonymized_account Cierzniak musiał roznosić ulotki albo ubierać choinke ? Chyba coś mi umknęło,0,96,13,cierzniak musieć roznosić ulotka ubierać choinke chyba umknąć
Krew mi leci z nosa nienawidzę życia,0,36,7,krew lecieć nos nienawidzę życie
"@anonymized_account I co z tego, że Białystok słyszy. Białystok się cieszy, że wybrał właściwego posła, który godnie ich reprezentuje.",0,134,19,białystok słyszeć białystok cieszyć wybrać właściwy poseł godnie reprezentować
@anonymized_account @anonymized_account Przysięgam że w tym avatarze widziałem @anonymized_account jak ściubi,0,109,11,przysięgać avatar widzieć być ściubić
"@anonymized_account Oczywiście, że może się z tego wybronić. Jak uzyska dobry wynik w Rosji. Dotyczy to wszystkich decyzji kadrowych 😁",0,134,20,oczywiście wybronić uzyski dobry wynik Rosja dotyczyć decyzja kadrowy 😁
I beznadziejnego Krychowiaka już nie powinno być na boisku.,0,59,9,beznadziejny krychowiak boisko
@anonymized_account @anonymized_account na środku Zdzisław Kapka ?,0,66,7,środek Zdzisław kapka
ja: *bierze rutinoscorbin*\nja: odporność na pełnej kurwie,0,58,7,brać rutinoscorbin*\nja odporność pełny kurwa
RT @anonymized_account Jaruzelski i Kiszczak już dawno powinni zostać zdegradowani aby nie mogli zostać pochowani na Powązkach z wojskowymi honora…,1,147,20,jaruzelski kiszczak dawno zostać zdegradować móc zostać pochować powązka wojskowy honor
RT @anonymized_account LUDZIE MAJĄ BÓL DUPY O NOTATKI JAKIEJŚ LASKI AJM????\nzostawcie ja w spokoju kurwa jesteście jacyś jebnieci wszyscy,0,138,19,człowiek ból dupa notatka jakiś laski ajm????\nzostawcie spokój kurwa jesteśt jacyś jebnieci
@anonymized_account Wisła szukała lewego obrońcy ? Ciekawe kiedy @anonymized_account @anonymized_account,0,104,10,wisła szukać lewy obrońca ciekawy
"J dał mi poprowadzić auto, pierwszy raz jeździłam po Bydgoszczy",0,63,10,j dać poprowadzić auto pierwszy jeździć być bydgoszcz
@anonymized_account @anonymized_account Jak to skąd? Bo jak ją zgodnie ze statutem PO wywalą to moze jako niezależna startować. Jak budyń w Gdansku😁😁,0,149,22,zgodnie statut wywala niezależna startować budyń gdansk 😁 😁
@anonymized_account przecież ten klub to AntyWisła więc czego Pan wymaga ?,0,74,11,klub antywisła co wymagać
@anonymized_account Nawet w takiej chwili chciałbyś mieszać w sport politykę. Debilu.,0,85,11,taki chwila chciałbyś mieszać sport polityka debilu
@anonymized_account Dotarlas do orełka?😁😁 W tym roku niestety tyłko jeden😞😞,0,75,10,dotarlasa orełek 😁 😁 niestety tyłko 😞 😞
RT @anonymized_account @anonymized_account Nareszcie coś zaczyna się dziać w kwestii rozliczenia Platformersów.,0,111,12,nareszcie zaczynać dziać kwestia rozliczić platformers
@anonymized_account Dwustu? To jakieś trzy średniej wielkości parafialne chóry,0,78,9,dwust jakiś trzy średni wielkość parafialny chóry
"@anonymized_account Też miktoś dzisiaj pisał, że się dodzwonił na pogotowie XDDD",0,80,11,miktoś pisać dodzwonić pogotowie xddd
@anonymized_account A co w tym fajnego ?,0,40,7,fajny
@anonymized_account Ale masz wenę od rana Matko😁😁,0,49,7,mieć wena rano matko 😁 😁
@anonymized_account @anonymized_account @anonymized_account przecież dał z siebie wszystko wg trenera,0,101,10,dać siebie według trener
@anonymized_account @anonymized_account Myślałem że to Twój ulubieniec 😂,0,72,8,myśleć być ulubieniec 😂
@anonymized_account Jego protoplasta był Dyzma. Nikodem Dyzma,0,61,7,protoplasta dyzma nikodem dyzma
Ewa Kochanowska w #BezRetuszu: Mundury polskich generałów wróciły ze #Smoleńsk bez orzełków i dystynkcji.,0,105,14,Ewa kochanowski bezretusz mundura polski generał wrócić smoleńska orzełk dystynkcja
"@anonymized_account Szczerze? Nie bardzo. Nie wydaje mi się, żeby sprawdzenie, czy mają te prawa, czy nie, wymagało wielu godzin.",0,129,19,szczerze wydawać sprawdzenie prawo wymagać godzina
@anonymized_account Gdzie pracujesz? Ps znowu oblałam xd,0,56,7,pracujesz ps oblać być xd
@anonymized_account @anonymized_account Mi przychodzi. Ale to ponoć tweet zamykający dyskusję...,0,96,10,przychodzić ponoć tweet zamykający dyskusja
"RT @anonymized_account @anonymized_account Tyle znaczysz facet. Nawet Polonia ma Cię w pompie glusiu 😂😂😂 Tłumy widzę, widzę tłumy! Parafrazując 😆",0,145,20,tyle znaczysz facet polonia pomp glusiu 😂 😂 😂 tłum widzieć widzieć tłum parafrazuć 😆
"@anonymized_account @anonymized_account @anonymized_account Widziałem ajatollahów w Zakopcu, są wszędzie. W końcu nie tylko te polskie mordy",0,140,16,widzieć być ajatollahów zakopc wszędzie koniec polski morda
"@anonymized_account Dokładnie tak, jak remis 3:3 w meczu z Hiszpanią fałszuje obraz Portugalii. Zobaczymy, co pokaże wieczorem.",0,127,17,dokładnie remis 3:3 mecz hiszpani fałszować obraz portugalia zobaczyć pokazać wieczór
@anonymized_account Wącha rękę i czuje że zaniedbał higienę,0,59,8,wąchać ręka czuć zaniedbać higiena
@anonymized_account @anonymized_account Idę pogadać z bufetową. Przynajmniej będzie inteligentnie.,0,98,9,iść pogadać bufetowa przynajmniej inteligentnie
"@anonymized_account Teraz powielam to co pisałem \"" spokojnie... \""",0,67,9,powielać pisać być spokojnie
@anonymized_account @anonymized_account @anonymized_account Zobacz jaki on ładny i jak dba o siebie 😂,0,101,13,zobaczyć ładny dbać siebie 😂
"@anonymized_account zwłaszcza prowadząc samochód: o jak fajnie, wszędzie pusto, jadę!!!",0,87,10,zwłaszcza prowadzić samochód fajnie wszędzie pusto jechać
@anonymized_account @anonymized_account -idę na matematykę dyskretną\n-to co wy tam robicie? Liczycie po cichu?\nTO JEST PRAWDZIWA ROZMOWA XD,0,141,17,-idę matematyka dyskretną\n robić liczycie cichu?\nto prawdziwy rozmowa xd
RT @anonymized_account @anonymized_account Wczoraj swoich Rodaków wyzywales od bolszewików a dzisiaj usilujesz być piękny i wspaniały. A jesteś pan zwykły…,0,155,20,wczoraj swój rodak wyzywales bolszewik usilować piękny wspaniały być zwykły
@anonymized_account @anonymized_account Poczekaj na czas bliżej wyborów. Jak proboszczowie dostaną wytyczne z centrali to się to szybko zmieni.,0,143,18,poczekać czas blisko wybory proboszcz dostać wytyczna centrala szybko zmienić
#Wypozyczeni Bytovia - Podbeskidzie 1:1.\nPrzemek Mystkowski grał 78 minut.,0,75,9,wypozyczić bytovia podbeskidzie 1:1.\nprzemek mystkowski grać 78 minuta
@anonymized_account ładne te koszulki ze sponsorem :),0,53,7,ładny koszulka sponsór
@anonymized_account No to taka to pożyje 😂😂😂😂,0,45,7,pożyć 😂 😂 😂 😂
@anonymized_account oprócz niej w składzie mają złodziejke.No widzisz da się zbudować skład ? Da się :),0,103,16,oprócz skład złodziejke.no widzieć dać zbudować skład dać
"@anonymized_account No ci \""eksperci\"" to przynajmniej wiedzą, z kim Anglia grała 😄",0,83,12,"\""eksperci\ przynajmniej wiedzieć kto anglia grać 😄"
@anonymized_account @anonymized_account Nie odzywaj się jak się Ciebie nikt o nich nie pyta.,0,92,13,odzywać nikt pytać
RT @anonymized_account Świętować uchwalenie Konstytucji 3 maja i łamać Konstytucję RP obecnie obowiązującą?!\n#3Maja - dzień hipokryzji.,0,136,16,świętować uchwalić konstytucja 3 maj łamać konstytucja rp obecnie obowiązującą?!\n#3maj dzień hipokryzja
"RT @anonymized_account Polacy oczekują, że prawo będzie równe dla wszystkich bez względu na to, czy sprawca to osoba znana czy nie...\n\nhttps://t.co/…",0,151,21,Polak oczekywać prawo równy wzgląd sprawca osoba znany \n\nhttps://t.co/
"@anonymized_account Dama?  Przypomniał mi się tekst z oprawy Widzewa bodajże \"" na szachownicy życia...  My walimy damy a wy bijecie konia \""",0,141,22,dama przypomnieć tekst oprawa widzewać bodajże szachownica życie walić dama bijeć koń
@anonymized_account Jest trzecim młodzieżowcem w PBB obecnie. To jest dramat.,0,77,10,trzeci młodzieżowiec pbb obecnie dramat
@anonymized_account @anonymized_account Oby nie spierdolil na północ,0,68,7,oby spierdolil północ
@anonymized_account Nie czytał bo cały czas oglądał ciemną stronę księżyca😁😁😁,0,77,10,czytać czas oglądać ciemny strona księżyc 😁 😁 😁
"@anonymized_account A tak, znam tę zasadę ;-)",0,45,7,znać zasada
@anonymized_account Male gesty świadczą o człowieku,0,51,6,mal gest świadczyć człowiek
Jak będziesz tak walczył to zostaniesz @anonymized_account roku w 2090 \nhttps://t.co/PQDsUHpCch,0,96,11,być walczyć zostanieć 2090 \nhttps://t.co pqdsuhpcch
"@anonymized_account Mega miłe. Fajnie, że się trafiają tacy ludzie! A Tata odważny 😉",0,84,13,mega miły fajnie trafiać taki człowiek tata odważny 😉
"Wkurwiony jestem na tel, jest za gruby, tak jak ja i robi gorsze zdjecia  w trybie auto niz s7",0,94,19,wkurwić gruby robić zły zdjecie tryb auto s7
@anonymized_account też go nie trawie :),0,40,6,trawa
"RT @anonymized_account @anonymized_account Znalazła pani już na siebie pomysł po wyborach ? Bo to ,że nie będzie już pani posłem to wiemy",1,137,22,znaleźć siebie pomysł wybory poseł wiedzieć
W kurwe jebany win10. Ssd 100% Jedyne co moge zrobic to myszka pomachać,0,71,13,kurwe jeban win10 ssd 100 jedyny mogea zrobic myszka pomachać
Mam straszną ochotę na sushi,0,28,5,straszny ochota sushi
@anonymized_account @anonymized_account @anonymized_account Hi hihi a co ty za baran jesteś?,1,92,11,hi hihi baran być
"Myślę nad urlopem w Gruzji. Które miejsce podpowiecie na \""bazę wypadową\""? I coś bym wcześniej poczytała, polecam się z tytułami 😀",0,131,21,"myśleć urlop gruzja miejsce podpowiecie \""baza wypadową\ wcześnie poczyteć polecać tytuł 😀"
"RT @anonymized_account Rozsypuje się narracja obozu \""dobrej zmiany\"". Uszczelnienie VAT to wcale nie zasługa Morawieckiego...\nhttps://t.co/3GcYi…",0,147,15,"rozsypywać narracja obóz \""dobry zmiany\ uszczelnieć vat wcale zasługać morawieckiy \nhttps://t.co/3gcyi"
@anonymized_account @anonymized_account Polacy katolicy są niezastąpieni w swojej wredności i załganiu.,1,103,11,Polak katolik niezastąpiony swój wredność załganie
@anonymized_account @anonymized_account dla mnie to głupie jest to że się zawsze dopierdalasz do frekwencji Wisły.Weź się chłopie zajmij własnym klubem.,0,152,20,głupia dopierdalać frekwencja wisły.wziąć chłopa zajmij własny klub
@anonymized_account @anonymized_account A ja bym powiedział że głupi i głupszy😁😁😁,0,81,10,powiedzieć głupi głupsz 😁 😁 😁
"Honor, godność, to jest obce dla pisdzielstwa miliardy kasy i dluga lata rządów a wy dalej gownem smierdzicie",1,109,18,honor godność obcy pisdzielstwo miliard kasa dlugi rok rząd daleko gown smierdzicie
"@anonymized_account @anonymized_account Na Białoruś blisko, albo na Ukrainę, polecam wyprowadzkę",0,96,10,białoruś blisko ukraina polecać wyprowadzka
"NIENAWIDZĘ LUSTER W HM BO TAK ZE WSZYSTKICH STRON SĄ ZNACZY WIEM, ŻE TAK NIBY DOBRZE ALE \nN I E",0,96,20,nienawidzić lustro hm strona znaczyć wiedzieć niby \nn e
@anonymized_account Hihihi hehehe ty zabawny śmieszku,0,53,6,hihihi hehehe zabawny śmieszek
"@anonymized_account Czyli koalicja KO i PSL ma 264 o 10 więcej. Rozumiem, że w tym zestawieniu wygraliście.",0,107,17,koalicja ko psl 264 10 rozumieć zestawienie wygraliście
"@anonymized_account Czyżby słowa \"" każdy to powie, niema cracovi... \"" zaczynały mieć swój prawdziwy wymiar?",0,109,15,czyżby słowo powiedzieć niemy cracovi zaczynać mieć swój prawdziwy wymiar
@anonymized_account @anonymized_account chyba kibice Realu są dumni że mają taką pizdeczke w składzie,0,101,13,chyba kibic real dumny taki pizdeczke skład
"@anonymized_account Trzeba zapytać @anonymized_account czy to jest grzech wybaczalny, czy jednak już nie.",0,105,13,zapytać grzech wybaczalny
@anonymized_account @anonymized_account @anonymized_account Na nowym stadionie West Hamu też to widziałem.,0,106,11,nowy stadion west ham widzieć być
@anonymized_account @anonymized_account @anonymized_account życzę Gatcie mistrza bo zasługują na to grając 2 sezony na wysokim poziomie.,0,136,16,życzyć gatcie mistrz zasługiwać grać 2 sezyć wysoki poziom
"@anonymized_account ja czuje, ze tutaj nie bedzie zadnej osobki z tych miast😒",0,77,12,czuć zadny osobka miasto 😒
@anonymized_account @anonymized_account Masz zupełną rację. Cały rząd i wierchuszki PiSu już dawno powinna siedzieć.,0,116,14,mieć zupełny racja rząd wierchuszek pis dawno siedzieć
@anonymized_account @anonymized_account no i co z tego że na rok ? Wolałbyś żeby bronił bramkarz 10 razy gorszy tylko dlatego że ma kilkuletni kontrakt ?,0,153,25,rok wolałbyś bronić bramkarz 10 raz gorsz kilkuletni kontrakt
"RT @anonymized_account @anonymized_account @anonymized_account czy to jeden z tych \""mieszkańców\"" których wozicie po całym kraju na różne spotkania PiSu???",0,156,19,"\""mieszkańców\a wozicie cały kraj różny spotkanie pis"
"@anonymized_account Jest, wyżej. W przeciwnym razie regularnie przegrywamy środek pola.",0,87,10,wysoko przeciwny regularnie przegrywać środek pole
@anonymized_account jest błąd bo niestety Bondar nie został wybrany najlepszym zawodnikiem ekstraklasy mimo że mu się to należało :),0,132,19,błąd niestety bondar wybrać dobry zawodnik ekstraklasa należeć
"@anonymized_account Jakie to przyziemne, przestań pisać bo wpadne w melancholię",0,79,10,przyziemny przestać pisać wpadny melancholia
@anonymized_account Czy to oknoplus ladowal kiedyś,0,50,6,oknoplusć ladowal kiedyś
Czerwona Sukienka - remastered 2018 wykonawcy Fisz Emade Tworzywo\nhttps://t.co/AANQPwN42d,0,90,9,czerwony sukienka remastered 2018 wykonawca fić emade tworzywo\nhttps://t.co aanqpwn42d
@anonymized_account @anonymized_account @anonymized_account Jak będę miał czas to mogę obliczyć :),0,98,11,czas móc obliczyć
@anonymized_account a co napisał? bo już niema posta :),0,55,9,napisać niemy posta
@anonymized_account Czuwam czy rewolucja się gdzieś nie tli.,0,60,8,czuwać rewolucja tlić
@anonymized_account były kupione przysmaki w ramach przekupstwa 😉,0,65,8,kupić przysmak ramy przekupstwo 😉
@anonymized_account @anonymized_account No to faktycznie koniec Jakiego. Jesli Sadurski  uporał się z kangurami i misiem koala😁😁😁,0,129,16,faktycznie koniec jaki sadurski uporać kangura mies koalaa 😁 😁 😁
@anonymized_account @anonymized_account @anonymized_account @anonymized_account @anonymized_account @anonymized_account @anonymized_account Na pewno jest tam już definitywnie.,0,175,13,pewno definitywnie
"@anonymized_account nie wiem, ale coś co przeszło ekspresową ewolucję. Najpierw chodziło na 4 nogach, potem na 3, i w końcu na dwóch.",0,133,22,wiedzieć przejść ekspresowy ewolucja najpierw chodzić 4 noga potem 3 koniec dwa
@anonymized_account Narazie sprawdziłam tylko Twittera i instagrama 😂😂,0,70,8,narazie sprawdzić być twitter instagram 😂 😂
@anonymized_account @anonymized_account @anonymized_account I znowu dwaj kretyni z TVP info,1,91,10,kretyny tvp info
"@anonymized_account @anonymized_account 2004 placa minimalna 890 zl, 2015 placa minimalna 2 tyś, ślepy jesteś",0,109,14,2004 placać minimalny 890 zl 2015 placać minimalny 2 tyś ślep być
@anonymized_account w jakim meczu Cywka grał na środku obrony ?,0,63,10,jaki mecz cywka grać środek obrona
"@anonymized_account 😎\nbtw dopiero teraz widzę, że to ma oczy i usta 😱",0,70,12,😎 \nbtw dopiero widzieć oko usta 😱
@anonymized_account Mogli sprzedawać psa z dywanem albo dywan z psem,0,68,10,móc sprzedawać pies dywan dywan pies
@anonymized_account @anonymized_account To nie jest dla nas rywal na chwilę obecną. Z Senegalem nie wolno było przegrać.,0,120,17,rywal chwila obecna senegal wolno przegrać
@anonymized_account przecież już w środę miałeś info że odchodzi @anonymized_account,0,84,10,środa mieć być info odchodzić
"RT @anonymized_account @anonymized_account Pierdzenie z rana Pani Kamilo, myślałem ze kobiety nie puszczają bąków, poparcia wam to nie przyniesie na…",1,149,20,pierdzeć rano kamilo myśleć być kobieta puszczać bąek poprzeć przynieść
"@anonymized_account @anonymized_account @anonymized_account to tak jak w ekstraklasie, niby Lech a jednak Amica",0,111,13,ekstraklasa niby Lech amica
@anonymized_account Pan Prezydent A. Duda. Glabie.,0,50,6,prezydent duda glaba
@anonymized_account Owoce w tym roku obrodziły. Więc nie będzie z tym problemu😁😁😁. Wszystkie dżemy dla Rafała!!😁😁😀,0,114,16,owoc obrodzić problem 😁 😁 😁 dżemy rafeć 😁 😁 😀
"@anonymized_account po dwóch dniach #samosięnaprawiło właśnie. Dziwoląg.\n\nCiekawe czy fakt, że włączyłam dźwięk, ma tu znaczenie... 🤔 Żartuję.",0,144,17,dwa dzień samosięnaprawić dziwoląg.\n\nciekawy fakt włączyć być dźwięk znaczenie 🤔 żartować
@anonymized_account co ty ćpasz chłopie ?,0,41,6,ćpać chłopa
@anonymized_account Myślałam ze to jakiś Klan czy coś 😂💁,0,56,9,myśleć być klan 😂 💁
@anonymized_account No bo jutro wyjeżdżam do siebie a on robi takie dobre jedzonko zawsze i ja tak nie umiem........,0,116,19,jutro wyjeżdżać siebie robić dobry jedzonko umieć
@anonymized_account @anonymized_account @anonymized_account @anonymized_account @anonymized_account a co ma piernik do wiatraka ?,0,129,12,piernik wiatrak
@anonymized_account @anonymized_account Jest obiektywnie. Liga rosyjska to troche inny świat w porównaniu do ESA.,0,113,14,obiektywnie liga rosyjski troche świat porównanie es
"@anonymized_account Oni niepracuja w ND, oni zarabiają 😉",0,56,8,niepracujać nd zarabiać 😉
Moja morda to takie spierdolenie ze zaraz rykne,0,47,8,morda spierdolenie zaraz rykny
"@anonymized_account To nie kwestia zmęczenia tylko tego, że francuscy mocni średniacy z dużym dystansem podchodzą do LE.",0,120,17,kwestia zmęczenie francuski mocni średniak duży dystans podchodzić leiądz
@anonymized_account a to racja jak ma tu męża to ją to dyskwalifikuje,0,69,12,racja mąż dyskwalifikować
Diego Maradona - Robbie Williams 2:1.,0,37,6,di maradoen robbie williams 2:1
@anonymized_account Tobie za te chujowe wpisy,1,45,6,chujowy wpis
"@anonymized_account @anonymized_account VAR nie powinien być nigdy, gdy jest kontrowersja.",0,90,10,var kontrowersja
"@anonymized_account tak szybko? Nieźle, co napisał?",0,51,6,szybko nieźle napisać
RT @anonymized_account Ej słuchajcie co zajebistego wymyśliłam \n\nJaki jest najlepszy argument bonnie z pamiętników wampirów? \n\nBo nnie,0,138,17,ej słuchajć zajebistego wymyślić być \n\njaka dobry argument bonno pamiętniek wampir \n\nbo nnie
@anonymized_account I tylko Chuck Norris potrafił ze spalonego strzelić bramkę ;-),0,82,11,chuck norris potrafić spalon strzelić bramka
"zapraszam na wesele jak wyspiański, wesoła szanta, koledzy @anonymized_account @anonymized_account tylko nie pierdol",1,116,13,zapraszać wesele wyspiański wesoły szant kolega pierdol
@anonymized_account @anonymized_account Nic nie zostało zwrócone. Ukradliście publiczne pieniądze i przekazaliście niewiadomo komu. Komornik was dostanie.,0,154,16,zostać zwrócić ukradliść publiczny pieniądz przekazaliście niewiadomo kto komornik dostać
@anonymized_account @anonymized_account chyba zaczne to ogladac mimo że nie znam włoskiego :D,0,93,12,chyba zaczny ogladac znać włoski d
"@anonymized_account @anonymized_account Ajesli ktoś spyta czemu tak myślę teraz to odpowiem \""Serbia\""",0,102,12,"ajesli spyć myśleć odpowiem \""serbia\"
@anonymized_account @anonymized_account @anonymized_account @anonymized_account @anonymized_account akurat słowa stabilność to przy R22 nie znają,0,145,13,akurat słowo stabilność r22 znać
Brawo WISŁA za walkę przy nieogarnietym sedziowaniu #JAGWIS,0,59,8,brawo wisnąć walka nieogarniety sedziowanie jagwis
"Jeszcze kilka takich błyskotliwych myśli, jak ta o astronomii i partia Pana Ministra Gowina zmieni nazwę na \""Nieporozumienie\"".",0,128,18,"błyskotliwy myśl astronomia partia minister gowin zmienić nazwa \""nieporozumienie\"
"@anonymized_account @anonymized_account Po zgrupowaniu w Turcji szanse jego i Arviego na wyjściowa jedenastkę były podobne, więc nie mogło być źle ;)",0,149,21,zgrupowanie turcja szansa arviy wyjściowy jedenastka podobny móc źle
@anonymized_account @anonymized_account Według mnie to fake wypucha na zdjęciu niejest miś chyba żeby się tak strasznie zmienił w ostatnim czasie,0,145,20,fake wypuchać zdjęcie niejestć miś chyba strasznie zmienić ostatni czas
@anonymized_account @anonymized_account Spadniemy !! Przecież nie ma Wolskiego !! Tak mówią dzieci na fb i tt a ja im wierze !:) 1 liga wita :),0,143,25,spadniemy wolskiy mówić dziecko fb tt wierz 1 liga witać
"@anonymized_account Spokojnie. Najlepszy z nich na razie idzie do Wigier na wypożyczenie i zobaczymy, jak sobie poradzi w I lidze.",0,130,20,spokojnie dobry iść wigier wypożyczeć zobaczyć poradzić liga
"Z całym szacunkiem zayn, ale wziąłbyś się za wydanie z2, a nie promowanie plecaków XD",0,85,15,cały szacunek zayn wziąłbyś wydać z2 promować plecak xd
@anonymized_account Skauci byli w niedzielę w Białymstoku.,0,58,7,skauta niedziela białymstoku
@anonymized_account Duda pójdzie z banerem o białej sile a Morawiecki z flagą ONRu. Błaszczak i Jojo po jednej racy w dupie.,1,124,21,duda pójść baner biały siła morawiecki flaga onru błaszczak jojo jeden racy dupa
"Dopiero teraz wpadło, jak sędzia Tarnowski oszukał Wigry i @anonymized_account w sobotę. Żenujące.\nhttps://t.co/mk4biuf8Fi",0,123,13,dopiero wpaść sędzia tarnowski oszukać wigra sobota żenujące.\nhttps://t.co mk4biuf8fi
Ok wiec idę  kupić dzisisj skakankę bo tamtą zepsułam,0,53,9,wiec iść kupić dzisisj skakanka tamtą zepsuć być
"@anonymized_account @anonymized_account Zapytaj się klechów, oni mają na sumieniu kilkadziesiąt milionów.",1,105,11,zapytać klech sumienie kilkadziesiąt milion
@anonymized_account Ruskie wystawią rachunek Łotwie i Estonii - 25mln ofiar smiertelnych wojna ojczyźniana,0,106,13,ruski wystawić rachunek łotwa estonia 25mln ofiara smiertelny wojna ojczyźniać
"@anonymized_account @anonymized_account Na szczęście wy nie musicie zbierać kasy, bo jak patrze na wasz młyn to byście nawet na bułkę nie uzbierali 😂",0,149,23,szczęście musieć zbierać kasa patrze młyn byśt bułka uzbierać 😂
@anonymized_account To po co tak było gadać?,0,44,7,gadać
RT @anonymized_account @anonymized_account Giertych: Zabierzcie ten kaftan. Nic mi nie dolega!,0,94,11,gierty zabierzcie kaftan dolegać
"Od paliwa też za PO, za pis weszło w życie, te szczury kłamią",1,61,13,paliwo pis wejść życie szczur kłamać
@anonymized_account Hehehehehe. Na mnie też. Ależ to byłby widok!!!😁😁😁😁,0,71,9,hehehehehe być by widok 😁 😁 😁 😁
Kto się jeszcze zaczepia na fejsie....,0,38,6,zaczepiać fejs
@anonymized_account A kiedy zostanie usunięty Ziemkiewicz?,0,58,6,zostać usunięty ziemkiewicz
"@anonymized_account masz racje, ja bym chyba nigdy nie ścięła i siebie w ogóle nie widze w takich włosach hahahahaha",0,116,19,mieć racja chyba ściąć siebie ogół widza włos hahahahahy
"To, że w Łodzi wygra Hanka było do przewidzenia, chociaż wynik 71% jest zaskoczeniem i to dużym,ale że Warszawa wybierze Trzaskowskiego!!",0,137,21,łódź wygrać hanka przewidzeć chociaż wynik 71 zaskoczenie duży warszawa wybrać trzaskowskiy
"Morawieckiemu coś nie idzie w Namysłowie. Teraz jako były prezes BZK WBK przedstawia się jaki ten, który zwalcza \""zachodnie korporacje\"".",0,138,20,"morawieckiy iść namysłowo prezes bzk wbk przedstawiać zwalczać \""zachodnie korporacje\"
@anonymized_account no to sorry bo hashtag wskazywał co innego :P,0,65,10,sorry hashtag wskazywać inny :p
X (with 2 Chainz \u0026amp; Saudi) wykonawcy ScHoolboy Q\nhttps://t.co/z1iNg8poR7,0,81,9,x with 2 chainz \u0026amp saudi wykonawca schoolboy q\nhttps://t.co z1ing8por7
@anonymized_account @anonymized_account Po pierwszym meczu z Górnikiem. Później usunął wpis. Na instastory też coś było.,0,120,15,pierwszy mecz górnik późno usunąć wpis instastor
"@anonymized_account To koledzy z politechniki, nie filozofii 😎",0,62,8,kolega politechnika filozofia 😎
"Herkt narzeka, że muszą grać dzień po dniu po bardzo wyczerpującym sezonie hehe #tblk",0,85,14,herkt narzeka musieć grać dzień dzień wyczerpować sezon hehe tblk
@anonymized_account @anonymized_account @anonymized_account @anonymized_account @anonymized_account Czyli z finału 27 czerwca można się czegoś spodziewać? ;),0,157,15,finał 27 czerwiec coś spodziewać
@anonymized_account @anonymized_account Oglądałem i w pełni się zgadzam.,0,72,8,oglądać być pełnia zgadzać
"@anonymized_account @anonymized_account WC - dobry skrót, prawidłowo się kojarzy.",0,81,9,wc dobry skrót prawidłowo kojarzyć
@anonymized_account @anonymized_account @anonymized_account @anonymized_account I tak ma być Tylko WISŁA :-),0,108,11,wisła
"@anonymized_account Tak, ale dopiero na lotnisku spisywalem :)",0,62,8,dopiero lotnisko spisywal
@anonymized_account Jego ostatnie 5 minut to chyba 10 strat.,0,60,9,ostatni 5 minuta chyba 10 strata
@anonymized_account @anonymized_account W tym sezonie ostatnim byliście? Bo tylko to było oceniane,0,98,12,sezon ostatni być być oceniać
"@anonymized_account Przecierz to 99% frajerów którzy kiedyś legii nienawidzili a teraz straszni legioniści( pazdan,hamalainen,k.maczynski itp itd)",0,146,16,przecierz 99 frajer kiedyś legia nienawidzić straszny legionista pazdan hamalainen K.maczynski i tym podobne i tak dalej
@anonymized_account @anonymized_account nie ma za co :) choc przez chwile myslalem ze to pstryczek że Wisły już nie ma a z tym mi nie do śmiechu ;),0,147,27,choc chwila myslal pstryczka wisła śmiech
@anonymized_account Z ziemi się zbierał po pojedynku powietrznym.,0,65,8,ziemia zbierać pojedynek powietrzny
@anonymized_account Wciąż przemyka Nowym Światem wartkim krokiem szpiega z krainy deszczowców.,0,94,11,wciąż przemykać nowy świat wartki krok szpiegać kraina deszczowca
Moja bratanica dostała trzy uwagi  w ciągu miesiaca jedna za to ze rzuciła w jakiegoś chłopaka mamdarynką XD,0,108,18,bratanica dostać trzy uwaga ciąg miesiaca rzucić jakiś chłopak mamdarynka xd
@anonymized_account A ty jakim jesteś dziadygą pajacu?,1,54,7,jaki być dziadygą pajac
"#Woronicza17  Pan Grabiec na TT poinformował że PIS zabrania \"" zakupów w Niedziele\"" czysta manipulacja rzecznika PO",0,117,17,woronicza17 grabiec tt poinformować pis zabraniać zakup niedziele\ czysty manipulacja rzecznik
"@anonymized_account wiem, ale następnym razem mi powiedz wychodząc, że idziesz do TV to Ci go obleje niechcący kawą czy coś.",1,124,20,wiedzieć następny raz powiedzieć wychodzić idziesz tv oblej niechcący kawa
Remeber when pisałam jakaś ofertę na stronę uczelni i profesor sprawdzający wykreślił w mojej pracy wszystkie feminatywy 😳,0,122,18,remeber when piseć być oferta strona uczelnia profesor sprawdzający wykreślić mój praca feminatywa 😳
"@anonymized_account Zależy, co uznajemy za decydujące - pchnięcie (czerwień) czy podstawienie nogi przy dość nieudolnej próbie zagrania piłki (żółta).",0,150,19,zależeć uznać decydujący pchnięcie czerwienie podstawieć noga nieudolny próba zagrać piłka żółta
@anonymized_account Cała 4 kwarta słaba a ten rzut ostatni to tylko szczęście nam niesprzyjalo.,0,95,14,4 kwart słaby rzut ostatni szczęście niesprzyjalo
"@anonymized_account jestem na diecie 5000 kcal, jem raz na m-c",0,62,10,dieta 5000 kcal jem m c
"@anonymized_account Nie ucztowoć przy jednym stole z władzą, ty nie dziennikarzu, czerwona zarazo",1,97,13,ucztowoć stół władza dziennikarz czerwony zarazo
"@anonymized_account Coś w tym jest,bo ja też😁😁😁. I jeszcze bym dodał Dominisię W. której infantylizm mnie totalnie osłabia.",0,123,18,😁 😁 😁 dodać dominisię infantylizm totalnie osłabiać
"@anonymized_account Bo wszyscy tam wiedzą, że tylko tak mogą zniwelować różnicę w umiejętnościach i to staje się faktem.",0,120,18,wiedzieć zniwelować różnica umiejętności stawać fakt
ale sobie zrobię zajebiste cv tylko fajnego zdjęcia mi brakuje ale z moją fotogenicznością to XD,0,96,16,zrobić zajebisty cv fajny zdjęcie brakować mój fotogeniczność xd
@anonymized_account Ale to wciąż bardziej siła niż technika.,0,60,8,wciąż siła technik
@anonymized_account Kwestia przyzwyczajenia. Cały dzień w nich przechodziłam bezboleśnie.,0,89,9,kwestia przyzwyczajenie dzień przechodzić być bezboleśnie
@anonymized_account @anonymized_account @anonymized_account Pani ma donośny głos bo jak się ma pusty łeb to dźwięk mocniej rezonuje. To wszystko.,1,145,19,donośny głos pusty łeb dźwięk mocno rezonować
@anonymized_account Dziennie potrafię wykręcić nawet 350 złotych z datków.,0,74,9,dziennie potrafić wykręcić 350 złoty datk
@anonymized_account @anonymized_account @anonymized_account @anonymized_account Jeszcze był jakiś z clj :) chyba Urbański się nazywał,0,133,14,clj chyba urbański nazywać
"@anonymized_account Będziesz wiedział przed meczem, czy to jeszcze możliwe. Japonia z Senegalem grają przed nami.",0,113,15,być wiedzieć mecz japonia senegal grać
"@anonymized_account Na soku jabłkowym nie z własnego ogrodu, nie bezpośrednio wyciskanym i pasteryzowanym",0,105,13,sok jabłkowy własny ogród bezpośrednio wyciskany pasteryzowany
@anonymized_account Aborygeni też chcą wiedzieć. Poszła delegacja do Sadurskiego.,0,81,9,aborygeń chcieć wiedzieć pójść delegacja sadurskiy
@anonymized_account Nie mam tak czuje się oszukana,0,50,7,czuć oszukać
"@anonymized_account zjeby mówią że nie chodziło fizycznie o gotówkę, kurwa zero godności",1,88,12,zjeby mówić chodzić fizycznie gotówka kurwa zero godność
@anonymized_account @anonymized_account @anonymized_account Myślisz że przed meczem z Zagłębiem trenowali to co mają grać z Łęczną ?,0,132,17,myśleć mecz zagłębie trenować grać łęczna
Lepiej mieć ograniczenie cywilizacyjne niż umysłowe.,0,52,6,dobrze mieć ograniczenie cywilizacyjny umysłowy
"@anonymized_account @anonymized_account @anonymized_account Wybierz opcję \""cyklicznie\"" w pakiecie Ipla Sport.",0,111,10,"wybierz opcja \""cyklicznie\ pakiet iply sport"
@anonymized_account @anonymized_account @anonymized_account @anonymized_account @anonymized_account Kolejny fajny dzień dla opierdalaczy finansowanych przez PiS.,0,161,13,kolejny fajny dzień opierdalacz finansować pis
@anonymized_account @anonymized_account @anonymized_account @anonymized_account @anonymized_account to ile drużyna musi strzelić bramek żeby mogła narzekać na sędziego ?,0,169,17,drużyna strzelić bramka móc narzekać sędzia
"@anonymized_account ej, nie chcesz follow4follow? xd",0,52,6,ej chcieć follow4follow xd
"@anonymized_account Zostaje! Zapomniałam, że chciałam ją przeczytać. @anonymized_account mi polecił.",0,100,10,zostawać zapomniać być chcieć być przeczytać polecić
@anonymized_account My wtedy byliśmy na 11. miejscu... :P,0,57,8,być być 11 miejsce :p
@anonymized_account Do burdelu za swoje pieniądze,0,49,6,burdel pieniądz
@anonymized_account @anonymized_account A kiedy ujawni nagrody rozdawane w kancelarii Dudy?,0,91,10,ujawnić nagroda rozdawać kancelaria duda
"@anonymized_account @anonymized_account W Polsacie cos wygrywali, siatkówka w TVP to na razie pod znakiem spapranych IO co cztery lata :)",0,137,20,polsać wygrywać siatkówka tvp znak spaprany io cztery rok
W niemieckich spółkach publ. jest więcej dyrektorów generalnych o imieniu Thomas (7) niż kobiet (3). 93% członków zarządów to mężczyźni.,0,136,20,niemiecki spółka publ dyrektor generalny imienie thomas 7 kobieta 3 93 członek zarząd mężczyzna
"RT @anonymized_account @anonymized_account widocznie pani sędzia dziecinnieje, bo zachowuje się jak przedszkolak który chce robić na złość",0,138,17,widocznie sędzia dziecinnieć zachowywać przedszkolak robić złość
@anonymized_account tak będę miał pretensje do zawodniczki że wybrała lepszy klub i pieniądze biorąc pod uwage że to zapewne ostatni taki kontrakt,0,146,22,pretensja zawodniczka wybrać dobry klub pieniądz brać uwage ostatni kontrakt
"U mnie Eden, zero problemów",0,27,5,eden zero problem
@anonymized_account @anonymized_account Myslisz  że wystartuje z PO?😁😁,0,70,7,myslić wystartować 😁 😁
@anonymized_account Avatar jak z Peaky Blinders,0,47,6,avatar peaky blinders
@anonymized_account A ksiądz co bierze 12 tyś za spowiedź przez tel?,0,68,11,ksiądz brać 12 tyś spowiedź
@anonymized_account Probierz cwelu skończyłeś w burdelu!!,1,57,6,probierz cwel skończyć być burdel
@anonymized_account @anonymized_account Zaraz będą czytane pozdrowienia z Twittera.,0,83,8,zaraz czytać pozdrowienie twitter
Ktoś z trójki HJK Helsinki - Olimpija Lublana - Spartak Trnawa będzie w fazie grupowej Ligi Europy.,0,99,17,trójka Hjk helsinka olimpijać lublać spartak trnawo faza grupowy liga Europa
@anonymized_account skoro krytykujecie frekwencje to spójrzcie na inne kluby i zwróćcie też uwage w jakie dni grają a potem się czepiajcie,0,138,21,skoro krytykujecie frekwencja spójrzcie klub zwróćć uwage dzień grać potem czepiajcie
jak Patryk Jaki wygra wybory w Warszawie oczyści stolicę z byłych UBECKICH funkcjonariuszy ! #woronicza17,1,105,15,patryk wygrać wybory Warszawa oczyść stolica były ubecki funkcjonariusz woronicza17
@anonymized_account @anonymized_account Wlegi 3 Polaków na boisku nieliczac zawodników -od lat,0,94,11,wlegi 3 polak boisko nieliczac zawodnik -od rok
"Rozmowy na poczcie:\n- U mnie, przez ten remont, to istny Agramedon.\n- Amragedon chyba.\n- A tak.",0,98,15,rozmowa poczcie:\n remont istny agramedon.\n amragedon chyba.\n
"@anonymized_account Konferencje prasowe na mundialu - \""co Pan zrobi z Balem i Benzemą?\",0,88,13,"konferencja prasowy mundial \""co zrobić bal benzemą?\"
@anonymized_account @anonymized_account Podobny do waldusia kiepskiego ;-),0,74,7,podobny waldusio kiepski
@anonymized_account Pazdan celowa czerwona teraz na spokojnie może się przygotowywać do euro 2020,0,97,13,pazdan celowy czerwony spokojnie przygotowywać euro 2020
#NAME?,0,6,1,nam
"@anonymized_account Szanujmy się tam ani niebylo zaladku do podyktowania karnego, Jaga to nie legia by o nic mieć pretensje do sędziego",0,135,21,szanuć niebylo zaladek podyktowanie karny Jaga legia mieć pretensja sędzia
@anonymized_account @anonymized_account to super kreatywny by mieli środek pomocy gdyby te transfery się udały :),0,113,15,super kreatywny mieć środek pomoc transfer udać
RT @anonymized_account Ważne! W piątek kolejny warszawski radny PO przechodzi do PiS w proteście przeciwko aferze reprywatyzacyjnej. \n#Jaki2018,0,144,18,ważny piątek kolejny warszawski radny przechodzić pis protest przeciwko afera reprywatyzacyjny \n#jaki2018
@anonymized_account wróciłaś i zwycięstwo :) przypadek ? 💪,0,58,8,wróciłaś zwycięstwo przypadek 💪
@anonymized_account zagraniczne mogą być nie doinformowane a jeśli chodzi o polskie zawodniczki to na pewno się takie znajdą co tylko kasa ważna,0,144,22,zagraniczny doinformować chodzić polski zawodniczek pewno znajść kasa ważny
@anonymized_account @anonymized_account Czemu usunęliście ten zabawny artykuł ?,0,79,8,usunęć być zabawny artykuł
"RT @anonymized_account Biatlonistka Małgorzata Ruchała: \""Na pewno po ślubie nie będę nosiła podwójnego nazwiska, bo mój narzeczony nazywa się Pi…",0,146,20,"biatlonistka Małgorzata ruchać \""na pewno śluba nosić podwójny nazwisko narzeczony nazywać pi"
@anonymized_account @anonymized_account @anonymized_account a ja mam ciepełko jak się przytule do swoich kotów :),0,113,14,ciepełko przytula swój kot
RT @anonymized_account Szłapka opluwa marszałka Karczewskiego.Bezczelność tego młokosa przekracza  wszelkie granice.,0,116,11,szłapka opluwać marszałek karczewskiego.bezczelność młokos przekraczać wszelki granica
"@anonymized_account @anonymized_account Nic nie wspominacie o Pazinie, dla mnie bardzo duży plus. Każda scena z nią ciekawiła",0,125,17,wspominacie pazina duży plus każdy scena ciekawić
@anonymized_account @anonymized_account Jak będziesz chciał fotke czegoś z nowego FMa to daj znać :),0,100,14,być chcieć fotke coś nowy fma dać znać
"@anonymized_account @anonymized_account Ty tępa kobieto, uważaj na ilość kislu.",1,79,9,tępać kobieto uważać ilość kisl
"@anonymized_account Hehe, do gazu, hehe jeszcze jakieś emotikony wrzuć",1,70,9,hehe gaz hehe jakiś emotikony wrzuć
@anonymized_account @anonymized_account @anonymized_account @anonymized_account 12 mld nie mam zamiaru dyskutowa możejki i skoki,0,128,13,12 miliard zamiar dyskutowy możejka skok
@anonymized_account Pomyliło mu się ze średnią frekwencją na młynie w tym sezonie 😂,0,83,13,pomylić średnia frekwencja młynie sezon 😂
"RT @anonymized_account Dobrze, że są ujawniane te afery, tylko może w końcu ktoś odpowie za te rujnowanie państwa Polskiego za rządów PO-PSL #woro…",0,147,23,ujawniać afer koniec odpowiedzieć rujnować państwo polski rząd psl woro
@anonymized_account @anonymized_account @anonymized_account Musiałeś tych ozdrowieńczych klapsów sporo zebrać skoro tak bredzisz.,0,129,12,musiałeś ozdrowieńczy klaps sporo zebrać skoro bredzić
@anonymized_account @anonymized_account dziwie się że po tak słabym sezonie ceny nie spadły chociażby o 5 zł,0,108,16,dziwiedzieć słaby sezon cena spaść chociażby 5 złoty
"Co teraz zrobi szalona ekipa endeków @anonymized_account @anonymized_account i reszta @anonymized_account to scierwa, zdrajcy, szubienica, bereza?",1,146,16,zrobić szalony ekipa endek reszta scierw zdrajca szubienica bereza
"Wszystko co maszeruje równo, jest równo ubrane i ma rasistowskie hasła won",0,74,12,maszerywać równo równo ubrać rasistowski hasło won
"@anonymized_account @anonymized_account @anonymized_account @anonymized_account Pewnie na skrzydło, bo się dobrze kiwa.",0,119,11,pewnie skrzydło kiwy
@anonymized_account dziwie się że dopiero teraz,0,47,6,dziwie dopiero
"16 X 1978 \n- Kard. Karol Wojtyła zostaje wybrany papieżem #JPII\n- Wanda Rutkiewicz, jako pierwsza Europejka, zdobywa najwyższy szczyt ziemi",0,141,20,16 x 1978 \n kard Karol wojtyć zostawać wybrać papież jpii\n wanda rutkiewicz pierwszy europejka zdobywać najwyższy szczyt ziemia
"RT @anonymized_account Najbardziej podłe i wstrętne przemówienie PAD, jakie słyszałem!\nTeraz, u św. Brygidy.",0,109,13,bardzo podłe wstrętny przemówieć pada słyszałem!\nteraz święty brygida
@anonymized_account ciągle tylko Kałużny i Kałużny,0,50,6,ciągle kałużny kałużny
@anonymized_account I to do ntej potęgi!😁😁,0,42,6,nty potęga 😁 😁
@anonymized_account @anonymized_account I dlatego zabroniliście wejścia masażysty i fizjoterapeuty do strajkujących w sejmie,0,124,13,zabroniliść wejście masażysta fizjoterapeut strajkujących sejm
@anonymized_account @anonymized_account Może @anonymized_account zna i mnie zapozna,0,83,8,znać zapozny
"@anonymized_account Nie widzę oświadczenia o kwestionowaniu oferty Stecherta prze TF, za to widzę że usunęliście waszą informacje na ten temat.",0,143,20,widzieć oświadczenie kwestionować oferta stecherta pra tf widzieć usunęliście wasz informacja temat
Craxa dziwko derby blisko.....  Z GARBARNIA,0,43,6,craxa dziwko derby blisko garbarć
@anonymized_account współczuje rodzinie i znajomym tych trzech dziewczyn bo takie zachowania świadczą o tym jakim się jest człowiekiem,0,134,18,współczować rodzina znajomy trzy dziewczyna zachowanie świadczyć jaki człowiek
No i brawo panowie siatkarze. Kto by się spodziewał po Argentynie i Francji...,0,78,13,brawo pan siatkara spodziewać argentyna francja
"Wow, wow, wow! Wielki szacun, @anonymized_account i @anonymized_account 👏👏👏",0,75,9,wow wow wow wielki szacun 👏 👏 👏
@anonymized_account @anonymized_account @anonymized_account W MW są sami mistrzowie intelektu.,0,94,9,mw sam mistrz intelekt
@anonymized_account Reklamy szamponu na TT jeszcze nie widziałem xD,0,67,9,reklama szampon tt widzieć być xd
@anonymized_account @anonymized_account W jakimś artykule było że GD chce ją zatrzymać w Polkowicach 😂,0,102,14,jakiś artykuł gd zatrzymać polkowiec 😂
@anonymized_account W 15. minucie doleciał z Sewilli.,0,53,7,15 minuta doleciać sewilla
@anonymized_account oczywiście że mniej.Tylko pytanie czy porównujecie się do Wisły czy do europejskich drużyn jak wasz prezes napisał ?,0,136,19,oczywiście mniej.tylko pytanie porównujecie wisła europejski drużyna prezes napisać
"@anonymized_account Hejka, hejka, sejonarka w czwartek o 11 juz do domku",0,72,11,hejka hejka sejonarka czwartek 11 domek
@anonymized_account Teraz to ta kartka rzeczywiście wygląda kuriozalnie.,0,72,8,kartka rzeczywiście wyglądać kuriozalnie
@anonymized_account @anonymized_account Akurat telenowele lubią ciągnąć się w nieskończoność :),0,95,10,akurat telenowele lubić ciągnąć nieskończoność
@anonymized_account Właziłeś panu Kaczyńskiemu w dupę jak byłeś w koalicji !! Falszywcu.,1,88,12,włazić być pan kaczyńskiy dupa być być koalicja falszywc
@anonymized_account brawo za walke 💪 ale trzeba się wziąć w garść bo to trochę inaczej powinno wyglądać :),0,106,18,brawo walke 💪 wziąć garść trochę inaczej wyglądać
Mówi że stare rapsy są całkiem niezle,0,37,7,mówić stary rapsy całkiem niezle
@anonymized_account @anonymized_account a to już wiemy czemu tak lansujesz tego Majeckiego,0,90,11,wiedzieć lansujeć majeckiy
Czemu jakieś randomowe osoby zapraszają mnie do znajomych na fejsie.... przecież ja ich w życiu na oczy nie widziałam,0,117,19,jakiś randomowy osoba zapraszać znajomy fejs życie oko widzieć być
w ogóle jak kupiłam torebkę to nagle znalazłam plecak taki idealny ;),0,69,12,ogół kupiłam torebka nagle znalazłam plecak idealny
@anonymized_account a ja mam prawo zwrócić uwage że to nie tylko o osiągnięcia chodzi bo wtedy np Sebastian Kawa powinien co roku być na podium,0,143,25,prawo zwrócić uwage osiągnięcie chodzić na przykład sebastiana kawa podium
"@anonymized_account @anonymized_account @anonymized_account Kwestia jak będziecie żerować, żebrać, trochę wiary we własne umiejętności. Coś wam rzuci",0,149,16,kwestia być żerować żebrać trochę wiara własny umiejętność rzucić
na kijowe życie najlepsza wódeczka,0,34,5,kijowy życie najlepsza wódeczek
@anonymized_account @anonymized_account Brak argumentów do rzeczowej dyskusji?,0,78,7,brak argument rzeczowy dyskusja
@anonymized_account Po kropce musi być spacja ;-),0,49,7,kropka spacja
#dividetourwarsaw i need to know CO Z AKCJA KTÓRA WŁAŚNIE POWINNA IŚĆ NAM ZAJEBISCIE,0,84,14,dividetourwarsaw need know akcja iść zajebisć
"@anonymized_account No gdzie, wszystko zależało od Lecha w ostatniej kolejce :D",0,79,11,zależeć lecha ostatni kolejka d
RT @anonymized_account #dividetourwarsaw i need to know CO Z AKCJA KTÓRA WŁAŚNIE POWINNA IŚĆ NAM ZAJEBISCIE,0,107,16,dividetourwarsaw need know akcja iść zajebisć
"@anonymized_account @anonymized_account @anonymized_account Na 100%, baca kłaniał się w pas i ogólnie wśród turystów pełna akceptacja",0,133,16,100 baca kłaniać pas ogólnie turysta pełny akceptacja
"@anonymized_account @anonymized_account @anonymized_account \""Jak Kazek Węgrzyn krzyczał w Krakowie \""Wyjazd!\"" to pociągi z dworca głównego ruszały\""",0,150,16,"\""jak kazek węgrzyn krzyczeć krakowie \""wyjazd!\ pociąg dworzec główny ruszały\"
@anonymized_account @anonymized_account A co on mu tam robi przy rozporku? To napewno figura z brązu?,1,101,15,robić rozporek napewno figura brąz
"RT @anonymized_account \""Polska to kraj z dykty i paździerza z postsowieckim społeczeństwem mającym demokrację za fanaberie zachodnich elit\"" made…",0,147,19,"\""polski kraj dykta paździerz postsowiecki społeczeństwo mającym demokracja fanaberia zachodni elit\ made"
"@anonymized_account To nie ksiezyc, to cud! 🙈",0,45,7,ksiezyc cud 🙈
@anonymized_account Mało tego! jeszcze potrafią grozić.!(prof.Centkiewiczowi). A co na to odpowiednie służby?,0,109,12,potrafić grozić.!(prof.centkiewicz odpowiedni służba
@anonymized_account Anka o 3 za mało,0,36,6,anka 3
"@anonymized_account @anonymized_account @anonymized_account Jeden biega wokół trzech Kolumbijczyków, a trzech patrzy. Cudowne.",0,126,12,biegać wokół trzy kolumbijczyk trzy patrzeć cudowny
@anonymized_account Oczywiście porażka będzie równoważna z celem ze pierwsza ósemka to sukces,0,93,12,oczywiście porażka równoważny cel pierwszy ósemka sukces
"@anonymized_account @anonymized_account A właśnie, że jest! 😂",0,61,7,😂
RT @anonymized_account zayn malik aka najselsowniejszy palacz na tej ziemi; a thread,0,84,12,zaynć malik aka najselsowniejszy palacz ziemia thread
@anonymized_account przyznaje racje.Nudny jak pański tygodnik.,0,62,6,przyznawać racje.nudny pański tygodnik
"Szukam osób, które mają kontakt z rodziną gen. Bułak-Bałachowicza. Sprawa  prywatna.",0,84,11,szukać osoba kontakt rodzina generał bułak bałachowiczać sprawa prywatny
@anonymized_account to ty powinienes zdjąć rózowe okulary skoro chcesz tu Stilicia,0,82,11,powinienes zdjąć rózowy okulary skoro chcieć stilicie
@anonymized_account Skacząc na tej skakance szybciej się chudnie.,0,65,8,skaczyć skakanka szybko chudnąć
RT @anonymized_account @anonymized_account Won niemcu. Sprzedawaliscie wszystko jak leciało a teraz wielcy patrioci. Won!,1,121,14,won niemcu sprzedawaliscie leciać wielcy patrioci won
@anonymized_account ja sie bardziej dziwilem niskiej frekwencji na futsalu.To też był niszowy sport ale przynajmniej podobny do piłki nożnej :),0,143,20,dziwil niski frekwencja futsalu.to niszowy sport przynajmniej podobny piłka nożny
Żeby było jasne - ten mundial został przegrany pięć dni temu z Senegalem.,0,73,13,jasny Mundial przegrać pięć dzień senegal
@anonymized_account oby ktoś z Siedlec 🙏,0,40,6,oby siedlec 🙏
@anonymized_account @anonymized_account @anonymized_account A czemu nie o 5 mln ?,0,81,10,5 milion
@anonymized_account Pracownia radiowa jest z dziennikarzem który pracuje na etacie wiec musimy mieć w takich godzinach,0,118,16,pracownia radiowy dziennikarz pracować etat wiec musieć mieć godzina
@anonymized_account głównie dlatego zmieniłem sektor bo te dziadki potrafią obrzydzić mecz i wkurwić @anonymized_account @anonymized_account,0,140,15,głównie zmienić być sektor dziadka potrafić obrzydzić mecz wkurwić
@anonymized_account Może też być kołderka 😍,0,43,6,kołderek 😍
"Dobra siostry, w was jest sila",0,30,6,dobry siostra sila
@anonymized_account @anonymized_account @anonymized_account Traktuj sobie jak chcesz. Mam to gdzieś. Wyraziłem się jasno.,0,121,13,traktować chcieć wyrazić być jasno
"RT @anonymized_account jestem nowa i szukam aktywnych mutualsików🥰\nnie mam żadnych wymagań,chciałabym poznać miłe osóbki\nrt+follow-\u0026gt; fback\n#lis…",0,155,15,nowy szukać aktywny mutualsik 🥰 \nnie wymaganie chcieć by być poznać miły osóbki\nrt+follow \u0026gt fback\n#lis
RT @anonymized_account mam ochotę zostać w łóżku na zawsze kurwa,0,64,10,ochota zostać łóżko kurwa
@anonymized_account Tak jak komendanci mikicji  od Stachowiaka?,0,63,7,komendant mikicja stachowiak
Zaczęłam oglądać film i mówię: o fajny nawet a tu bum reklama,0,61,12,zaczęć być oglądać film mówić fajny bum reklama
@anonymized_account @anonymized_account @anonymized_account a ja nie wierze że piszesz teksty że Cupiał o wszystkim decyduje a później wynika co innego,0,151,20,wiara piszieć tekst cupiać decydować późno wynikać inny
Mój brat z żona i córkami mieli takie super kostiumy na halloween awwwwww,0,73,13,brat żona córk mieć super kostium halloween awwwwww
@anonymized_account Zgadza się ale my takich sytuacji jak wasz swider mieliśmy przynajmniej 3,0,93,13,zgadzać sytuacja swider mieć być przynajmniej 3
Drugie copy było reklamą aparatu i brzmiało show it all i tez było super,0,72,14,drugi copa reklama aparat brzmiać show it all teza super
"@anonymized_account @anonymized_account Nie no, nie ma 😁 Kończymy, fakt.\nhttps://t.co/9PMxwN1XeV",0,97,9,😁 kończyć fakt.\nhttps://t.co/9pmxwn1xev
@anonymized_account @anonymized_account Mam nadzieję że mu wpierdolili porządnie,1,80,8,nadzieja wpierdolić porządnie
@anonymized_account @anonymized_account Jak to jak? Jaki wyborca taki wybrany.,0,78,9,wyborca wybrać
@anonymized_account Czepiasz się jakby Termalike albo Sandecje ktoś wybierał na drużyne roku.,0,93,12,czepiać termalike sandecja wybierać drużyny
"@anonymized_account Napierdalaja przysiady, cukier  rośnie",0,58,5,napierdalajo przysiad cukier rosnąć
@anonymized_account Kto mieczem wojuje od pochwy ginie @anonymized_account,0,74,8,miecz wojywać pochwy ginąć
@anonymized_account ciekawe że np u Gusicia nie widział że ma zero umiejętności,0,79,12,ciekawy na przykład gusicia widzieć zero umiejętność
@anonymized_account @anonymized_account @anonymized_account @anonymized_account Był testowany to zagrał więcej minut. Używaj czasem mózgu.,1,138,13,testować zagrać minuta używać mózg
@anonymized_account @anonymized_account @anonymized_account co by wybronił ? Znasz przepisy ?,0,93,10,wybronić znać przepis
jakis chlopak w klasie:a-\nwszystkie dziewczyny:ahahahahhaaHahahahahahahHAHAHAHAHHAHAHAHAHAH,0,92,5,chlopak klasa \nwszystki dziewczyna ahahahahhaahahahahahahahhahahahahhahahahahah
"@anonymized_account @anonymized_account Co to znaczy, że nie wiadomo, czy będzie zbierał rezultaty swych wysiłków XD",0,116,15,znaczyć wiadomo zbierać rezultat swój wysiłek xd
@anonymized_account Od @anonymized_account należało by wymagać bardziej wnikliwych oceń. A nie bezrefleksyjnego powtarzania obiegowych opinii.,0,142,15,należeć wymagać wnikliwy ocenie bezrefleksyjny powtarzać obiegowych opinia
@anonymized_account Przyjadę z daleka zobaczyć z bliska!,0,56,7,przyjada daleki zobaczyć bliski
"RT @anonymized_account Uwaga uwaga. Prezes teraz na plaży w Kątach Rybackich, z łopatką, ale bez wiaderka przekopuje Mierzeję Wiślaną.",0,134,19,uwaga uwagać prezes plaża kąt rybacki łopatka wiaderko przekopywać mierzeja wiślany
@anonymized_account @anonymized_account Będzie wstęp dla kibiców ?,0,66,7,wstęp kibic
"@anonymized_account Napij  się wody, pij, pij, aż przestanie dzialać choroba",0,76,10,napij woda pić pić przestać dzialać choroba
@anonymized_account Dlaczego one nie śpio? 🤔,0,44,6,śpio 🤔
@anonymized_account @anonymized_account Patologia to jesteś Ty. Mentalna patologia.,0,83,8,patologia być mentalny patologia
"@anonymized_account @anonymized_account To chyba \""tweetów\"" zamiast \""transferów\"" miało być",0,93,9,"chyba \""tweetów\ zamiast \""transferów\ mieć"
@anonymized_account Śmiej się  śmiej. To wcale nie jest śmieszne.,0,65,9,śmiać śmi wcale śmieszny
jebać studia idę spać kurwa ja pierdole,0,39,7,jebać studia iść spać kurwa pierdola
@anonymized_account Cracovia wygrała JEDEN mecz w sezonie i była faworytem ? 😂,0,78,12,cracovia wygrać mecz sezon faworyt 😂
@anonymized_account duch BUNTU w całej okazałości,0,49,6,duch bunt cały okazałość
RT @anonymized_account Młody @anonymized_account dzisiaj się żeni. Najlepszego dla Młodej Pary👍🏻👍🏻🥂🥂,0,100,11,młody żeny dobry młody para 👍 🏻 👍 🏻 🥂 🥂
"@anonymized_account @anonymized_account No pewnie, \""must have\"" na insta  😁",0,76,9,"pewnie \""must have\ insto 😁"
@anonymized_account a nie powinno być na odwrót ?;),0,51,8,odwrót
"@anonymized_account To tak jak w Wiśle Carlitos, Brawo My 😉",0,59,10,wiśle carlitos brawo 😉
"Zamieszanie wokół Tomasza Zimocha co najmniej takie, jakby ktokolwiek jeszcze słuchał relacji z meczów w radiu.",0,111,16,zamieszanie wokół tomasz zimochać mało słuchać relacja mecz radio
"@anonymized_account @anonymized_account Ja zagadam bezprawie ustanowiome jako prawo, nie jest prawem",0,100,11,zagadać bezprawie ustanowiomy prawo prawo
@anonymized_account Słyszałem że Wrocławskie Zoo zakupiło ten rzadki okaz samicy słownicy- motylicy😀😁😁,0,102,12,słyszeć być wrocławski zoo zakupić rzadki okaz samica słownica motylicy 😀 😁 😁
@anonymized_account Wy się zjednoczyliście z faszystami z połowy Europy. Kpromitacja level hard.,0,96,12,zjednoczyliście faszyst połowa Europa kpromitacja level hard
@anonymized_account raczej w wersji na ubogo bo 98% treści niedostępne,0,70,10,raczej wersja ubogo 98 treść niedostępny
"@anonymized_account @anonymized_account Jedyny prezydent na świecie, który jest samodzielny wyłącznie w łazience (mam nadzieję)",0,127,14,jedyny prezydent świat samodzielny wyłącznie łazienka nadzieja
@anonymized_account @anonymized_account Jedynie Twarowski mówił że Wisła może namieszać w fazie finałowej,0,105,12,twarowska mówić wisła namieszać faza finałowy
"@anonymized_account Co za człowiek, ciągle tylko o.sobie i swoich problemach.",0,77,10,człowiek ciągle o.soba swój problem
"@anonymized_account umar :/ Ale Bartek to czarodziej, jeszcze się nie poddaje!  @anonymized_account",0,99,12,umar Bartek czarodzi poddawać
@anonymized_account To powiedz czy miałaś ciepła wodę wczoraj 😂😂😂,0,65,9,powiedzieć miać być ciepły woda wczoraj 😂 😂 😂
"RT @anonymized_account jak ludzie co mają 17-19 lat to robią, że wydają książki, tell me, też chcę :-:",0,102,18,człowiek 17 19 rok robić wydać książka tell me chcieć
@anonymized_account a co powiesz o ich składzie ? Chyba dupy nie urywa :) Myślałem że mocniejszy skład zbudują,0,110,18,powiedzieć skład chyba dupa urywać myśleć być mocny skład zbudować
@anonymized_account Antoni Rybczyński. No proszę 😎🖒,0,51,6,Antoni rybczyński prosić 😎 🖒
"@anonymized_account Niby chcemy ryzykować w każdym meczu, a zawsze rozpoczynamy z 3 defensywnymi pomocnikami.",0,109,14,niby chcieć ryzykować każdy mecz rozpoczynać 3 defensywny pomocnikami
@anonymized_account czyli wg Pani wolno niszczyć cudze mienie....wstyd.  I nie ma co się dziwić ze macie z 2 % poparcie....a będzie i mniej,0,139,23,wg wolno niszczyć cudzy mienie wstyd dziwić mieć 2 poparcie mało
"@anonymized_account @anonymized_account Chyba cię się mózg załadował już od tych bredni Mateusza, bo zaczynasz bredzić tak samo jak on",1,134,19,chyba mózg załadować brednia mateuy zaczynać bredzić samo
"@anonymized_account A tak, w twoim przypadku to do Tworek",0,57,9,przypadek tworek
"RT @anonymized_account 22 mosty Morawieckiego to ciąg dalszy Paragrafu 22, tylko mniej realistyczne.",0,100,13,22 most morawieckiy ciąg daleki paragrafu 22 mało realistyczny
"@anonymized_account @anonymized_account Koń by się uśmiał, TVN24 i TVN wolne media? Bardziej perfidnego łgarstwa nie słyszałem.. 🤔",0,130,17,koń uśmieć tvn24 tvn wolny media perfidny łgarstwo słyszeć być 🤔
@anonymized_account @anonymized_account a są jakieś przecieki odnośnie Guzmicsa ?,0,81,9,jakiś przecieka odnośnie guzmicsa
@anonymized_account 😍😍 tylko gdzie takie słoneczko będą :(,0,58,8,😍 😍 słoneczko
"@anonymized_account @anonymized_account @anonymized_account @anonymized_account @anonymized_account Ej bez takich insynuacji, bo się obraże :)",0,142,13,ej insynuacja obrazać
@anonymized_account Hehehehehe. Róża nawet niezła była.I co z niej wyrosło!😁😁😁,0,78,10,hehehehehe Róża niezła była.i wyrosnąć 😁 😁 😁
@anonymized_account jeżeli porównujesz zjedzenie kebaba do oplucia sędziego to nie ma o czym rozmawiać,0,102,14,porównować zjedzć kebaba oplucia sędzia co rozmawiać
Zdałam prawko kurw ludzie ja pierdole,0,37,6,zdać być prawko kurw człowiek pierdola
@anonymized_account @anonymized_account A jednym z nich są Polacy.,0,66,8,Polak
Kocham dostawać wiadomości na dzień dobry i dobranoc rozpływam się,0,66,10,kochać dostawać wiadomość dzień dobry dobranoc rozpływać
"@anonymized_account @anonymized_account Jest najlepszy! Dziękujemy, przekażę ;-)",0,80,7,dobry dziękować przekazać
@anonymized_account Trochę tak ale niewiele ;),0,46,6,trochę niewiele
@anonymized_account Kur... Wyszlem na 40 sek kromke zrobić przychodzę a a tu amica szaleje 0-1,0,94,15,kura wyszl 40 sek kromke zrobić przychodza amica szaleć 0 1
"@anonymized_account Sądziłam, że odkąd istnieje internet, takie rzeczy już się nie zdarzają 😨",0,93,13,sądzić być odkąd istnieć internet rzecz zdarzać 😨
"@anonymized_account @anonymized_account @anonymized_account Widzę, że sami się znajdują.",0,88,8,widzieć sam znajdować
@anonymized_account Zgoda. Tylko dlaczego nie dotyczy to kościelnych urzędników?,0,80,9,zgoda dotyczyć kościelny urzędnik
"@anonymized_account @anonymized_account Ale co to za roznica? Dajesz tyle ile chce Wisla i negocjujesz z piłkarzem, żeby to Ciebie wybrał. To mnie dziwi :)",0,155,24,roznic dawać tyle wisl negocjować piłkarz wybrać dziwić
"@anonymized_account Dziękuję, tylko przy moim trybie pracy najwygodniejsze są jednak punkty w centrach handlowych czynne do 22:00.",0,130,17,dziękować tryb praca najwygodniejsze punkt centrum handlowy czynny 22:00
"@anonymized_account A to pewnie nic takiego, na całe Twoje szczęście.",0,69,10,pewnie taki cały szczęście
@anonymized_account Tak jest. A Kaczyński poleciał rozpocząć kampanię wyborczą przed wyborami prezydenckimi.,0,108,12,kaczyński polecieć rozpocząć kampania wyborczy wybory prezydencki
@anonymized_account To już ich nie dobijaj :P,0,45,7,dobijać :p
@anonymized_account no to super dziennikarz przeprowadzał wywiad :),0,67,8,super dziennikarz przeprowadzać wywiad
@anonymized_account @anonymized_account statystyki są słabe ale przychodzi taki Necid co strzelił jedną bramke i od razu gwiazda,0,128,17,statystyka słaby przychodzić necid strzelić jeden bramke raz gwiazda
"RT @anonymized_account Parę lat temu w moim byłym radiu kolega zapytał słuchaczkę:\n- Czy Boże Ciało jest świętem ruchomym?\n- Tak, bo chodzi si…",0,145,22,parę rok były radio kolega zapytać słuchaczkę:\n boży ciało święt ruchomym?\n chodzić si
@anonymized_account I kurwa mamy ta wolność,0,43,6,kurwa wolność
"@anonymized_account Wszędzie widzi komunistów, chyba tatuś zrobił mu krzywdę",1,76,9,wszędzie widzieć komunista chyba tatuś zrobić krzywda
"@anonymized_account @anonymized_account Tak\nDla Polaka to potrzeba:\nJebać #PiSkomuna trzeba!\nNa Twitterze, w Internecie,\nGdzie żerują te ich śmiecie!",1,153,15,"tak\ndla polaka potrzeba:\njebać piskomun trzeba!\nna twitterz internecie,\ngdzie żerować śmiecie"
"@anonymized_account Tak kilka kartek, paczkę, nawet książkę z losowania :’)",0,75,10,kartka paczka książka losowanie
"@anonymized_account @anonymized_account zauważyli wypalenie i się pożegnali na szczęście ulotki możesz rozdawać, tak więc głowa do góry",0,135,17,zauważyć wypalenie pożegnać szczęście ulotka móc rozdawać głowa góra
"W 2013 roku rząd Tuska ukrył aż 31 mld zł deficytu, a w 2014 - 28 mld zł! #OddajcieKasę ”https://t.co/lHEn8ek91H",0,112,20,2013 rząd tuska ukryć 31 miliard złoty deficyt 2014 28 miliard złoty oddajciekasa https://t.co/lhen8ek91h
Euro Polska przyjmie z chęcią!!\nKażde ilości ❗\nNajlepiej w postaci reparacji od Niemiec ❗\n\n#BezRetuszu,0,106,13,euro Polska przyjąć chęcią!!\nkażdy ilość ❗ \nnajlepi postać reparacja niemiec ❗ \n\n#bezretusz
"RT @anonymized_account @anonymized_account Lepiej już proszę nie składać tych życzeń,skoro wczoraj wyzywał Pan nas od współczesnych  bolszewików!  Hipokryzja…",0,158,18,dobrze prosić składać życzenie skoro wczoraj wyzywać współczesny bolszewik hipokryzja
"@anonymized_account @anonymized_account Ty chyba masz frazę \""Zieliński\"" w wyszukiwarce wpisaną i tylko odświeżasz 😁",0,117,14,"chyba mieć fraza \""zieliński\ wyszukiwarka wpisać odświeżać 😁"
@anonymized_account Poczytaj kobieto coś z historii to się dowiesz kto był Targowicą. Bo na razie robisz z siebie idiotkę.,0,122,19,poczytać kobieto historia dowieć targowica robić siebie idiotka
@anonymized_account Z niego taki patriota i kompetentny polityk jak Ciebie niezależny i kompetentny dziennikarz. Jeden wart drugiego.,0,133,17,patriota kompetentny polityk niezależny kompetentny dziennikarz wart drugi
"@anonymized_account 4,5 k kibiców we Wrocławiu",0,46,6,"4,5 k kibic wrocław"
"Ambitni , ale malo prawdziwi",0,28,5,ambitny malo prawdziwy
@anonymized_account @anonymized_account a ja z biegania. Pozdrawiam!,0,68,7,bieganie pozdrawiać
Ok narazie muszę wyprasować koszulę,0,35,5,narazie musieć wyprasować koszula
"@anonymized_account Orban, jak chcesz mieć stosunki to kup sobie salami.",0,72,10,orban chcieć mieć stosunki kupić sala
@anonymized_account ale chodzi mi o to ze dla Wisly to bez roznicy bo Artego na mistrza nie ma szans wg mnie,0,108,21,chodzić wisly roznica arty mistrz szansa według
Marco Paixao:\nNajwięcej goli w lidze - przeciwko Jagiellonii (9)\nFlavio Paixao:\nNajwięcej goli w lidze - przeciwko Jagiellonii (6),0,133,17,marcoe paixao:\nnajwięcej goli liga przeciwko jagiellonia 9)\nflavio paixao:\nnajwięcej goli liga przeciwko jagiellonia 6
@anonymized_account Ja tam jestem przeciwnikiem Var w takim wydaniu jak to wygląda w pl lidze,0,93,15,przeciwnik vara taki wydanie wyglądać plac liga
"@anonymized_account @anonymized_account @anonymized_account wszyscy są komunistami oprócz Piotrowicza, i tak nie zrozumiesz",0,123,12,komunista oprócz piotrowicz zrozumieć
Nic mnie tak nie wkurwia jak dziecko na korkach które mówi mi what is das po prostu krew mnie zalewa XD,0,103,21,wkurwiać dziecko korko mówić what is das prosty krew zalewać xd
RT @anonymized_account @anonymized_account Pan w kwestii rozdawnictwo pieniędzy podatników raczej nie powinien się wypowiadać.,0,126,14,kwestia rozdawnictwo pieniądz podatnik raczej wypowiadać
Madera w rezerwach ! Nagłośnijcie sprawę bo to przecież niezgodne z przepisami ! @anonymized_account @anonymized_account @anonymized_account @anonymized_account,0,160,17,maderać rezerwa nagłośnijcie sprawa niezgodny przepis
RT @anonymized_account Zakwestionowanie orzeczeń SN oznaczałoby oczywiście również podważenie orzeczenia o stwierdzeniu ważności ostatnich  wyb…,0,144,15,zakwestionowanie orzeczenie sn oznaczać by oczywiście podważeć orzeczenie stwierdzeć ważność ostatni wyb
@anonymized_account @anonymized_account @anonymized_account @anonymized_account @anonymized_account @anonymized_account Witam fachowca od gastronomii. Następny robiący w wierszówkach.,0,183,14,witać fachowca gastronomia następny robiący wierszówki
ok ale gdzie numer żeby głosować na piotrka cugowskiego za to jak ładnie siedzi w fotelu #TheVoiceOfPoland,0,106,17,numer głosować piotrka cugowskiy ładnie siedzieć fotel thevoiceofpoland
Mama będzie mi obcinać włosy boje się,0,37,7,mama obcinać włos bój
Przez te puszki po piwie jestem największym śmieciarzem w bloku,0,63,10,puszka piwo duży śmieciarz blok
@anonymized_account @anonymized_account A gówno mnie obchodzi na co zgadza się kościół. Won do Watykanu.,1,104,14,gówno obchodzić zgadzać kościół won watykan
"@anonymized_account Wystarczy, że Michniewicz i Matusiak oszukiwali podczas meczów 😂 na to jest zgoda, bo to kumple 😂",0,117,18,wystarczyć Michniewicz matusiak oszukiwać mecz 😂 zgoda kumpel 😂
Ten je...ny Kaczyński znowu nas wydymał😂😂😂😂😂.Te miny są bezcenne.,1,65,9,ny kaczyński wydymać 😂 😂 😂 😂 😂 .te mina bezcenny
@anonymized_account A ja uważam że był dobrym sędzią bo z sezonu na sezon coraz słabszy.A ten błąd to potwierdza.,0,113,19,uważać dobry sędzia sezon sezon słabszy.a błąd potwierdzać
@anonymized_account Biedny sfrustrowany nikt wylewa swoje żale. Tak dawni niby bohaterowie rozmieniający resztki swojego wizerunku na drobne.,0,141,17,biedny sfrustrować nikt wylewać żale dawny niby bohater rozmieniać resztka swój wizerunek drobny
RT @anonymized_account @anonymized_account Już dawno temu strzeliliście sobie w kolano !!!!  😂,0,94,12,dawno strzeliliście kolano 😂
RT @anonymized_account nadeszła wiekopomna chwila ustawa degradacyjna weszła w życie a generał Jaruzelski zostanie szeregowcem ! #woronicza17,1,141,17,nadejść wiekopomny chwila ustawa degradacyjna wejść życie generał jaruzelski zostać szeregowce woronicza17
"@anonymized_account Tym razem to zdjęcie podesłane przez znajomego, nie moje 😄",0,78,11,raz zdjęcie podesłać znajomy 😄
@anonymized_account @anonymized_account @anonymized_account I co obie te mapy mówią to samo?,0,92,11,oba mapa mówić sam
@anonymized_account a sorry to nie ten filmik 😂 tak to jest jak się coś robi i pisze na tt :) @anonymized_account @anonymized_account @anonymized_account @anonymized_account,0,173,24,sorry filmik 😂 robić pisać tt
ale się wkurwiłam  O K,0,22,5,wkurwić być k
@anonymized_account @anonymized_account Po 1989 roku i ciągle trwoniona jest przede wszystkim każda złotówka wydawana z budżetu na kościół.,0,139,18,1989 ciągle trwoniyć każdy złotówka wydawać budżet kościół
"Ta planeta jest nasza lewaki, prawaki też to wiedzą, joł",0,56,10,planeta lewak prawaki wiedzieć joł
@anonymized_account A to chyba szydera 😉,0,40,6,chyba szyderać 😉
"@anonymized_account @anonymized_account Oby, bo ja to inaczej zinterpretowałem.",0,79,8,oby inaczej zinterpretować być
"@anonymized_account Widzę, że  komuś cierpliwość w końcu się wyczerpała.I bardzo dobrze. Dosyć ponoszenia się różnej maści przy błędów.",0,135,18,widzieć ktoś cierpliwość koniec wyczerpała.i dosyć ponoszyć różny maść błąd
"@anonymized_account nie dziwie się, to było dość cwane :)",0,57,9,dziwie cwać
@anonymized_account Na prawo jazdy byłby banalny. Niestety to nie to.,0,69,10,prawo jazda być by banalny niestety
@anonymized_account @anonymized_account @anonymized_account W stop klatkach widać ze jak by to było po stronie drugiej (legi) to karny by był,0,141,20,stop klatka widać strona drugi legi karny
@anonymized_account @anonymized_account Dojenie kasy przez rząd\nKompromitacja Morawieckiego w Niemczech\nKaczyński twórca państwa Polskiego w 2016 roku,0,152,15,dojena kasa rząd\nkompromitacja morawieckiy niemczech\nkaczyński twórca państwo polski 2016
"@anonymized_account Główny powód to brak kasy, trzeba dać bogatym 500+,300+ i być bez godności i honoru",0,103,16,"główny powód brak kasa dać bogaty 500+,300 + godność honor"
powiedzcie jak to jest być ładnym,0,33,6,powiedzcie ładny
"Widziałam dzisiaj swoją elkę, to były czasy 😂",0,45,8,widzieć być swój elka czas 😂
@anonymized_account @anonymized_account z tych słòw wynika że Pan nie wie kto ma być kupcem i że to tylko Pana przypuszczenia,0,125,20,słòwa wynikać kupc przypuścić
@anonymized_account Tzn? O kogoś konkretnego Ci chodzi?,0,55,7,to znaczy ktoś konkretny chodzić
W jakim banku ja mam konto... tego to jeszcze nie było xd,0,57,12,jaki bank konto xd
"@anonymized_account @anonymized_account @anonymized_account Przecież graliśmy na 2 składy, każdy grał po 45 minut ;)",0,116,14,grać być 2 skład grać 45 minuta
@anonymized_account powodzenia! Walczymy do końca 💪,0,51,6,powodzenie walczyć koniec 💪
"@anonymized_account Ok boli, boli. Czarne katabasy, mordercy irlandzkich kobiet i sierot do kruchty i pokutować do końca życia za swoje występki.",0,145,21,boleć boleć czarny katabasa morderca irlandzki kobieta sierot kruchta pokutować koniec życie występek
"@anonymized_account W piątek o 12 to zazwyczaj ludzie pracują, więc nie spodziewam się niestety tłumów.",0,103,15,piątek 12 zazwyczaj człowiek pracować spodziewać niestety tłum
@anonymized_account DOBRA WIADOMOŚĆ DLA L EWACTWA I DLA CIEBIE LISKU PISIORY  44  %  TOTALNI DEBILE 14  %  SUPER!!!!!!,1,118,18,dobry wiadomość lata ewactwo lisko pisiora 44 totalnia debile 14 super
Hehehehehe! Ronaldo nie strzela karnego!!!😁😁😁,0,45,5,hehehehehe ronaldo strzelać karny 😁 😁 😁
"@anonymized_account Nie, HBO Go na darmowym miesiącu 😜",0,54,8,hbo darmowy miesiąc 😜
@anonymized_account raczej ty się powinieneś jebnąć ale nie wiem czy to pomoże,1,78,12,raczej powinien być jebnąć wiedzieć pomóc
RT @anonymized_account @anonymized_account Sprzedawczyk i kapuś patriotą? Stuknij się Lisie(jesteś taki sam) w tą durną łepetynę!,1,129,16,sprzedawczyk kapuś patriota stuknić lisa być ten durny łepetyna
Stare grzechy wróciły. Przy tylu sytuacjach to nie miało prawa tak się skończyć. Szkoda.,0,88,14,stary grzech wrócić tyle sytuacja mieć prawo skończyć szkoda
@anonymized_account Woda chyba zimna bo nikogo w wodzie ;-),0,59,9,woda chyba zimny nikt woda
"- Kochanie, co to jest ten \""spalony\""?\n- Jakby ci to wytłumaczyć? Oo! Widzisz ten spalony kotlet? Trzeba było podać wcześniej.",0,128,20,"kochanie \""spalony\""?\n wytłumaczyć oo widzieć spalić kotlet podać wcześnie"
Co robicie bo mi się nudzi,0,26,6,robić nudzić
Podobno ślina Krystyny Pawłowicz ma być przechowywana w Światowym Banku Nasion w Svalbard.\nJak wzór genetyczny czystego chama.,1,127,17,podobno ślina krystyny pawłowicz przechowywać światowy bank nasiono svalbard.\njak wzór genetyczny czysty cham
"RT @anonymized_account @anonymized_account Jak najszybciej ,należy zdrajcow, konfidentów i szmalcowników, pozbawić obywatelstwa polskiego.",0,138,13,szybko należeć zdrajcow konfident szmalcownik pozbawić obywatelstwo polski
@anonymized_account Jak bedziesz caly czas na tt pisać to tym bardziej nie uśniesz 😂,0,84,14,bedziesz czas tt pisać uśnieć 😂
"@anonymized_account @anonymized_account Starszych od siebie oczywiście, chyba zostałem dobrze zrozumiany 😉",0,106,11,stary siebie oczywiście chyba zostać być zrozumiać 😉
LUDZIE Z BYDGOSZCZY: NAJLEPSZA RESTAURACJA? Rt jeśli chcesz pomoc ulepszyć świat,0,80,11,człowiek bydgoszcz najlepsza restauracja chcieć pomoc ulepszyć świat
@anonymized_account W porozumieniu z @anonymized_account na 100%,0,64,7,porozumienie 100
@anonymized_account @anonymized_account ależ przypadek że akurat błędy na korzyść tych partii hehe :),0,101,13,przypadek akurat błąd korzyść partia hehe
@anonymized_account Komorowski wyciągnąłby wizytówkę banku i doradził odpowiedni kredyt .,0,89,10,komorowski wyciągnąć by wizytówka bank doradzić odpowiedni kredyt
"@anonymized_account Weź przestań. Albo rozmawiamy poważnie, albo rozmawiam z fanboyem Cristiano :)",0,98,12,wziąć przestać rozmawiać poważnie rozmawiać fanboyem cristiać
@anonymized_account po wpisach widze że wy też coś dzisiaj straciliście :) czas :),0,82,13,wpise widze straciliśta czas
@anonymized_account boje się że jakbym napisał że Wisła przegrała 7 meczów z rzędu to też by mnie uznali za hejtera,0,115,20,bój jakby być napisać wisła przegrać 7 mecz rząd uznać hejter
"@anonymized_account @anonymized_account o jakim zachowaniu \""fer\"" mówisz skoro ukrywał się z tym że podpisał kontrakt z Legią ? Możesz rozwinąć ?",0,146,21,"jaki zachowanie \""fer\ mówić skoro ukrywać podpisać kontrakt legia móc rozwinąć"
"@anonymized_account @anonymized_account Niech nam zyje prezes, niech nam żyje do bra władza",0,91,12,zyć prezes żyć bra władza
"Dziś 4. rocznica śmierci mjr K.Woźniaka - żołnierza JW GROM, pierwszego żołnierza WS poległego podczas operacji bojowej. Cześć Jego Pamięci!",0,140,20,4 rocznica śmierć mjr k.woźniak żołnierz jw grom pierwszy żołnierz ws poległego operacja bojowy cześć pamięć
@anonymized_account Bardzo słusznie. Nigdy więcej PiSu.,0,55,6,słusznie pis
"Zapukał umówione 127 razy. Nikt nie otworzył. Wyszedł i spojrzał w okno. Tak, nie mylił się. Na parapecie stały 63 żelazka - znak wpadki.",0,137,24,zapukać umówić 127 raz nikt otworzyć wyjść spojrzeć okno mylić parapet stać 63 żelazka znak wpadki
"Z całym szacunkiem dla Kuby, ale to wygląda, jakby mu wujek kadrą chciał rytm meczowy przywrócić.",0,97,16,cały szacunek kuba wyglądać wujek kadra chcieć rytm meczowy przywrócić
"Czemu jak zawsze się o kogoś martwię to ja dostaje po dupie, i mean nie wiem",0,76,16,ktoś martwić dostawać dupa mean wiedzieć
"Gen Jaruzelski jast taki świerzy, a Kaczyński taki śmierdzący",1,61,9,generał jaruzelski jast świerzy kaczyński śmierdzący
@anonymized_account @anonymized_account Tak ! Tak ! Kto to widział aby aresztować złodziei. Za PO nikt takich głupot nie robił !,0,128,20,widzieć aresztować złodziej nikt głupot robić
@anonymized_account @anonymized_account @anonymized_account @anonymized_account @anonymized_account Chce poznać Twoją siostre! 😂,0,128,10,poznać twój siostre 😂
@anonymized_account Spierdzielił ze spotkania po pierwszym pytaniu,0,66,7,spierdzielić spotkanie pierwszy pytanie
@anonymized_account Glowa do góry superbohater jest w drodze @anonymized_account,0,80,9,glowy góra superbohater droga
RT @anonymized_account Poseł Misiło postanowił zakończyć konkurs na debila roku już w marcu #Woronicza17,0,104,14,poseł misić postanowić zakończyć konkurs debil marzec woronicza17
@anonymized_account Przecież to na jedno wychodzi,0,49,6,wychodzić
@anonymized_account @anonymized_account @anonymized_account Polsce szkodzi przede wszystkim banda niedouczonych idiotów pod wodzą starego kretynami z kotem.,0,156,16,Polska szkodzić banda niedouczonych idiot wodzić stary kretyna kot
"@anonymized_account Są takie twarze, które mówią same za siebie.",0,64,9,twarz mówić sam siebie
"@anonymized_account Bo to mistrzostwa świata, a nie superliga 😉",0,63,9,mistrzostwa świat superliga 😉
chłopak z którym miałam jazdy ostatnio zaprosił mnie do znajomych na fb a później pogratulował mi zdania egzaminu idk kinda cute,0,128,21,chłopak mieć być jazda ostatnio zaprosić znajomy fb późno pogratulować zdanie egzamin idk kindo cute
RT @anonymized_account @anonymized_account Sory mam spanko XD,0,61,7,sor spanko xd
@anonymized_account Wściekła cwelica kaczorzyca karakanica jadowita,1,67,6,wściekły cwelica kaczorzyc karakanica Jadowit
RT @anonymized_account KAIN TEŻ ZABIŁ BRATA ALE NIE ŚWIĘTOWAŁ TEGO CO MIESIĄC I NIE STAWIAŁ POMNIKÓW NA TĘ OKOLICZNOŚĆ.,1,119,19,kain zabić brat świętować miesiąc stawiać pomnik okoliczność
@anonymized_account Pokarało Polskę baranami z partii która nie potrafi prawidłowo wypełnić przelewu i ma w plecy 4 mln .,0,121,19,pokarać polska baran partia potrafić prawidłowo wypełnić przelew plecy 4 milion
@anonymized_account No to PO ma problem😁😁😁. Bo Hania wystartuje jako niezależna😁😁😁,0,82,11,problem 😁 😁 😁 hanie wystartować niezależna 😁 😁 😁
"@anonymized_account No, no. Oficera prowadzącego tam nawet mają.",0,64,8,oficerać prowadzić
@anonymized_account a z jakiego powodu ? Raczej świętują,0,56,8,jaki powód raczej świętować
"@anonymized_account od dawna mam chorą, ale to raczej przez intensywny dzień ;-)",0,80,12,dawny chory raczej intensywny dzień
"@anonymized_account Czytam to i sobie myślę, że niektórym to naprawdę odpie....ło i popier....ło w głowach.",0,107,15,czytać myśleć niektóry naprawdę odpać ło popier ło głowa
"@anonymized_account Niestety, bez sensacji, to tylko krem na dłoniach plus ekran smartfona 😥",0,92,13,niestety sensacja krem dłoń plus ekran smartfić 😥
RT @anonymized_account 4 x 400 złoto! Brawo! Polska znów na prowadzeniu w klasyfikacji medalowej . \n#Berlin2018,0,112,16,4 x 400 złoto brawo Polska prowadzić klasyfikacja medalowy \n#berlin2018
@anonymized_account @anonymized_account dzisiejszy wynik Garbarni nie ma żadnego znaczenia,0,90,9,dzisiejszy wynik garbarnia żaden znaczenie
"@anonymized_account Moja polemika nie dotyczy @anonymized_account ,lecz cytowanego przez niego tweeta",0,101,11,polemik dotyczyć cytowan tweet
@anonymized_account @anonymized_account @anonymized_account na szczęście jeszcze kartki potrafimy liczyć,0,104,9,szczęście kartka potrafić liczyć
@anonymized_account eksoprt do Niemiec wiekszy o 10 mld od importu,0,66,10,eksoprt niemiec wiekszy 10 miliard import
"@anonymized_account Blagam, ja bym nie korespondował z @anonymized_account @anonymized_account",0,94,9,blagam korespondować
"Pierwsze zdanie: \""Paczka papierosów kosztuje 4 miliardy marek\"".\n#JajoWęża teraz na @anonymized_account",0,105,11,"pierwszy zdanie \""paczka papieros kosztować 4 miliard marek\"".\n#jajowąż"
@anonymized_account Krystynę mi on przypomina ale trzeba mieć niepokoleji w głowie by się robić na Krystynę,0,107,16,krystyna przypominać mieć niepokoleja głowa robić krystyna
"@anonymized_account Odpnnij tt, nie ma więcej parchów",0,53,7,odpnnij tt parch
@anonymized_account @anonymized_account Przecież od kilkunastu minut komentujesz,0,80,7,kilkanaście minuta komentować
"@anonymized_account Nic nie usprawiedliwia tego, że Górnik bardziej chce. Ale ze dwie - trzy groźne akcje poszły po faulach.",0,124,19,usprawiedliwiać górnik trzy groźny akcja pojść faul
"@anonymized_account Abstrahując od tych kontrowersji, to butę Marciniaka czuć było aż na prasówce 😉 Oczywiście to takie wrażenie tylko.",0,135,19,abstrahuć kontrowersja buta Marciniak czuć prasówka 😉 oczywiście wrażenie
"@anonymized_account @anonymized_account Ogladaj mecz, sa reklamy visa, adidasa dla ciebie specjalnie",0,100,11,ogladać mecz SA reklama visa adidasa specjalnie
"@anonymized_account Tendencyjne kłamstwo , to robi KK od 2000 lat.",0,66,10,tendencyjny kłamstwo robić kk 2000 rok
@anonymized_account @anonymized_account Tak powinno być w Polsce z @anonymized_account i @anonymized_account,0,108,11,Polska
@anonymized_account @anonymized_account @anonymized_account I we Francji/Belgii mówi się nawet o 8 milionach,0,108,12,Francja belgia mówić 8 milion
"Kwaśniewski odetchnął z ulgą, że nie ma konta na tt.",0,52,10,kwaśniewski odetchnąć ulga konto tt
@anonymized_account @anonymized_account idealna opcja ? Chłop bez ambicji co od kilku lat nie broni.Idealna opcja to Kieszek.,0,125,17,idealny opcja chłop ambicja rok broni.idealna opcja kieszka
@anonymized_account @anonymized_account Zgadza się ale przecież nas niestac żeby komin płacowy zacząć od.carlitosa,0,114,13,zgadzać niestacć komin płacowy zacząć od.carlitosa
"@anonymized_account Przestań, nie jesteś moją matką",0,51,6,przestać być mój matka
@anonymized_account @anonymized_account Oczywiście! By być inspiracją. A ja jestem z niego mega dumna.,0,102,13,oczywiście inspiracja meg dumny
@anonymized_account Jesteś chory na odklejenie mózgowe,1,54,6,być chory odklejenie mózgowy
@anonymized_account @anonymized_account Nie kimkolwiek. Nie świętuję z krzywoprzysięzcą i zakłamanym oszustem takim tak ty.,0,123,14,kimkolwiek świętować krzywoprzysięzcą zakłamany oszust taki
"@anonymized_account @anonymized_account lepiej napisać że dostali wpierdol.A nie, bo ludzie którzy dostali po ryju by się mogli głupio poczuć.",1,142,19,dobrze napisać dostać wpierdol.a człowiek dostać ryju móc głupio poczuć
"@anonymized_account Zgoda, ale oni zapraszają na studio, by ludzie jednak siedzieli i oglądali reklamy, a potem robią wyścig z czasem :)",0,136,21,zgoda zapraszać studio człowiek siedzieć oglądać reklama potem robić wyścig
"@anonymized_account Ratuj Alfiego, myślałem że jesteś już w Calais i zamierzasz wplaw przepłnać  kanał #superbohater",0,116,15,ratować alfiy myśleć być być calais zamierzać wplaw przepłnać kanał superbohater
RT @anonymized_account TRADYCYJNA\nWYŚMIENITA\nSWOIM SMAKIEM\nSERCE CHWYTA TO\nZUPA ROMANA,0,90,7,tradycyjna\nwyśmienita\nswój smakiem\nserka chwytać to\nzupa romać
Technika Valencii w tej akcji - 🔝,0,33,7,technik valencii akcja 🔝
@anonymized_account ale za to fajniej się w domu leniuchuje wtedy :D,0,68,11,fajni dom leniuchować d
@anonymized_account @anonymized_account @anonymized_account @anonymized_account udajesz informatora a takiej rzeczy nie wiedziałeś...,0,133,11,udajeć informator taki rzecz wiedzieć być
"@anonymized_account Koń też ma dużą głowę. Tylko wydaje mi się, że jest bardziej inteligentny niż Karczewski",0,108,16,koń duży głowa wydawać inteligentny karczewski
@anonymized_account To jest jakaś policealna czy cos?,0,53,7,policealny
"@anonymized_account @anonymized_account Zero zjebania po weselu, znaczy chujowe wesele",0,86,9,zero zjebanie wesele znaczyć chujowy wesele
"@anonymized_account Na pewno łatwiej by było znaleźć, określić i poprawić problemy",0,82,11,pewno łatwie znaleźć określić poprawić problem
RT @anonymized_account czy możemy pominąć listopad i przejść już do dni przedświątecznych?,0,90,12,móc pominąć listopad przejść dzień przedświąteczny
"RT @anonymized_account @anonymized_account Czy ktoś łaskawie wytłumaczy Lisowi, że te pieniądze, które tak chętnie pobierał z TVP były nasze a nie jego?",0,152,22,łaskawie wytłumaczyć lis pieniądz chętnie pobierać tvpin
@anonymized_account Tyko teraz pytanie czy ci gracze mają datę urodzin 01.01 bo się urodzili w grudniu czy są fałszowane te dokumenty teraz,0,139,22,tyko pytanie gracz data urodziny 01 01 urodzić grudzień fałszować dokument
@anonymized_account Ale sędzia z Meksyku na meczu z Polską był spoko? :),0,72,12,sędzia meksyk mecz polska spoko
@anonymized_account @anonymized_account @anonymized_account Ja się pytam gdzie są młodzi polscy bramkarze??  Z tego Polska kiedyś slynela a dziś??,0,146,18,pytać młody polski bramkarz polski kiedyś slynel
Mam nadzieje że przyszły sezon zaczniemy od 4 ligi i zaczniemy odbudowywać klub od podstaw. Innego sposobu na naprawe klubu nie widzę...,0,136,22,nadzieja przyszły sezon zacząć 4 liga zacząć odbudowywać klub podstawa inny sposób naprawy klub widzieć
@anonymized_account ale póki co nim nie jest,0,44,7,póki
@anonymized_account Nie wypowiadaj się na tematy o których nie masz zielonego pojęcia. Siedzisz w swoim zaścianku i wydaje ci się że coś wiesz.,0,143,23,wypowiadać temat mieć zielony pojęcie siedzić swój zaścianek wydawać wiedzieć
@anonymized_account @anonymized_account @anonymized_account @anonymized_account tyle co ty to na pewno,0,102,10,tyle pewno
"@anonymized_account Też mi wyszło coś koło tego, ale jak będziemy na styk grać, to się przeliczymy.",0,99,16,wyjść koło być styk grać przeliczyć
#wtylewizji czyli już wiadomo od kogo te kwiaty dla pani Magdy,0,62,11,wtylewizja wiadomo kto kwiat magdy
@anonymized_account miał wizje żeby zbudować Athletic Bilbao a jego ruchy są całkowitym zaprzeczeniem tego.Kolesiostwo pierdolone.,0,130,15,wizja zbudować athletic bilbao ruch całkowity zaprzeczenie tego.kolesiostwo pierdolć
@anonymized_account @anonymized_account zgadza się.Może się obudzi w najważniejszym momencie.Oby :),0,99,10,zgadzać się.może obudzić ważny momencie.oby
@anonymized_account @anonymized_account @anonymized_account praca rzecznika nie polega na przedstawianiu własnej opinii więc jednak Pan musi,0,140,15,praca rzecznik polegać przedstawiać własny opinia
@anonymized_account 0:1 do przerwy w Ostródzie z walczącym o życie Sokolem. Lechia Tomaszów z kolei leje Ełk 3:0.,0,113,18,0:1 przerwa ostróda walczącym życie sokol lechia tomasz kolej lać ełk 3:0
@anonymized_account Odpowiadam ma pytanie 7: Polsce służymy!! Polsce!!!,0,71,8,odpowiadać pytanie 7 Polska służyć Polska
@anonymized_account Kiedy do licznika dojdą bilety z fan clubow?,0,64,9,licznik dojść bilet fan clubow
@anonymized_account Myślę że i smalec by zepsuła😁😁😁,0,51,7,myśleć smalec zepsuć 😁 😁 😁
@anonymized_account a ile zagrał tam minut ?,0,44,7,zagrać minuta
Aktorce Stalinowskiej potrzebny psychiatra albo egzorcysta. A może jeden i drugi.,0,81,11,aktorka stalinowski potrzebny psychiatra egzorcysta drugi
"@anonymized_account Pawełku, zostałeś politykiem. To kiedy mogę napluć Ci w mordę?",0,82,11,pawełek zostać być polityk móc napluć morda
jest moc jak kurwy zabiorą mi Unię Europejską ja zabiorę im żony i dzieci,1,73,14,moc kurwa zabiorąć unia europejski zabrać żona dziecko
4 x 400 złoto! Brawo! Polska znów na prowadzeniu w klasyfikacji medalowej . \n#Berlin2018,0,89,14,4 x 400 złoto brawo Polska prowadzić klasyfikacja medalowy \n#berlin2018
@anonymized_account Wypad parchu z mojej rozmowy. Nie rozmawia z prymitywami o IQ na poziomie temperatury własnego ciała.,1,121,17,wypada parch mój rozmowa rozmawiać prymityw iq poziom temperatura własny ciało
@anonymized_account @anonymized_account Widać nie tylko w tych sprawach jest desperatem skoro nawet o followersów prosi 😂,1,121,16,widać sprawa desperat skoro followers prosić 😂
@anonymized_account Znam to z doświadczenia :D 🔝,0,48,7,znać doświadczenie d 🔝
USB funkcjonuje w 4 wymiarach. \nNie pasuje.\nNie pasuje.\nNie pasuje.\nPasuje.,0,79,9,usb funkcjonować 4 wymiar \nnie pasuje.\nnie pasuje.\nnie pasuje.\npasywać
"Mam ochotę na jakiś długi, jesienny spacer, kto idzie ze mną?",0,61,11,ochota dług jesienny spacer iść
@anonymized_account Ta minka to podpucha. 😑,0,43,6,minka podpuch 😑
"@anonymized_account Czasami się nie da, próbowałam się wykręcać ale nic to nie dało, bo czasami nie ma nikogo innego 😂 będzie trudno, ale powodzenia",0,148,24,dać próbować być wykręcać dać nikt inny 😂 trudno powodzenie
@anonymized_account Tylko te gumofilce jakoś nie chcą się zsunąć😁😁,0,66,9,gumofilce chcieć zsunąć 😁 😁
Jest jakiś świąteczny film Netflixa z Vanessą,0,45,7,świąteczny film netflixa vanessą
@anonymized_account @anonymized_account @anonymized_account Tobie się chyba coś popierdoliło kobieto. Bredzisz już tak że się słabo robi jak się słucha.,0,152,19,chyba popierdolić kobieto bredzić słabo robić słuchać
@anonymized_account @anonymized_account @anonymized_account @anonymized_account @anonymized_account A po co nam 25-osobowa kadra na grę co tydzień?,0,147,15,25 osobowa kadra gra tydzień
"RT @anonymized_account @anonymized_account Z hitow Lis w amoku z polskiej listy wściekłych hien, na prowadzeniu sam Lis.",0,120,17,hitow lis amok polski lista wściekły hien prowadzić lis
Zdrajca i faszysta Tusk szuka między nami Polakami bolszewików.Jebana menda.,1,76,10,zdrajca faszysty tusk szukać polak bolszewików.jeban menda
@anonymized_account Pełny tzn ile kibiców?  Bo pełny to pojęcie względne ;),0,75,11,pełny to znaczy kibic pełny pojęcie względny
"@anonymized_account Jesli oni go ściągnęli za 21 baniek, sprzedając Paulinho za 50, to świat stanął na głowie 😀",0,111,18,ściągnąć 21 baniek sprzedać paulinho 50 świat stanąć głowa 😀
"Mecz #CLJ Legia - Jagiellonia przełożony na piątek, na godzinę 13:00, ale transmisja w @anonymized_account i tak raczej się odbędzie.",0,133,20,mecz clj legia jagielloć przełożony piątek godzina 13:00 transmisja raczej odbyć
"@anonymized_account Zgoda, ale to nie wpływa na dokonania, a ich odbiór :)",0,74,12,zgoda wpływać dokonanie odbiór
"Myślałam, że znowu porwano statek na którym jest M... tego już było by za dużo",0,78,15,myśleć być porwać statek metr
dziś nie popłyniemy bo....\n*inhales*\nFAL NIE MA FAL NIE MA FAL NIE MA FAL NIE MA FAL NIE MA FAL NIE MA FAL NIE MA NIE MA FAAAAAL NIE,0,134,28,popłynieć \n*inhales*\nfal fala fala fala fala fala fala faaaaal
@anonymized_account Zieliński gra jako jeden z trójki napastników.,0,66,8,Zieliński grać trójka napastnik
@anonymized_account Raczey! Jutro będzie jej odczytywane przez cały dzień ;-),0,77,10,raczey jutro odczytywać dzień
Nie wiem co moja mama teraz robi??? Miała mi podpisać papiery???,0,64,11,wiedzieć mama robić mieć podpisać papier
@anonymized_account @anonymized_account Leczyć można z chorób - nie ze stanu umysłowego IQ :),1,93,13,leczyć choroba stan umysłow iq
KURWA PRZESTRASZYŁAM SIĘ SWOJEJ IKONKI BO NIE POZNAŁAM ALE CZYTAM WEŁNA ZEJNA I TAK WTF XDDDDDD,0,95,16,kurwa przestraszyć być swój ikonka poznać być czytać wełna zejny wtf xdddddd
@anonymized_account @anonymized_account Ale od Turka czy takiego udawanego?,0,75,8,turek taki udawany
"@anonymized_account Naprawdę super film! I muszę się przyznać, ze nawet płakałam 🤭",0,82,12,naprawdę super film musieć przyznać płakałam 🤭
"@anonymized_account Oj to nie wiem, poczekaj może jeszcze chwile :(",0,67,10,oj wiedzieć poczekać chwila
"@anonymized_account Był, ale w UEFA nie do odgwizdania.",0,55,8,uef odgwizdać
"@anonymized_account @anonymized_account Kwota spora ok, ale 10000 kibiców średnia biletów liczę 40 zł /szt wiec stadion plus ochrona napewno się spłaci.",0,152,21,kwota spory 10000 kibic średć bilet liczyć 40 złoty /szt wiec stadion plus ochrona napewno spłacić
@anonymized_account Zostaw juz ja bo ja wykończysz na tym warsztacie ;-),0,72,11,zostaw wykończyć warsztat
@anonymized_account @anonymized_account Gdyby nie   śmierdzialo  cebula z daleka może bym się martwił,0,101,12,śmierdzialo cebula daleki martwić
"sędziów wściekła i zła kasta, chyba zaraz się pochlasta",0,55,9,sędzia wściec zły kasta chyba zaraz pochlasta
@anonymized_account nie mam teraz czasu żeby oglądać stracone bramki i Ci wymieniać ale to nie chodzi tylko o derby @anonymized_account,0,135,20,czas oglądać stracić bramka wymieniać chodzić derby
jak uda mi się załatwić to co chce to za miesiąc/ półtora bedzie mnie stać na wymarzone autko,0,93,18,udać załatwić miesiąc/ półtora stać wymarzony autko
@anonymized_account Brawo Patryk złap formę u Słowaków i za rok wzmocnieniem Wisły na puchary,0,93,14,brawo patryk złap forma słowak rok wzmocnien wisła puchar
"@anonymized_account Niestety nie, choć może na TT ktoś się znajdzie i nam opowie.",0,81,13,niestety tt znaleźć opowiedzieć
@anonymized_account @anonymized_account @anonymized_account druga część rundy była tragiczna w wykonaniu Boguskiego więc kłóciłbym się,0,134,14,drugi część runda tragiczny wykonać boguskiego kłócić by być
@anonymized_account To twitterowy  wróbelek 😎,0,45,5,twitterowy wróbelek 😎
@anonymized_account @anonymized_account Jojo inteligentny? O kurwa.... nie wiedziałem...,0,88,8,jojo inteligentny kurwa wiedzieć być
@anonymized_account @anonymized_account Nieładnie się naśmiewać z koleżanek z zespołu :P,0,88,10,nieładnie naśmiewać koleżanka zespół :p
Pytam się Pana kto nalał zepsutego mleka w tryby dobrej zmiany?,0,63,11,pytać nalać zepsuty mleko tryb dobry zmiana
Oto utwór specjalnie dla Ciebie… Babiląd feat. Junior Stress / Damian SyjonFam wykonawcy Beton Jazz\nhttps://t.co/VfuG94sfSR,0,124,15,utwór specjalnie babiląd feat junior stress damian syjonfamć wykonawca beton jazz\nhttps://t.co vfug94sfsr
"@anonymized_account @anonymized_account @anonymized_account Ale nie sądze, żeby Olkowski miał szanse z Gumnym za którego Lech w przyszłości może dobrą kasę dostać.",0,163,21,sąga olkowski szansa gumny lech przyszłość dobry kasa dostać
"@anonymized_account No właśnie nie wiesz, jaki będą mieli skład. Tym dzisiejszym Lecha na pewno nie przestraszą :)",0,114,17,wiedzieć mieć skład dzisiejszy lecha pewno przestrasić
@anonymized_account To akurat bardzo proste: z kogoś trzeba było zrobić idiotę.,0,79,11,akurat prosty ktoś zrobić idiota
@anonymized_account I jeszcze jedno pytanie: onjaką wiarę chodzi w kontekście tych zabobonów?,0,93,12,pytanie onjaki wiara chodzić kontekst zabobon
Kurwa! Czy ktoś może pokazać kiedyś temu Arłukowiczowi kim naprawdę jest. Kopią tego biednego Selina razem z MO.,0,112,18,kurwa pokazać kiedyś arłukowicz kto naprawdę kopać biedny selin razem mo
@anonymized_account @anonymized_account @anonymized_account @anonymized_account @anonymized_account jaka cena bylaby dobra na poczatek licytacji ? :),0,149,14,jaki cena bylaby dobro poczatek licytacja
@anonymized_account Kawaguchi nie popełnił błędu przy żadnej bramce :D,0,70,9,kawaguchi popełnić błąd żaden bramka d
Powyżej 15 tyś się nie pytam,0,28,6,powyżej 15 tyś pytać
"@anonymized_account @anonymized_account Strasznie ostro, nie poznałem, myślałem że to inny Wikuś",0,96,11,strasznie ostro poznać być myśleć być wikuś
@anonymized_account Skoro o tym wiesz to chyba jednak nie potajemnie.,0,69,10,skoro wiedzieć chyba potajemnie
RT @anonymized_account @anonymized_account Ty sprzedawczyku idź świętować święta narodowe folksdojczów 😊,1,104,11,sprzedawczyk iść świętować święto narodowy folksdojcz 😊
@anonymized_account ale wygrała Ugra ? Wygrała :),0,49,7,wygrać ugra wygrać
@anonymized_account @anonymized_account A jaki licznik na dziś bo niewiedzialem w gorączce przed meczowej?,0,106,13,licznik niewiedzial gorączka meczowy
@anonymized_account @anonymized_account @anonymized_account Celem takich meczów jest hurr durr nakopanie Jagiellonii 😉,0,118,12,cel mecz hurr durr nakopanie jagiellonia 😉
@anonymized_account Kolejny pieprzony lanser. My ich wszystkich znamy i możesz sobie takie teksty darować.,0,106,14,kolejny pieprzony Lanser znać móc tekst darować
@anonymized_account Są one niwelowane przez pozostałych.,0,56,6,niwelować pozostały
RT @anonymized_account Steve Mandanda is crazy 😂\nhttps://t.co/47B5plJKo1,0,73,7,steve mandanda is craz 😂 \nhttps://t.co/47b5pljko1
"@anonymized_account Osz Ty chuju, zgłodniałem przez Ciebie... :)",0,64,8,osz chuju zgłodniać być
"@anonymized_account @anonymized_account @anonymized_account @anonymized_account Zastanawia mnie, co robi dwóch gagatków na lewo od Rybusa i Górala.",0,147,16,zastanawiać robić dwa gagatk lewo rybus góralae
Matka każe mi iść ze sobą do kościoła xddddddddddddddd jeszcze mi palcem grozi XDDDDDD,0,86,14,matka kazać iść kościół xddddddddddddddd palec grozić xdddddd
@anonymized_account  ile Wisły do wawy?,0,39,5,wisł wawa
"Muszę czasem z kimś pogadać, przynajmniej na tt, co nie @anonymized_account",0,75,11,musieć pogadać przynajmniej tt
"RT @anonymized_account @anonymized_account @anonymized_account Chciałam napisać dokładnie takiego samego tweeta. To, co zrobiła KKZ to jest wstyd i hańba.",0,154,19,chcieć być napisać dokładnie taki sam tweet zrobić kkz wstyd hańba
RT @anonymized_account Minister Kultury @anonymized_account DO DYMISJI!\n\nZgadzasz się?\nPodaj dalej!,0,102,9,minister kultura dymisji!\n\nzgadzać się?\npodać daleko
"@anonymized_account @anonymized_account @anonymized_account Leszku mój kochany, masz mózg wyprany",1,97,9,leszek kochany mieć mózg wyprać
"Sieci, sieci, sieci komórkowe, media, media, media społecznościowe",0,66,8,sieć sieć sieć komórkowy media media media społecznościowy
@anonymized_account sierra burgess is a loser,0,45,6,sierrać burgess is loser
"W wyniku kontuzji jakiej doznał w meczu pierwszej kolejki JPL ze Standardem, Vadis Odjidja wypada z gry na około trzy tygodnie.",0,127,21,wynik kontuzja jaki doznać mecz pierwszy kolejka jpl standard vadis odjidjo wypadać gra trzy tydzień
"@anonymized_account @anonymized_account Z wypadku zrobiono morderstwo, z morderstwa zrobiono mit a z mitu politykę",0,114,14,wypadek zrobić morderstwo morderstwo zrobić mit mit polityka
@anonymized_account @anonymized_account Bez przesady 😂 wystarczy przeglądnąć instagrama żeby zobaczyć że ma chłopaka :),0,119,14,przesada 😂 wystarczyć przeglądnąć instagram zobaczyć chłopak
@anonymized_account @anonymized_account A pani ciągle z tym antysemityzmem,0,74,8,ciągle antysemityzm
"@anonymized_account @anonymized_account Grał mniej, bo był słaby.",0,65,7,grać mało słaby
@anonymized_account tam były chwilę wcześniej tulipany.,0,55,6,chwila wcześnie tulipać
"@anonymized_account @anonymized_account @anonymized_account @anonymized_account Piotrek pytał, czy się Ivan do tego tematu odnosił.",1,131,13,piotrek pytać ivan temat odnosić
@anonymized_account @anonymized_account Pani @anonymized_account weszła do sejmu i wyszła,0,89,9,wejść sejm wyjść
@anonymized_account @anonymized_account zwycięzca klasyfikacji fair play gra od 1 rundy bez względu na współczynnik,0,115,14,zwycięzca klasyfikacja fair play grać 1 runda wzgląd współczynnik
"@anonymized_account Ja się powoli szykuje do obiadu, bo wstałam prawie 6 h temu. A śniadanie zjem na kolacje 😉",0,110,19,powoli szykować obiad wstać być 6 h śniadanie zjem kolacja 😉
"Na tt te beznadziejne gadki o niczym, to już wolę sam ze sobą",0,61,13,tt beznadziejny gadka nic wola
"@anonymized_account - Marian, zamówmy transport. Jak masz zamiar to przewieźć?\n- Normalnie, Teresa.",0,100,12,marian zamówmy transport mieć zamiar przewieźć?\n normalnie Teresa
"@anonymized_account Wiek juniora ustala się sezonami, a nie latami kalendarzowymi :)",0,84,11,wiek junior ustalać sezon rok kalendarzowy
@anonymized_account To teraz to samo tylko bez 😁😁😁😁😁😁😁😁😁😁,0,57,8,sam 😁 😁 😁 😁 😁 😁 😁 😁 😁 😁
@anonymized_account @anonymized_account Furman to zawodnik Wisły Płock i jego zachowania/błędy itp. to jej problem.,0,115,14,furman zawodnik wisła płock zachowanie błąd i tym podobne problem
"@anonymized_account @anonymized_account ale tu nie chodzi czy mi się podoba czy nie.Np literka \""K\"" kompletnie nie wyszła (na białym tle)",0,138,20,"chodzić podobać nie.np literka \""k\ kompletnie wyjść biały tło"
@anonymized_account Glaskanie też to nie było. 😉,0,48,7,glaskanie 😉
@anonymized_account @anonymized_account Pani mózg jest bardzo niepokojący.,1,74,7,mózg niepokojący
@anonymized_account @anonymized_account przecież kompromitacja to jego drugie imię,0,82,8,kompromitacja drugi imię
@anonymized_account Ciało apetyczne tylko cycków  trochę brak. Ogólnie fajna laska. O ontelekcie się nie wypowiadam😁😁😁😁,0,119,15,ciało apetyczny cycek trochę brak ogólnie fajny lasko ontelekcie wypowiadać 😁 😁 😁 😁
"@anonymized_account @anonymized_account Może kiedyś osiągnął, ale dzisiaj okazał się pospolitym sprzedajnym gnojem.",1,115,12,kiedyś osiągnąć okazać pospolity sprzedajć gnoj
@anonymized_account Ale w ogóle nie traktowałbym tego jako jazdę po innych zawodnikach.,0,87,12,ogół traktować by być jazda zawodnik
@anonymized_account Wszystkie powietrze zabiorą tym warzywom zjeby,0,66,7,powietrze zabiorą warzywo zjeby
@anonymized_account Skąd się tacy ludzie biorą...,0,49,6,taki człowiek brać
"@anonymized_account @anonymized_account @anonymized_account Nasze 2% to chyba 0,25% Niemców, a dają 1%",0,102,12,"2 chyba 0,25 niemiec dawać 1"
"@anonymized_account @anonymized_account @anonymized_account @anonymized_account Nie wiem, zerknij na 90minut",0,108,9,wiedzieć zerknij 90minut
"@anonymized_account IMO około 60, ale nie będę się kłócił.",0,58,9,imo 60 kłócić
@anonymized_account niestety tak.Rozumie że ktoś zmienia sektor ale nie że ktoś odpuscza chodzenie na mecz,0,106,15,niestety tak.rozumie zmieniać sektor odpusczać chodzeć mecz
@anonymized_account @anonymized_account @anonymized_account @anonymized_account @anonymized_account A czy  wie że pakiet paliwowy zostal opracowany za PO,0,153,15,pakiet paliwowy opracować
RT @anonymized_account 97 proc. badanych Polaków odczuwa dumę ze swojego pochodzenia narodowego\n#wieszwiecej \nhttps://t.co/gHayIECObt,0,135,13,97 procent badany polak odczuwać dumę swój pochodzenie narodowego\n#wieszwiecej \nhttps://t.co ghayiecobt
@anonymized_account @anonymized_account Nie. W 16/17 było 0:1 przy Słonecznej po golu Kovacevicia,0,97,12,16/17 0:1 słoneczny gol kovacevicie
@anonymized_account Dzień dobry! Miłego dnia Ci życzę x,0,55,8,dzień dobry miły dzień życzyć x
@anonymized_account Wielgus dla protestujących to jak  mecenas Qń dla posła Gawlowskiego😁,0,89,11,wielgus protestować mecenas qń poseł gawlowskiy 😁
@anonymized_account @anonymized_account @anonymized_account Jakieś video z tej imprezy? Coś na Instagramie? Ma ktoś coś? Jakiś link?,0,132,16,jakiś video impreza instagrama link
"@anonymized_account to bardzo trudne, ale robim co możem 😉",0,58,9,trudny robim moż 😉
@anonymized_account Debil czy tylko udaje debila?,1,49,6,debil udawać debila
@anonymized_account  Ręczni też nie weszli do fazy pucharowej jakbyś nie zauważył. A piłkarze byli jednym z faworytów i bràzowymi medalistami MŚ ?,0,146,22,ręczny wejść faza pucharowy jakby być zauważyć piłkarz faworyt bràzowy medalist mś
"@anonymized_account @anonymized_account @anonymized_account Marna ta idea, która objawiana jest trzema okrzykami na tą samą melodie. #delegalizacja",0,147,16,marny idea objawiać trzy okrzyka ten sam melodia delegalizacja
@anonymized_account @anonymized_account A czy Dziadek wejdzie z nami w interakcje? Mogę zrobić jakąś potrawę na jego cześć;-),0,125,17,dziadek wejść interakcja móc zrobić jakiś potrawa cześć;
RT @anonymized_account @anonymized_account @anonymized_account Nie udało im się wyrzucić Rachonia to chcą totalsi rozwalić program...oni pójdą na każde świństwo !,0,162,20,udać wyrzucić rachonie chcieć totalsi rozwalić program pójść każdy świństwo
@anonymized_account On zawsze ma wscieklizne w oczach jesli chodzi o pis,0,72,11,wscieklizny oko chodzić pis
"@anonymized_account Jak to szlo, baranku boży wybacz nam nagrody",0,64,9,szlo baranek bożyć wybaczyć nagroda
@anonymized_account @anonymized_account A nienawiść jest zaraźliwa jak dżuma. Jak to kiedyś ktoś powiedział.,0,108,13,nienawiść zaraźliwy dżuma kiedyś powiedzieć
"Dobrze, że to już koniec. Transfer Griezmanna nie był Barcelonie niezbędny, a przez ten kabaret to mógłby uczyć, jak zrazić do siebie ludzi.",0,140,23,koniec transfer griezmanny barcelonie niezbędny kabaret móc by uczyć zrazić siebie człowiek
"@anonymized_account Gówno zrobiłeś przez ostatnie 2,5 roku i dalej rozwalasz resztki PO. Jako opozycja jesteście beznadziejni.",0,126,16,"gówno zrobić być ostatni 2,5 daleko rozwalać resztka opozycja jesteście beznadziejny"
@anonymized_account Skąd ja to znam xd a co się dzieje,0,54,10,znać xd dziać
"@anonymized_account Przeprosili, bo tak się zachowują cywilizowani ludzie. A nie jak @anonymized_account i jego propisowskie miernoty.",1,134,16,przeprosić zachowywać cywilizować człowiek propisowski miernot
"@anonymized_account Zima to działa na wyobraźnię, myślenie abstrakcyjne",0,71,8,zima działać wyobraźnia myśleć abstrakcyjny
@anonymized_account @anonymized_account Może być lepszy. Teraz nie jest.,0,72,8,dobry
"@anonymized_account Następny chce się \""wylansować\"" plujac na POLSKICH PATRIOTÓW!!!!!",0,86,9,"następny \""wylansować\ plujac polski patriota"
RT @anonymized_account @anonymized_account @anonymized_account @anonymized_account Do tego pajaca ktoś jeszcze przychodzi ?!!!,1,126,12,pajacać przychodzić
@anonymized_account Już wycie wasze nie pomoże komunistycznej kaście sędziowskiej.Teraz jeszcze te niemieckie media uporządkować trzeba.,0,136,15,wyć pomóc komunistyczny kaśt sędziowskiej.teraz niemiecki media uporządkować
@anonymized_account @anonymized_account @anonymized_account czym pompował balonik ? Mówili że negocjują co oznaczało że nie mają 500 tys euro na niego,0,150,20,co pompować balonik mówić negocjować oznaczać 500 euro
gdzie są jakieś fajne braletki koronkowe?,0,41,6,jakiś fajny braletek koronkowy
@anonymized_account @anonymized_account 19:26 to jest co? Przylot czy wyjście? Wiesz?,0,85,10,19:26 przylot wyjść wiedzieć
"Z Zagłębia Hładun i Czerwiński w składzie (porażka 1:2), a z Legii Carlitos na kapitanie (zmiana w przerwie). Co za seria 😂",0,123,22,zagłębia hładun czerwiński skład porażka 1:2 legia carlitos kapitan zmiana przerwa seria 😂
"Bild po wczorajszej demolce przy Ł3: \""Po co w LM takie ogórki? III-ligowy Trier sprawił BVB w P. Niemiec więcej problemów niż Legia w LM\""",0,139,25,"bild wczorajszy demolka ł3 \""po lm ogórek iii ligowy trier sprawić bvb pan niemiec problem legia lm\"
@anonymized_account @anonymized_account nie rozumiem co jest w tym takiego ZABAWNEGO,0,84,10,rozumieć taki zabawny
"@anonymized_account To jest normalne, to są sępy",0,48,7,normalny sęp
@anonymized_account A który zajmuje się kroczem?,0,48,6,zajmować krocz
Ile czekaliście na odbiór dokumentu prawa jazdy?,0,48,7,czekaliśt odbiór dokument prawo jazda
"@anonymized_account @anonymized_account Codziennie w czyste piżamki, pedanci",0,76,7,codziennie czysty piżamek pedant
Nowa epka hoziera omg to jest to na co czekałam,0,47,10,nowy epka hozier omg czekać być
@anonymized_account @anonymized_account a jak bedzie w rezerwach to rozwiązanie kontraktu i za darmo do Chin,0,108,15,rezerwa rozwiązać kontrakt darmo chiny
"@anonymized_account @anonymized_account @anonymized_account Czasem niewiele trzeba, żeby się nie udało.",0,103,10,niewiele udać
"@anonymized_account @anonymized_account Chyba, że to była hawajska.Wtedy można darować karę śmierci :)",0,102,12,chyba hawajska.wtedy darować kara śmierć
@anonymized_account @anonymized_account PiS za to jest partią służących.,0,72,8,pis partia służących
"RT @anonymized_account Słowacy przeklinają euro, po podstawowe produkty spożywcze jeżdżą do Polski. #Woronicza17",0,112,13,słowak przeklinać euro podstawowy produkt spożywczy jeździć Polska woronicza17
@anonymized_account piłka nożna to taka gra gdzie 22 zawodników biega za piłką a na końcu i tak najsłabszy jest Uryga i Boguski,0,127,22,piłka nożny grać 22 zawodnik biegać piłka koniec słaby uryga boguski
"@anonymized_account Ciekawe jak tam jest ważone. \n- Poproszę pół baku podwawelskiej, tę łopatkę do pełna i może za stówę wędliny.",0,130,20,ciekawy ważyć \n poprosić pół bak podwawelski łopatka pełny stówę wędlina
@anonymized_account Probierz szuka młodych Polaków pasuje jak ulał😉,0,67,8,probierz szukać młody polak pasować uleć 😉
"@anonymized_account Weź kurwa powiedz to GP, Sakiewicza, Wolskim",0,64,8,wziąć kurwa powiedzieć gp sakiewicz wolski
"@anonymized_account \""Niech chociaż sprawdzi\"" teraz będzie miało większe zastosowanie ;)",0,89,10,"\""niecho chociaż sprawdzi\ mieć duży zastosowanie"
@anonymized_account @anonymized_account hahaha z ciekawości zobaczyłem i też mam blocka a ani razu nie komentowałem jej postów :),0,129,18,hahaha ciekawość zobaczyć być blocka raz komentować być post
"@anonymized_account Kibice nie decydują, a np. na Antigę to większą jazdę robili działacze.",0,91,13,kibic decydować na przykład antiga duży jazda robić działacz
Biuro karier jest otwarte w godziny dziekańskie?,0,48,7,biuro karier otworzyć godzina dziekański
"ooooo Adele, dawno jej nigdzie nie słyszałam",0,44,7,ooooo adel dawno nigdzie słyszeć być
@anonymized_account Jezu nie pamietam xd ale w the oryginals był dużej chyba,0,76,12,jezu pamietać xd the oryginals duży chyba
"RT @anonymized_account @anonymized_account To tak jak z Komoruskim, też miał \n70% i padł , o sorry spuścili go w kiblu😂😂😂😂😂😂😂😂😂😂😂😂",1,131,20,komoruski \n70 paść sorry spuścić kibel 😂 😂 😂 😂 😂 😂 😂 😂 😂 😂 😂 😂
"Ludzie galarety, trzęsące sie, płaczące na pochodach, są różni ludzi ale nie oddajmy takim władzy,  płaczki polaczki",1,116,17,człowiek galareta trzęsące płaczące pochod różny człowiek oddać taki władza płaczka polaczka
@anonymized_account No ja się boje co jutro będzie 😂😩,0,53,9,bój jutro 😂 😩
@anonymized_account nie narzekam.Ciesze się z tego co jest.,0,59,8,narzekam.ciesze
"Monster block, monster block, monster block... 😁",0,48,7,monster block monster block monster block 😁
@anonymized_account @anonymized_account @anonymized_account No tak ale co to za ryzyko postawić kupon za 2 zł ?,0,111,16,ryzyko postawić kupon 2 złoty
"@anonymized_account Gdyby nie Ty, to bym się tam nie pojawiła, dzięki",0,69,11,pojawić dzięki
Jak sobie choruje to nagle wszyscy sobie o mnie przypominają i coś chcą ale jak ja czegoś chce to nikt się nigdy nie odezwie zabawne,0,132,25,chorować nagle przypominać chcieć coś nikt odezwiedzieć zabawny
"@anonymized_account Wszystko dobrze, jak nie narzucamy się innym",0,64,8,narzucać inny
"@anonymized_account Wiem, głupio z mojej strony.",0,48,6,wiedzieć głupio mój strona
@anonymized_account A co musi się dziać u Stanowskiego 😂😂😂,0,58,9,dziać stanowskiego 😂 😂 😂
@anonymized_account A mnie się nasuwa takie skojarzenie : pusta jak bęben i smutna jak noc listopadowa.Nie wiem dlaczego.,0,121,18,nasuwać skojarzenie pusty bęben smutny noc listopadowa.nie wiedzieć
"@anonymized_account No tak właśnie mi się wydawało, ale widziałem tweeta, który sugerowałby co innego :)",0,104,15,wydawać widzieć być tweet sugerować by inny
@anonymized_account @anonymized_account A przecież to PiS  podobno szerzy  mowę nienawiści. A Kod i ORP miłość bliźniego. Ja pi...le co za obłęd.,1,145,21,pis podobno szer mowa nienawiść kod orp miłość bliźni pi le obłęd
@anonymized_account @anonymized_account Same k****a przypadki.Jakie to żałosne.,1,79,7,sam k****a przypadki.jakie żałosny
"Coś sobie sprawdzam, skrolujcie dalej :)",0,40,6,sprawdzać skrolujć daleko
@anonymized_account ile oglądałeś spotkań Ferencvarosu ?,0,56,6,oglądać być spotkanie ferencvaros
"I w sumie to smutne ze mam więcej wsparcia w znajomym niż w swoim chłopaku, muszę z nim porozmawiać",0,99,19,suma smutny wsparcie znajomy swój chłopak musieć porozmawiać
@anonymized_account @anonymized_account Lektura?! To powinno być karalne.,0,73,7,lektura karalny
"@anonymized_account To cały czas problem jest w trenerze, a nie Messim.",0,71,11,czas problem trenero messi
"@anonymized_account Czemu tak kulturalnie Łukaszu? Przeważnie jes głupku, Ciemkiewiczu, Warzeszko",0,97,10,kulturalnie łukasz przeważnie jes głupek ciemkiewicz warzeszko
@anonymized_account @anonymized_account Ja nienapisalem ze miales przecieki z zarządu.,0,86,9,nienapisalem miales przecieka zarząd
"jestem taka dziwnie spokojna, odkąd jestem z H",0,46,8,dziwnie spokojny odkąd h
@anonymized_account @anonymized_account dziwie się że ludzie się jeszcze nabierają na jego informacje.Podobnie ma się sprawa z Matysiakiem.,0,139,17,dziwiedzieć człowiek nabierać informacje.podobnie sprawa matysiak
@anonymized_account @anonymized_account oni tam chyba na serio myślą że ktoś za to zapłaci.Nie wiem jaki jest sens wstawiania takich linków.,0,140,20,chyba serio myśleć zapłaci.nie wiedzieć sens wstawiać linek
@anonymized_account Może dlatego że w drugiej połowie już nie powinien grać,0,75,11,drugi połowa grać
RT @anonymized_account Walka o kasę z PJS - Stal St.Wola (wg stat. @anonymized_account na ost. mecze wpuszcza na minutę rez. bramkarza w pole żeby…,0,147,24,walka kasa pjs stal st.wola według stat ost mecz wpuszcz minuta rez bramkarz pole
"@anonymized_account Patrzę przechodziłeś przez to samo, , pani ze sklepu pan ma jakąś nienaturalną budową",0,105,15,patrzę przechodzić być sam sklep jakiś nienaturalny budowa
@anonymized_account 100% poparcia dla @anonymized_account zawsze i wszędzie.  Na dobre i złe.,0,93,12,100 poparcie wszędzie dobry zły
@anonymized_account @anonymized_account O Panu?? Jak o takim kutasie można mówić Pan?,0,85,11,pan taki kutas mówić
@anonymized_account Czyli w menu były również lody???,0,53,7,menu lód
ciekawe czy faktycznie jest taki zakład bo jeśli tak to nieźle XD,0,65,12,ciekawy faktycznie zakład nieźle xd
"@anonymized_account tylko raz wymiekla i caly dzień internety, a tak wszędzie z nami, w  domu caly czas w swoim  pokoju albo z chlopakiem 13 lvl",0,144,25,wymiekiel dzień interneta wszędzie dom czas swój pokój chlopak 13 lvl
"Wiem, że DM-ki nie zdobywają lajków, ale jakby co - staram się je czytać na bieżąco. Życzliwie pozdrawiam ;-)",0,109,19,wiedzieć dm ki zdobywać lajk starać czytać bieżąco życzliwie pozdrawiać
"@anonymized_account @anonymized_account @anonymized_account @anonymized_account Jakaś literówka się trafiła widzę. Powinno być \""z niego\"".",0,139,13,"literówka trafić widzieć \""z niego\"
@anonymized_account ale fotki z nową fryzurą to już się wstydziłaś pokazać ?:),0,78,12,fotka nowy fryzura wstydziłaś pokazać
"Widać teraz, ile nas ta Portugalia kosztowała. Walczymy!!!",0,58,8,widać portugalia kosztować walczyć
@anonymized_account Nie wkurwiaj się. Nie tylko Tobie.,0,54,7,wkurwiać
ale się ciesze na pracownie radiową XD,0,38,7,ciesze pracowć radiowy xd
"@anonymized_account @anonymized_account Siedzą kilka stołów od Ciebie, podejdź i zagadaj 😜",0,90,11,siedzieć stół podejdź zagadać 😜
"@anonymized_account Mam córkę chrzestną Julcie, liczy się? 💁",0,60,8,córka chrzestny julta liczyć 💁
@anonymized_account Pewnie widzieli wyroki Sądu Najwyższego.,0,60,6,pewnie widzieć wyrok sąd najwyższego
"RT @anonymized_account Hej, TVN, ale wiecie, że jak macie #PożarWBurdelu to wymienia się ku*wy, a nie firanki.",0,110,17,heja tvn wiedzieć mieć pożarwburdel wymieniać ku*wy firanka
@anonymized_account @anonymized_account Ja jestem zadowolony z tego transferu :P,0,80,9,zadowolony transfer :p
@anonymized_account @anonymized_account nie wiem skąd taki optymizm.Górnik sprowadza teraz zawodników na ilość a nie jakość,0,123,15,wiedzieć optymizm.górnik sprowadzać zawodnik ilość jakość
"@anonymized_account a jak bedzie po hiszpansku \""pierdolony symulant\"" ?",1,72,9,"hiszpansk \""pierdolony symulant\"
@anonymized_account Tt to dobre miejsce do wyrwania laski na amerykańską żonę😁😁😀,0,80,11,tt dobry miejsce wyrwać laski amerykański żona 😁 😁 😀
"Hehe Lechia chyba się trochę wyglupila tym Lizaniem dupy kolejorzowi i transparentem \"" wszyscy do Sydney...\"" pozatym to z czym do czego",0,137,22,hehe lechia chyba trochę wyglupilać lizan dupa kolejorzowy transparent sydneya pozaty co co
"@anonymized_account Zgadza się, ale to też może być kwestia tego słońca.",0,72,11,zgadzać kwestia słońce
"@anonymized_account każdy może, mam otwartą skrzynkę :-)",0,56,7,otwartą skrzynka
"@anonymized_account Chyba nie może grać, ale to musi jeszcze @anonymized_account potwierdzić.",0,93,11,chyba grać potwierdzić
Lektor na tvp2:  the gut doktor,0,31,6,lektor tvp2 the gut doktor
@anonymized_account @anonymized_account A jaki Ty kurwa brzydki jesteś...,1,73,8,kurwa brzydki być
Jeszcze wyciszyłem @anonymized_account i kurwa zbanowałem @anonymized_account,0,77,7,wyciszyć być kurwa zbanować być
"@anonymized_account @anonymized_account @anonymized_account pelne optymizmu, sukces rodzi sukces",0,96,8,pelny optymizm sukces rodzić sukces
"@anonymized_account No i ok. To teraz strachy na wróble, miotły,kołki od płotu itd,itp😁😁😀",0,89,13,strach wróbel miotł kołka płot i tak dalej i tym podobne 😁 😁 😀
@anonymized_account @anonymized_account @anonymized_account Co oni mają w tych swoich łbach?,0,92,10,swój łba
W końcu mam trochę czasu,0,24,5,koniec trochę czas
Koalicja zaatakowała reżim Asada. Przedtem uprzedziła o tym Rosję.Rosja uprzedziła Syrię.Syria ewakuowała swoje fabryki.,0,120,14,koalicja zaatakować reżim asad uprzedzić rosję.rosja uprzedzić syrię.syria ewakuować fabryka
RT @anonymized_account „Rokita: chylę czoła przed Kaczyńskim i Ziobrą za reformę sądów”\nhttps://t.co/P3tTbWBuG5,0,112,12,Rokita chylę czoło kaczyński ziobrą reforma sądów”\nhttps://t.co p3ttbwbug5
RT @anonymized_account @anonymized_account @anonymized_account Wyłącz TVN i zniknie faszyzm w Polsce 😂😂😂💪💪💪,0,107,12,wyłącz tvn zniknąć faszyzm Polska 😂 😂 😂 💪 💪 💪
"@anonymized_account Ale super, życzę Ci świetnej zabawy!",0,56,7,super życzyć świetny zabawa
@anonymized_account Straszy redekcje karami gałgan jeden,1,56,6,straszy redekcja kara gałgan
"@anonymized_account @anonymized_account  haha, a jesteśmy w dwóch różnych pokojach :-)",0,86,10,hahy być dwa różny pokój
"@anonymized_account A co to sport tylko dla wybranych, że chcesz żeby mu się odechciało ?",0,89,15,sport wybrać chcieć odechciać
"@anonymized_account @anonymized_account Jak dostanę takie polecenie. Na razie nie dostałem, więc nie ma tematu 😉",0,112,15,dostać polecenie dostać być temat 😉
Nie pamietam co miałam zrobić z tym tekstem na retorykę starość nie radość,0,74,13,pamietać mieć być zrobić tekst retoryka starość radość
"@anonymized_account Nie nob dziekuję, chuj mu w dupę gruby",0,58,9,nob dziekować chuj dupa gruby
"@anonymized_account czy Pan Waldemar ma zakaz wjazdu Parchu, czy nie ma?",0,72,11,waldemar zakaz wjazd parch
@anonymized_account No właśnie była lepsza 😜,0,44,6,dobry 😜
"@anonymized_account @anonymized_account \""Port męki i rozpaczy Nowoczesnej\""    Super.",0,86,8,"\""port męka rozpacz nowoczesnej\ super"
"@anonymized_account @anonymized_account Nie strasz, nie strasz.... Zajmij się kolegami pedofilami i kolegą Paetzem.",1,115,13,strać straszyć zajmij kolega pedofil kolegą paetz
@anonymized_account @anonymized_account @anonymized_account Troluj sobie troluj. Za to Co płacą.,0,96,10,troluć troluj płacić
@anonymized_account Czyżby podwyżki niedostali i solidarnie się zwolnili?,0,73,8,czyżby podwyżka niedostać solidarnie zwolnić
"Halo Kraków, kogo byście uznali za gwiazdę/najważniejszego zawodnika obecnej Wisły? 😉",0,85,11,halo kraków kto byście uznać gwiazda najważniejszego zawodnik obecny wisła 😉
@anonymized_account @anonymized_account Kamilo jak patrzę na Ciebie to widzę obraz nędzy i rozpaczy,0,99,13,kamilo patrzyć widzieć obraz nędza rozpacz
"Żerowisko, targowica, marsz do zbrojowni, wnuki gomulki, amanti z madery",0,72,10,żerowisko targowica marsz zbrojownia wnuki gomulka amanti madera
@anonymized_account @anonymized_account Ej no zasłużył sobie! :D,0,64,7,ej zasłużyć d
"@anonymized_account @anonymized_account Jak Cie malo obchodzi, to nie bierz udziału w dyskusji.",0,95,12,malo obchodzić bierz udział dyskusja
"@anonymized_account 6 bramek w 15 meczach w Bośni. No jest w takim gazie, że strach się bać.",0,92,17,6 bramka 15 mecz bośnia taki gaz strach bać
"Z zastrzeżeniem, że nie pamiętam, czy brał udział przy trzeciej i czwartej bramce z Argentyną 😛",0,95,16,zastrzeżenie pamiętać brać udział trzeci czwarty bramka argentyna 😛
"No, Widzew wyciągnął w Ostródzie na 2:1. Kacper Falon miał udział przy golu.",0,76,13,widzew wyciągnąć ostróda 2:1 Kacper falon udział gol
"Pachniala rosołem, a teraz pachnie pieniędzmi @anonymized_account",0,65,7,pachnialać rosoć być pachnieć pieniądz
"@anonymized_account @anonymized_account Na palacza to nie działa, obawiam się.",0,78,9,palacz działać obawiać
@anonymized_account A kierowca autobusu wstał i zaczął klaskać ?,0,64,9,kierowca autobus wstać zacząć klaskać
@anonymized_account @anonymized_account @anonymized_account Bo letnie Grand Prix w skokach dopiero w połowie lipca,0,114,13,letć grand prix skoka dopiero połowa lipiec
jedyne co mi w życiu wyszło to drut ze stanika,0,46,10,jedyny życie wyjść drut stanik
@anonymized_account @anonymized_account dopiero po porodzie kobiety maja mgliste pojęcie o bólu mężczyzn z katarem.,0,115,14,dopiero porodza kobieta maj mglisty pojęcie ból mężczyzna katar
"RT @anonymized_account Oj Ulka Ulka dam ci dobrą rade: Jak facet ma na imię Bartek to znaczy, że coś z nim jest nie tak  #mjakmiłość",0,132,25,oj ulka ulka dać dobry rade facet imię Bartek znaczyć mjakmiłość
"@anonymized_account @anonymized_account Nie wierzę, bez zaświadczenia od proboszcza?",0,84,8,wierzyć zaświadczeć proboszcz
"@anonymized_account Pewnie dostalby dużą podwyżkę, ale szanujmy się. Nikt mu nie kazał przedłużać kontraktu.",0,108,14,pewnie dostalieb duży podwyżka szanuć nikt kazać przedłużać kontrakt
@anonymized_account @anonymized_account @anonymized_account @anonymized_account @anonymized_account @anonymized_account A wpływem czego jest noszenie wąsów i kretyńskiej apaszki?,1,178,15,wpływ co nosić wąs kretyński apaszka
@anonymized_account @anonymized_account Najpierw to zacznijmy od spłaty zobowiązań.,0,83,8,najpierw zacznić spłata zobowiązanie
#NAME?,0,6,1,nam
@anonymized_account Myślę że nie jest mu do śmiechu😁😁,0,53,8,myśleć śmiech 😁 😁
"@anonymized_account Dziękujemy, a ode mnie dla Juniora :-)",0,58,8,dziękować od junior
"@anonymized_account @anonymized_account Krzysiek masz jakieś info nt spotkania \""Ondrasek- Głowacki \""?",0,103,11,"Krzysiek mieć jakiś info nt spotkanie \""ondrasek głowacki"
Papież Benedykt 16  do Auschwitz udał się  limuzyną z ochroną,0,61,10,papież benedykt 16 auschwitz udać limuzyna ochrona
@anonymized_account Po prostu chciałem zrozumieć tą obsesje. Pozdrawiam.,0,72,8,prosty chcieć być zrozumieć ten obsesja pozdrawiać
@anonymized_account @anonymized_account a ja się przyczepie !:D skład na Polską lige jest mocny więc nie ma co mówić że nie rzuca na kolana :),0,142,24,przyczepać d skład polski lige mocny mówić rzucać kolano
@anonymized_account @anonymized_account a jakby podpisali kontrakt z kimś pokroju Katki to bys się cieszyła że liczba graczy się zgadza ?,0,137,20,podpisać kontrakt pokrój katki bys cieszyć liczba graczyć zgadzać
"RT @anonymized_account Żona Messiego to musi mieć teraz nerwy. Pasztety i warzywne sałatki do zrobienia, a ten se poszedł z kolegami grać w piłkę.",0,146,24,żona messiy mieć nerw pasztet warzywny sałatka zrobić se pójść kolega grać piłka
"@anonymized_account @anonymized_account Ale perypetie, ty to  masz życie",0,72,8,perypetia mieć życie
@anonymized_account @anonymized_account Czego nie miał ? Bo tweet Wisły usunięty :),0,83,11,co tweet wisła usuniąć
@anonymized_account Co nie było blisko? Bo nie rozumiem.,0,56,8,blisko rozumieć
"Dzwonię do Dziadka\n- Byłeś na Marszu?\n- Tak.\n- Fajnie?\n- Tak, tylko dużo ludzi.\n😂",0,86,12,dzwonić dziadka\n być być marszu?\n tak.\n fajnie?\n ludzi.\n 😂
@anonymized_account Łona mają to do siebie że bywają piękne😁😁😁,0,62,9,łić siebie bywać piękny 😁 😁 😁
@anonymized_account To nie jest kwestia nieznajomości slajdów prezesa. Oni zmienią front jak PiS dosypie kasy.,0,110,15,kwestia nieznajomość slajd prezes zmienić front pis dosypa kasa
"@anonymized_account swoją drogą, czy tylko mnie się wydaje, że ta noga wygląda jak złamana w kolanie?",0,101,16,swój droga wydawać noga wyglądać złamać kolan
"@anonymized_account Dowcip brudny, jak podłoga w Ulubionej przed 5:00 z soboty na niedzielę.",0,92,13,dowcip brudny podłoga ulubioć 5:00 sobota niedziela
"Życie, nie powiedzą, ale chłopcy biedni, szkoda gadać",0,53,8,życie powiedzieć chłopiec biednia szkoda gadać
@anonymized_account Siły wolnościowe to też Pan? A to nie Pan kiedyś chciał pałować protestujących?,0,99,14,siła wolnościowy kiedyś chcieć pałować protestować
@anonymized_account Bo ma 20 jak coś,0,36,6,20
@anonymized_account Ten Pan w okularach w środku to też niepełnosprawny. Umysłowo.,0,82,11,okulary środek niepełnosprawny umysłowo
@anonymized_account @anonymized_account @anonymized_account może dlatego że pozbyto się osób które zbyt dużo informacji sprzedawało na zewnątrz,0,143,16,pozbyć osoba zbyt informacja sprzedawać zewnątrz
"@anonymized_account Jestem w rozsypce, jak tu być polakiem, jak iść do kościola z taka wysypką i kateram?",0,105,17,rozsypce polak iść kościole wysypka katerać
@anonymized_account Varszawy niema w LM wiec var tam niepotrzebny ;-),0,69,10,varszawy niemy lm wiec var niepotrzebny
@anonymized_account już mam folder na pulpicie przygotowany 😉,0,61,8,folder pulpit przygotować 😉
@anonymized_account @anonymized_account @anonymized_account Mocne słowa? Idiota nie jest w stanie niczego takiego powiedzieć,1,124,13,mocny słowo idiota stan nic taki powiedzieć
@anonymized_account Ta twarz mówi wiele😁😁😁.Masturbacja w ciemnej komórce każdemu złamała by życie.Uuuuuu!,0,105,12,twarz mówić 😁 😁 😁 .masturbacja ciemny komórka każdy złamać życie.uuuuuu
"Na pierwszych stronach Dziennika Polskiego artykuł o tym, że kibice Wisły wysyłają kartki świąteczne do więzień haha.To się nazywa obsesja.",0,139,20,pierwszy strona dziennik polski artykuł kibic wisł wysyłać kartka świąteczny więzienie haha.to nazywać obsesja
@anonymized_account o nie!😂 a czego słucha?,0,43,6,😂 co słuchać
@anonymized_account Mnie nic nie potrafi zaskoczyć jeśli chodzi o ten klub 😂,0,76,12,potrafić zaskoczyć chodzić klub 😂
"@anonymized_account Jeszcze nie widziałam, żeby ktoś na moim tl tak pisał",0,73,11,widzieć być tl pisać
@anonymized_account Toż to jak bug w Fifie 😂,0,44,8,toż bug fifa 😂
@anonymized_account ale jaka piłeczka ? Wisła może zsyłać do rezerw kogo chce.Chyba że w kontrakcie był taki zapis @anonymized_account @anonymized_account @anonymized_account,0,174,21,jaki piłeczka wisła zsyłać rezerwa kto chce.chyba kontrakt zapis
"@anonymized_account @anonymized_account @anonymized_account Powiedziałbym, że jest wręcz odwrotnie.",0,99,8,powiedzieć by być wręcz odwrotnie
@anonymized_account wcześniej spamowałeś Cierzniakiem to się teraz nie dziw,0,75,9,wcześnie spamować być cierzniak dziw
Nie idę dzisiaj na uczelnie w dupie to mam,0,42,9,iść uczelnia dupa
@anonymized_account W związku z tym tytuł jest kontrowersyjny :),0,64,9,związek tytuł kontrowersyjny
"Bądźmy szczerzy. To Ekstraklasa, Pogoń w tym meczu była pewniakiem.",0,67,10,bądźmy szczerz ekstraklasa pogoń mecz pewniak
@anonymized_account A Wy kiedy jesteście? \u0026lt;otwiera kalendarz\u0026gt;,0,77,7,jesteście \u0026lt;otwiera kalendarz\u0026gt
"@anonymized_account Epoka postprawdy, ale dokladnie widzimy dekompozycję obozu rządzącego",0,89,9,epoka postprawda dokladnie widzieć dekompozycja obóz rządzący
"@anonymized_account @anonymized_account Pajacu, jak podajesz przepis to masz go znać na pamięć. Inaczej robią z siebie idiotę tak jak teraz.",0,140,20,pajac podajieć przepis mieć znać pamięć inaczej robić siebie idiota
@anonymized_account Mało skuteczna bo przegrywam 🤔,0,50,6,skuteczny przegrywać 🤔
"@anonymized_account Tez sie przystawiałeś, oj wy wszyscy siebie warci @anonymized_account",0,89,10,teza przystawiać być oj siebie warcić
@anonymized_account nie wiem jak sobie poradzi śpiewając ją na żywo ale piosenka serio wpada w ucho XD,0,102,17,wiedzieć poradzić śpiewać żywo piosenka serio wpadać ucho xd
RT @anonymized_account Jakiś lepszy cwaniak ;)\nhttps://t.co/VpTAeEZECY,0,71,6,dobry cwaniak \nhttps://t.co vptaeezecy
@anonymized_account w to nie wątpie :D,0,38,6,wątpać d
@anonymized_account @anonymized_account Nie można Was przeceniać? 😜 Chyba lekceważyć :),0,87,10,przeceniać 😜 chyba lekceważyć
"@anonymized_account jest spotkanie w sprawie wymian do usa z uczelni, idziesz? xd",0,81,12,spotkanie sprawa wymiana usa uczelnia idziesz xd
@anonymized_account Chyba cię frustracie do końca pojebało. To dawaj publicznie tą prawdę psycholu.,1,99,13,chyba frustracie koniec pojebeć dawać publicznie ten prawda psychol
"RT @anonymized_account @anonymized_account Skala upadku. Kiedyś w błysku fleszy, dziś oglądany przez kilkanaście osób.",0,118,14,skala upadek kiedyś błysk flesz oglądać kilkanaście osoba
@anonymized_account Dlaczego średnio? W decydujacym o awansie Widzewa czerwcu był piłkarzem miesiąca,0,100,12,średnio decydujacym awans widzewać czerwiec piłkarz miesiąc
@anonymized_account @anonymized_account Houston pracuje nad tym żeby to inaczej przedstawić :),0,94,11,houston pracować inaczej przedstawić
"@anonymized_account To chuj, niech już zostanie. Na marginesie tak kiedyś robiłem do fotek, ile śmiechu było",0,108,16,chuj zostać margines kiedyś robić być fotka śmiech
"@anonymized_account @anonymized_account @anonymized_account @anonymized_account Wystarczy, że Astiz wznowił kariere.",0,116,9,wystarczyć astiz wznowić kariere
@anonymized_account Nie pamiętam gdzie wczoraj byłem,0,52,6,pamiętać wczoraj być być
"@anonymized_account niech wejdzie na luzie i pewnie tak żeby nie musiał zostawiać dokumentu, milion osób tak przemyciłam",0,120,17,wejść luz pewnie musieć zostawiać dokument milion osoba przemycić być
"@anonymized_account 1400 zasiłek, 153 świadczenie, 500 +, rodzinne+ dodatek z tytułu niepełnosprawności około 300 zł",0,116,15,1400 zasiłek 153 świadczenie 500 + rodzinne+ dodatek tytuł niepełnosprawność 300 złoty
@anonymized_account Mogła zająć pierwsze miejsce to grała by z Rosją😁.,0,70,10,móc zająć pierwszy miejsce grać rosja 😁
"RT @anonymized_account Premier @anonymized_account w #Tychy: Tak, jak spełniamy nasze obietnice w rządzie, tak będziemy spełniać je w samorządzie. #Dotrzym…",0,156,20,premier tych spełniać obietnica rząd być spełniać samorząd dotrzym
"@anonymized_account ej, dobra, weźmie ten chrzest czy nie? xd",0,61,9,ej dobry wziąć chrzest xd
@anonymized_account Coś u Kądziora chyba nie do końca tak jak trzeba ;),0,71,12,kądzior chyba koniec
@anonymized_account @anonymized_account a co teraz Wolski nie grał ? A jaka była frekwencja ?,0,93,14,wolski grać jaki frekwencja
@anonymized_account A cóż może powiedzieć facet z mózgiem jenota?,0,65,9,cóż powiedzieć facet mózg jenota
@anonymized_account Pójdę z Tobą jak chcesz 😇,0,45,7,pójść chcieć 😇
@anonymized_account E tam zaraz chora😁😁.Bez przesady.😁😁😁😁😁😁,0,59,6,e zaraz chory 😁 😁 .bez przesada 😁 😁 😁 😁 😁 😁
@anonymized_account @anonymized_account @anonymized_account Ty Misiu jesteś taki rodzinny  mędrek  który wszystkich wkurwia,0,123,12,Misiu być rodzinny mędrka wkurwiać
@anonymized_account Naprawdę dało się to zauważyć?😁😁😁,0,53,6,naprawdę dać zauważyć 😁 😁 😁
#NAME?,0,6,1,nam
@anonymized_account @anonymized_account Nie tylko twoja przeżywała i wspomina IIWW pajacu.,0,90,10,przeżywać wspominać iiww pajac
@anonymized_account @anonymized_account Zdaję sobie tego sprawę ;),0,66,7,zdawać sprawa
"Wieczorna zmiano, jeszcze raz zostawiam Wam ratowników z #Zofiówka \nhttps://t.co/XM6NyP7PGC",0,92,10,wieczorny zmiać zostawiać ratownik zofiówka \nhttps://t.co xm6nyp7pgc
"@anonymized_account Tylu ich, że można się pogubić ;)",0,53,8,tyle pogubić
"Qrwa!! I niech mi nikt nie mówi, że czary to jakiś zabobon!! Chłopaki mają sztywne nogi!",0,88,16,qrwa nikt mówić czary zabobon chłopak sztywny noga
@anonymized_account @anonymized_account @anonymized_account o jakiej stronie mowa ?:),0,85,8,jaki strona mowa
"@anonymized_account Tak, z dwoma zespołami z jednego kraju.",0,59,8,dwa zespoł jeden kraj
@anonymized_account @anonymized_account tylko nie przesadź z alkoholem 😂,0,72,8,przesadź alkohol 😂
@anonymized_account @anonymized_account @anonymized_account I bicie niepełnosprawnych w sejmie,0,94,8,bić niepełnosprawny sejm
@anonymized_account @anonymized_account @anonymized_account No oboje Państwo wyglądacie jak rodzeństwo. I tacy żółci oboje.,0,123,13,oba państwo wyglądać rodzeństwo taki żółć oba
O kurwa faktycznie. Kamil Ślimak to wspak Kamil Ślimak,0,54,9,kurwa faktycznie Kamil ślimak wspak Kamil ślimak
"@anonymized_account To lepiej powiedzieć, ze w sumie wszystki jest dobrze.",0,74,10,dobrze powiedzieć suma wszystka
"@anonymized_account Jesteś w górach, więc żeby ta słodka, puchata kulka za trzy miesiące nie okazała się sporych rozmiarów niedźwiadkiem 🐻",0,138,20,być góra słodek puchaty kulka trzy miesiąc okazać spory rozmiar niedźwiadkie 🐻
@anonymized_account Kto to mówi hehe do gazu hehe,0,49,8,mówić hehe gaz hehe
@anonymized_account Oby z legia tak pomógł jak z Wisłą,0,54,9,oby legia pomóc wisła
"RT @anonymized_account @anonymized_account @anonymized_account Jestem, za tym. Tylko nie jestem z WaWki, musieli by to zrobić Prawi z tych terenów 👍💪😎.",0,151,21,wawka musieć zrobić prawić teren 👍 💪 😎
"@anonymized_account Mimo to władza oparta na wieprzowinie, węglu i służbach mundurowych zamiecie aferę pod dywan",0,112,15,władza oprzeć wieprzowinie węglu służba mundurowy zamiecie afera dywan
"Podobno @anonymized_account jest tak biedna, że @anonymized_account żyruje kredyt na makaron",1,92,11,podobno biedny żyrować kredyt makaron
"@anonymized_account Z wypadku zrobiono morderstwo, z morderstwa zrobiono mit a z mitu politykę",0,94,13,wypadek zrobić morderstwo morderstwo zrobić mit mit polityka
@anonymized_account @anonymized_account i oczywiście było pytanie czy nie boi się o przyszłość Wisły 😂 przechodzicie samych siebie,0,130,17,oczywiście pytanie bać przyszłość wisła 😂 przechodzicie sam siebie
@anonymized_account @anonymized_account ale to nie jest plebiscyt na najbardziej utytułowanego sportowca roku,0,109,12,plebiscyt bardzo utytułowany sportowca
"@anonymized_account 😂\n\nKrzysztof Piątek: w Ekstraklasie strzelał tylko z karnych, we Włoszech objawienie ligi, 6 goli w 5 meczach Serie A.",0,140,20,😂 \n\nkrzysztof piątek ekstraklas strzelać karny włoszech objawić liga 6 gol 5 mecz serie
"@anonymized_account Tylko to nie oznacza, że PZPN nie mógł więcej zaoferować Nawałce, gdyby była taka potrzeba.",0,111,16,oznaczać pzpn móc zaoferować nawałka potrzeba
"@anonymized_account @anonymized_account Opowiedz mi to, bo ja się chyba cykam obejrzeć XD",0,89,12,opowiedz chyba cykać obejrzeć xd
"RT @anonymized_account pies mi wpadł na pełnej kurwie do pokoju boże tak się przestraszyłam\nmyślałam, że już po mnie przyszło fbi",0,130,20,pies wpaść pełny kurwa pokój boży przestraszyłam\nmyślać być przyjść fbi
@anonymized_account skoro zarząd pozwala na takie cyrki to niestety potrwa to lata,0,82,12,skoro zarząd pozwalać cyrka niestety potrwać rok
@anonymized_account @anonymized_account @anonymized_account dobrze by mu to zrobiło.Za słaby na Wisłe.,0,102,11,zrobiło.za słaby wisłe
@anonymized_account Zobaczymy. Wszystko od razu niego zalezy. Miejsc w skladzie jest 11,0,87,12,zobaczyć raz zaleza miejsce skladza 11
@anonymized_account @anonymized_account Krężel też w stylu Energi bo ponoć w ciąży jest :),0,90,13,krężel styl energa ponoć ciąża
@anonymized_account @anonymized_account @anonymized_account Odpalcie sobie FM-a. Będzie to miało więcej wspólnego z rzeczywistością 😜,0,133,14,odpalć fm mieć wspólny rzeczywistość 😜
"@anonymized_account Myślę, że to nie kibicom trzeba tłumaczyć, a działaczom PZPS i tzw. \""ekspertom\"".",0,102,14,"myśleć kibic tłumaczyć działacz pzps \""ekspertom\"
@anonymized_account a wydanie 500 tys euro gdy się nie ma pieniędzy nie jest strzałem w kolano ?,0,96,17,wydanie 500 euro pieniądz strzać być kolano
"@anonymized_account Nieeee, przy popchnięciu dalej jest karny + czerwona. Nie karze się podwójnie tylko przy próbie nieudanej zagrania piłki",0,140,19,nieeee popchnięcie daleko karny + czerwony karz podwójnie próba nieudany zagrać piłka
@anonymized_account O super gratuluje widzisz zdałaś!!!,0,55,6,super gratulować widzieć zdać być
@anonymized_account Hahahaha kompletna bzdura. Brak lekarzy stomatologów i kompletny brak pielęgniarek. Głupoty prawisz waćpanna.,0,129,14,hahahahy kompletny bzdura brak lekarz stomatolog kompletny brak pielęgniarka głupota prawić waćpanny
@anonymized_account @anonymized_account W Glasgow na pewno :),0,61,7,glasgow pewno
@anonymized_account @anonymized_account A poseł Szczerba z tym dziwnym wyrazem oczu już się urodził😁,1,100,13,poseł szczerba dziwny wyraz oko urodzić 😁
"@anonymized_account @anonymized_account No ale bądźmy sprawiedliwi.Jesli teraz są pisowskie,to przedtem były peowskie, A nie niezależne.",0,136,15,bądźmy sprawiedliwi.jesli pisowski peowski niezależny
@anonymized_account To nie było tematu :),0,41,6,temat
@anonymized_account @anonymized_account @anonymized_account Jakbym był Twoim odbiciem to bym już dawno skoczył z wysokiego mostu.,1,129,15,jakby być odbicie dawno skoczyć wysoki most
@anonymized_account @anonymized_account A żądał ktoś pytanie kto chciałby Polaka w rodzinie?,0,92,11,żądać pytanie chcieć by polak rodzina
@anonymized_account @anonymized_account @anonymized_account @anonymized_account Ale to pojedyncze sztuki na cały kraj. Zupełnie inny system.,0,140,14,pojedynczy sztuka kraj zupełnie system
"@anonymized_account @anonymized_account Qurwa JAKI zacznij kopać rowy w Warszawie i zrób ,,,,Wenecjie,,,,",0,105,12,qurwa zacznij kopać rowy Warszawa zrobić wenecjie
Ważne! W piątek kolejny warszawski radny PO przechodzi do PiS w proteście przeciwko aferze reprywatyzacyjnej. \n#Jaki2018,0,121,16,ważny piątek kolejny warszawski radny przechodzić pis protest przeciwko afera reprywatyzacyjny \n#jaki2018
"kto  chce mi polajkować ostatnie zdjęcie na insta? odwdzięcze się, może być też f4f bo mój instagram umarł ;(",0,109,19,polajkować ostatni zdjęcie insty odwdzięczy f4f instagram umrzeć
@anonymized_account @anonymized_account Kto mu kupił pierwszą muchę? 😎,0,70,8,kupić pierwszy muchę 😎
@anonymized_account Harcerstwo nigdy mnie nie interesowało 😜,0,60,7,harcerstwo interesować 😜
"@anonymized_account Trochę inny przypadek (plotek trochę wcześniej było), ale w sumie racja. Tutaj zawiodła głowa.",0,114,15,trochę przypadek plotek trochę wcześnie suma racja zawiość głowa
"@anonymized_account Ja już nie odczuwam, regularność codziennie do pracy, śmieję się wiatru w twarz, czym mocniej wieje tym głośniej sié śmieję",0,143,21,odczuwać regularność codziennie praca śmieja wiatr twarz co mocno wiejeć głośno sié śmieja
"@anonymized_account @anonymized_account @anonymized_account Widzę, że o debili tu nie problem. Co drugi prawy za  takiego robi.",1,127,16,widzieć debić problem drugi prawy taki robić
RT @anonymized_account Żeby Gliński nie kupił od Krzyżaków zamku w Malborku.,0,76,11,gliński kupić krzyżak zamek malbork
@anonymized_account wszyscy piszą że 71 albo 72 wystepy :D ale zaryzykuje Twoją wersje :),0,89,14,pisić 71 72 wystep d zaryzykować twój wersja
Słów kilka o żałosnym antybohaterze ostatnich dni. \nhttps://t.co/Rzlzidb6l0,0,76,8,słowo żałosny antybohaterze ostatni dzień \nhttps://t.co rzlzidb6l0
„Rokita: chylę czoła przed Kaczyńskim i Ziobrą za reformę sądów”\nhttps://t.co/P3tTbWBuG5,0,89,10,Rokita chylę czoło kaczyński ziobrą reforma sądów”\nhttps://t.co p3ttbwbug5
"@anonymized_account @anonymized_account @anonymized_account I dupa boli, że funkcjonują normalnie i płacą normalne podatki a nie zasilają przelewów na Rydzyka?",0,159,19,dupa boleć funkcjonować normalnie płacić normalny podatek zasilać przelew rydzyk
@anonymized_account nie ma co narzekać.Jak nie bedzie transferów to przynajmniej np Kujawa dostanie szanse,0,106,14,narzekać.jak transfeer przynajmniej na przykład kujawa dostać szansa
"@anonymized_account Wczoraj za strzały, których bramkarz nie ma prawa puścić, uznawano za zbawce Fabiańskiego ;)",0,112,15,wczoraj strzał bramkarz prawo puścić uznawać zbawce fabiański
"Kocham to, że jak używacie opery to po ponownym włączeniu komputera otwierają się stare karty ❤️",0,96,16,kochać używać opera ponowny włączć komputer otwierać stary karta ❤ ️
@anonymized_account Ja kocham krewetki i oliwki 💕💕,0,50,7,kochać krewetka oliwka 💕 💕
"Siaga chciała mi zjeść schabowego, doszło do szarpaniny",0,55,8,siaga chcieć zjeść schabowy dojść szarpanina
@anonymized_account @anonymized_account @anonymized_account A kto głupiemu  przetłumaczy jak się uprze?😁😁😁,0,106,10,głupi przetłumaczyć uprze 😁 😁 😁
@anonymized_account musze się przyznać że znowu się sfrajerzyłem bo kliknąłem w link nie patrząc że to ta zjebana wyborcza,0,122,19,musze przyznać sfrajerzyć być kliknąć być link patrzeć zjebać wyborczy
@anonymized_account @anonymized_account I po co te ubliżanie,0,60,7,ubliżanie
"@anonymized_account @anonymized_account jest poza moją wyobraźnią, reprezentuje mentalność która się akceptuję i patrzy z pobłażaniem i litością",0,144,17,mój wyobraźnia reprezentować mentalność akceptować patrzeć pobłażać litość
Pisdzielstwo jest tak przybite ze  nie cieszy się z tego że Niemcy wracają z nami w jednym samolocie.,0,101,18,pisdzielstwo przybity cieszyć niemiec wracać samolot
"@anonymized_account @anonymized_account @anonymized_account Ja mam całkiem odmienne przeczucie, czas pokaże kto miał rację",0,122,13,całkiem odmienny przeczucie czas pokazać racja
RT @anonymized_account @anonymized_account Twoje zachowanie i POglądy mają wiele wspólnego z komuchami.,1,103,12,zachowanie pogląd wspólny komuch
@anonymized_account Ciemniejsze włosy jej bardziej pasują,0,57,6,ciemny włos pasować
@anonymized_account albo z Chiszpanji bąć Wenezółeli.,0,53,6,chiszpanji bąć wenezółeć
"@anonymized_account Jak zawsze \""o wszystko\"" :)",0,48,6,"\""o wszystko\"
RT @anonymized_account Tchórzostwo i paranoja. Marszałek Kuchciński hańbi obejmowany urząd.,0,91,10,tchórzostwo paranoja marszałek kuchciński hańbi obejmować urząd
"RT @anonymized_account Jakby nadzwyczajna kasta tak laskawie sądziła zwykłych obywateli jak samych siebie, to więzienia byłyby puste, via @anonymized_account",0,157,19,nadzwyczajny kasta laskawie sądzić zwykły obywatel sam siebie więzienie być by pusty via
@anonymized_account A jak ciebie należałoby określić?,0,53,6,należeć by określić
"@anonymized_account @anonymized_account I jeszcze mieszać w to Olę, wyloguj się czubie",0,86,11,mieszać ola wylogujć czuba
@anonymized_account @anonymized_account @anonymized_account Nie paraduj w pasiaku po Stambule i przeżyjesz ;p,0,109,12,paradować pasiak stambule przeżyjeć pan
"@anonymized_account Czemu nie winisz Mourinho, a z Kloppa masz beke po takich spotkaniach ?",0,91,14,winić mourinho kloppaa mieć beke spotkanie
"@anonymized_account @anonymized_account Oczywiście, że nie. Przypominam, że walczyli o kase a nie o zawodnika, bo nie mieli szans go zatrzymać.",0,143,20,oczywiście przypominać walczyć kase zawodnik mieć szansa zatrzymać
"@anonymized_account @anonymized_account @anonymized_account @anonymized_account Kontuzja, w Belgii grał na blokadzie.",0,117,10,kontuzja belgia grać blokadzie
@anonymized_account moge się zgodzić że jeszcze trzeba dać czas Sobolowi ale jakby mu dali trenera od którego można się czegoś nauczyć,0,134,21,moge zgodzić dać czas sobol dać trener coś nauczyć
Nienawidzę jak ktoś ma taki głośny głos se jak coś powie to słychać w całym budynku,0,83,16,nienawidzić głośny głos se powiedzieć słychać cały budynek
@anonymized_account Bo dla doraźnych celów politycznych gotowi są poświęcić nawet niepełnosprawne dzieci.,0,105,12,doraźny cel polityczny gotowy poświęcić niepełnosprawny dziecko
"@anonymized_account Na 100%, co je, kiedy przypalił jajecznicę, czy często placze, czy był kochany?",0,99,14,100 przypalić jajecznica placze kochać
"@anonymized_account No niby co powiedział? Że nie było nas stać na więcej? Czyli mamy słabszych zawodników od Iranu czy Maroka? Nie no, bez jaj.",0,144,24,niby powiedzieć stać słabszych zawodnik iran maroka jajo
"@anonymized_account Zero to za dużo, cytując klasyka \"" mniej niż zero...\"" 😉",0,77,12,zero cytować klasykać mniej zero 😉
"@anonymized_account @anonymized_account @anonymized_account Mosiński, nie każdy jest takim debilem jak ty. Większość rozumie to co powiedział @anonymized_account",1,161,17,mosiński taki debil większość rozumieć powiedzieć
Piąty piątek bez papierosa. To już chyba mogę przestać liczyć\nWreszcie wolna! 🍾😄\n\nDzięki za trzymanie kciuków!,0,113,15,piąty piątek papieros chyba móc przestać liczyć\nwreszcie wolny 🍾 😄 \n\ndzięka trzymanie kciuk
@anonymized_account Jego mina musiała być bezcenna 😂,0,52,7,min musieć bezcenny 😂
@anonymized_account @anonymized_account @anonymized_account @anonymized_account @anonymized_account A to juz jego ryzyko,0,120,10,ryzyko
"Codziennie ludzie umieraja, dzieci na raka, w wypadkach, juz po chuj tej żaloby",1,79,13,codziennie człowiek umierajać dziecko rak wypadek chuj żaloba
"@anonymized_account ale bukmacherzy zarabiają na porażkach faworytów.Większość stawiała duże kwoty na Manchestery, Chelsea czy Arsenal.",0,135,15,bukmacherz zarabiać porażk faworytów.większość stawiać duży kwota manchestera chelsea arsenal
"@anonymized_account @anonymized_account Bo byliśmy bez formy, to oczywiste. Przecież to też napisałem.",0,102,12,być być forma oczywisty napisać być
@anonymized_account 😉 Póki co zapraszam tu: @anonymized_account,0,63,7,😉 póki zapraszać
@anonymized_account Panie Zbyszku ciężka to jest piłka lekarska a nie nożna 😀,0,77,12,pan zbyszk ciężki piłka lekarski nożny 😀
"@anonymized_account Napisałeś o obsadach LM, to kandydat jest jeden 😉",0,69,10,napisać być obsad lm kandydat 😉
@anonymized_account Widzisz Misza jak onieśmielasz kobiety 😂,0,60,7,widzieć miy onieśmielać kobieta 😂
@anonymized_account @anonymized_account Przecież on nawet komputera nie umie obsługiwać 😂,0,89,10,komputer umieć obsługiwać 😂
"@anonymized_account @anonymized_account W Krakowie są przede wszystkim Wisła i Cracovia, więc ciężej o dobrą frekwencje",0,119,15,krakowie wisła cracovia ciężej dobry frekwencja
@anonymized_account jaki sens ma zestawianie Barcelony z polskimi drużynami ?,0,77,10,sens zestawianie barcelić polski drużyn
@anonymized_account @anonymized_account Sama przyjemność pracować z profesjonalistami 😎,0,87,8,przyjemność pracować profesjonalista 😎
"RT @anonymized_account Dobra Misiaczki, sprawa nagli. Ktoś ma jakieś wieści, o jakiekolwiek pracy? Potrzebuję szybko dorobić ;)",0,127,17,dobro misiaczka sprawa nac jakiś wieść jakikolwiek praca potrzebować szybko dorobić
"@anonymized_account Jasne, szczególnie , że w Jarosławiu nie ma.potrzeby budowania mostu, bo już jest.",0,102,14,jasny szczególnie jarosław ma.potrzeby budować most
RT @anonymized_account @anonymized_account Jest pierwsza ucieczka!!! http://t.co/dz5thHl5bz,0,91,7,pierwszy ucieczka http://t.co/dz5thhl5bz
"@anonymized_account O czym pani prezes wspomniała kilka dni wcześniej chodzi mi o \"" kilkunastokrotny wzrost budżetu \""",0,119,17,co prezes wspomnieć dzień wcześnie chodzić kilkunastokrotny wzrost budżet
"Woks populi vox dei, kto mieczem wojuje, ten od pochwy ginie",0,60,11,woks popula vox dei miecz wojywać pochwy ginąć
#NAME?,0,6,1,nam
listopad jak LIŚCI OPAD\nmój mózg pracuje już na innych obrotach,0,64,10,listopad liść opad\nmój mózg pracować obrota
RT @anonymized_account Dziękujemy za wsparcie w zakończonym sezonie! Bez Was nie gramy! \nhttps://t.co/p10tBoVWSk,0,113,13,dziękować wsparcie zakończony sezon grać \nhttps://t.co p10tbovwsk
"@anonymized_account Wszystko przez zagrożenie, ciągły stan gotowości, wojna idzie",0,81,9,zagrożenie ciągły stan gotowość wojna iść
"@anonymized_account @anonymized_account @anonymized_account @anonymized_account Nie do końca. Ekwiwalent sprawia, że sprawa nie jest taka prosta ;)",0,147,16,koniec Ekwiwalent sprawiać sprawa prosty
"@anonymized_account @anonymized_account podejrzewam  LSD i  gdzieś schowaleś, a te zjeby policaje nie zauważyły że masz fazkę",1,125,16,podejrzewać lsd schowaleś zjeby policawać zauważyć mieć fazka
"@anonymized_account @anonymized_account Ijo, ijo, ijo jesteś aresztowany",0,72,7,ijo ijo ijo być aresztować
@anonymized_account Zaspana jestem jeszcze sorki XD,0,51,6,zaspać sorka xd
Japonski Rezyser wykonawcy Wszystkie Wschody Słońca\nhttps://t.co/bjNFHiUw2B,0,76,6,japonski rezyser wykonawca wschód słońca\nhttps://t.co bjnfhiuw2b
"@anonymized_account @anonymized_account @anonymized_account @anonymized_account Nie bredź córuś, bo twój ulubieniec wyzywa i obraża ludzi na okrągło od kilkunastu lat",0,166,19,bredź córuś ulubieniec wyzywać obrażać człowiek okrągło kilkanaście rok
@anonymized_account @anonymized_account @anonymized_account jeżeli ktoś niechodzi na stadion ze względu na zgody to znaczy że nie jest kibicem Wisły,0,148,19,niechodzić stadion wzgląd zgoda znaczyć kibic wisła
"@anonymized_account @anonymized_account Tak, dałam link. Ale to jedno z ładniejszych #godzinaW jakie widziałam 😍",0,112,14,dać być link ładniejszy godzin aak walej widzieć być 😍
"@anonymized_account Musiał jest na poziomie Gila, ale jest medialny i sympatyczny dlatego jest kreowany na jednego z najlepszych w Polsce.",0,138,20,musieć poziom gil medialny sympatyczny kreować jeden dobry Polska
@anonymized_account @anonymized_account też tu nie pasuje ale Kapustka jeszcze bardziej,0,87,10,pasować kapustka
"Ogólnie to cała rejestracja poszła nie tak jak planowałam ale pozamieniałam co nieco, naprawiłam największe szkody i mogę żyć XD",0,128,20,ogólnie rejestracja pójść planować być pozamieniać być nieco naprawić być wielki szkoda móc żyć xd
@anonymized_account @anonymized_account Widzę że Antosiowi trolle w akcji,0,73,8,widzieć antosi trolla akcja
RT @anonymized_account Teledysk do breathin wychodzi dzisiaj! Jestem taka ciekawa co Ari stworzyła aaaa,0,103,14,teledysk breathin wychodzić ciekawy ari stworzyć aaaa
"A dziś Minister @anonymized_account miał piękne przemówienie. Wrona Orła nie pokona. Szkoda, że mój Tata tego nie dożył. #UstawaDegradacyjna",0,140,19,minister piękny przemówienie wrona orło pokć szkoda tata dożyć ustawadegradacyjny
RT @anonymized_account @anonymized_account wszystkiego co najlepsze i najpiękniejsze! 🎉💝,0,88,9,wszystko dobry piękny 🎉 💝
@anonymized_account czy masz info jakie obecnie Ondrasek ma zarobki w Wiśle?,0,76,11,mieć info obecnie ondrasek zarobek wisł
@anonymized_account Niestety od 2 lat nie chodzi :(,0,51,8,niestety 2 rok chodzić
@anonymized_account gra w filmie science fiction,0,48,6,grać film scienka fiction
"Nic kurwa poczucia humoru wyzywają babcię Herod @anonymized_account a mnie rozbawiła, hahaha, gdzie opiekun @anonymized_account",1,127,15,kurwa poczucie humor wyzywawać babcia herod rozbawić hahaha opiekun
@anonymized_account Po slowach ktore wypowiedziales w Lodzi nie powinienes sie pokazywac na uroczystosciach!,0,108,13,slowy wypowiedzialesa lodź powinienes pokazywac uroczystoscia
"@anonymized_account @anonymized_account Doskonale wiecie, że jako klub interweniujemy w obie strony, gdy jest problem.",0,118,14,doskonale wiedzieć klub interweniować oba strona problem
"@anonymized_account @anonymized_account @anonymized_account @anonymized_account Pograł trochę wyżej, niż Ty w B-klasie, a mimo to udajesz eksperta :)",0,149,17,pograć trochę wysoko b klasa udajesz ekspert
RT @anonymized_account @anonymized_account Zegarmistrz precyzyjny polskiej polityki Grzegorz Schetyna pojechał do centrali po nowe wskazówki...,0,143,15,zegarmistrz precyzyjny polski polityka grzegorz schetyna pojechać centrala nowy wskazówka
"@anonymized_account @anonymized_account A jakie stanowisko zajmujesz, kiedy widzisz na ulicy obsciskującą i obcałowującą się parę hetero?",0,137,16,stanowisko zajmować widzieć ulica obsciskować obcałowować parę hetero
"@anonymized_account Mnie jeszcze czeka 3 godzinna podróż pociągiem widmo, nie wiadomo czy w ogóle przyjedzie 😂😂",0,111,16,czekać 3 godzinny podróż pociąg widmo wiadomo ogół przyjechać 😂 😂
"Cały długi weekend, ale dzielnie wyczekali do poniedziałku. Właśnie ruszyła mi pod oknami impreza #Playboy. Planowana do 5:00. Dzięki.",0,134,19,długi weekend dzielnie wyczekać poniedziałek ruszyć okno impreza playboy planować 5:00 dzięki
"@anonymized_account @anonymized_account @anonymized_account Ładnie tak obrażać podatników, którzy płacą za twoje pobory i nagrody, pisowski kutasie?",1,148,16,ładnie obrażać podatnik płacić pobora nagroda pisowski kutas
@anonymized_account Nudna ta LM tyle drużyn przegrało mecz i nikogo z funkcji trenera niechca zwalniać ;-),0,106,16,nudny lm tyle drużyna przegreć mecz nikt funkcja trener niechca zwalniać
"@anonymized_account Znalazła pani już na siebie pomysł po wyborach ? Bo to ,że nie będzie już pani posłem to wiemy",1,114,20,znaleźć siebie pomysł wybory poseł wiedzieć
RT @anonymized_account Były oficer ABW na komisji #AmberGold mówi że o zatrudnieniu syna Premiera Tuska dowiedzieli się z gazet czyli #Tuskol…,0,142,21,oficer abw komisja ambergold mówić zatrudnić syn premier tuska dowiedzieć gazeta tuskol
CZY  TO JUŻ CZAS NA LOVE ACTUALLY?,0,34,7,czas lovy actually
@anonymized_account jakby mu się odbiła piłka to ok nie ma samobója.Ale on tą piłke celowo uderzył bo chciał wybić @anonymized_account,0,134,20,odbić piłka samobója.ale ten piłke celowo uderzyć chcieć wybić
@anonymized_account @anonymized_account @anonymized_account Sukcesy? Tobie się chyba sufit na łeb zwalił. Takie kity to Rydzykowym moherom możesz pociskać.,0,155,18,sukces chyba sufit łeb zwalić kit rydzykowy moher móc pociskać
"@anonymized_account @anonymized_account Zapytaj się Sasina, stałego bywalca na imprezach SKOK Wołomin. On.powinien wszystko wiedzieć",0,132,14,zapytać sasin stały bywalec impreza skok wołomin on.powinien wiedzieć
@anonymized_account a co powiesz o Lechu i Reissie ?,0,52,9,powiedzieć lech reiss
"@anonymized_account U mnie nie, placyk mi zajął dosłownie dwie minuty 😁",0,71,11,placyk zająć dosłownie minuta 😁
"@anonymized_account spokojnie, czerwiec coraz bliżej :)",0,55,6,spokojnie czerwiec blisko
@anonymized_account @anonymized_account @anonymized_account To w takim razie po prostu się nie zgadzam,0,102,12,taki prosty zgadzać
"Doszłyśmy do wniosku z Mariką, że na sto procent dokument będzie jutro do odbioru 😂😂",0,84,15,doszłyśmy wniosek marika sto procent dokument jutro odbiór 😂 😂
@anonymized_account @anonymized_account Dawno tak słabego składu niebylo na mistrzostwa ale jak był dobry to nic nieugrali wiec może słabym coś ugraja.,0,151,21,dawno słaby skład niebylo mistrzostwa dobry nieugrać wiec słaby ugrajać
@anonymized_account Skoro ręka Veleza to był karny to tutaj tak samo.,0,69,11,skoro ręka veleza karny samo
"Nie za wślizg dostał Krychowiak, tylko za ściągnięcie do parteru poprzedniego gościa.",0,85,12,wślizg dostać krychowiak ściągnięć parter poprzedni gość
"@anonymized_account Doły partyjne w popłochu, musisz walczyć",0,60,7,doła partyjny popłoch musieć walczyć
@anonymized_account @anonymized_account @anonymized_account Zawsze bedą afery bo zawsze będa tacy l którzy kradną  i tacy u wladzy których to kręci,0,147,20,bedą afera będa taki lata kraść taki wladzy kręcić
@anonymized_account dobre ? Chyba śmieszne.Mogli jeszcze napisać w jakich koszulkach grają bo janusze mogą się pomylić @anonymized_account,0,138,17,dobry chyba śmieszne.mogli napisać jaki koszulka grać janusza pomylić
@anonymized_account A kurwa tych sklepów gdzie polactwo jest niby przedsiebiorca jest najwięcej w małych miastach,0,113,15,kurwa sklep polactwo niby przedsiebiorca najwięcej mały miasto
"Każdy rodzic dziecka, kiedyś będzie rodzicem już dorosłego dziecka, bycie rodzicem to normalne a pomoc państwa to obowiązek cywilizacyjny",0,137,19,rodzic dziecko kiedyś rodzice dorosły dziecko być rodzice normalny pomoc państwo obowiązek cywilizacyjny
Brać go w ciemno przy bracie będzie mu łatwiej 2 chce przyjść 3 młody 4 nazwisko zobowiązuje 5 Lopez niebedzie chciał odejść i zostawić brat,0,140,25,brać ciemno brat łatwo 2 przyjść 3 młody 4 nazwisko zobowiązywać 5 lopez niebeda chcieć odejść zostawić brat
"@anonymized_account @anonymized_account @anonymized_account Ale to były Twoje obliczenia, a takie uznaję za pewnik 😂",0,116,14,obliczenie uznawać pewnik 😂
- Co robisz?\n- Kroje groszek do sałatki.\n- Ale groszku się nie kroi.\n- No właśnie 😎,0,86,15,robisz?\n krój groszka sałatki.\n groszku kroi.\n 😎
Chłopak Dani jest po prostu brzydki idk,0,39,7,chłopak dać prosty brzydki idk
@anonymized_account No to dziwne że przed zrobieniem nie sprawdzasz takich rzeczy :P,0,84,12,dziwny zrobienie sprawdzać rzecz :p
@anonymized_account W tym tweecie coś pokręciłeś :),0,51,7,tweet pokręcić być
@anonymized_account @anonymized_account @anonymized_account Przesmycki nie ma nic do tego.,0,90,9,przesmycki
"@anonymized_account Przecież nie jem codziennie, musiałbyś spróbować.",0,69,7,jem codziennie musiałby być spróbować
@anonymized_account @anonymized_account A za co ban ? 😂,0,55,8,ban 😂
@anonymized_account Powinien zwrócić uwagę wszystkim swoim partyjnym kolegom,0,76,8,zwrócić uwaga swój partyjć kolega
@anonymized_account Kolejno 2:2 i 1:1. Lepsza gra niż wyniki.,0,61,9,kolejno 2:2 1:1 dobry grać wynik
"@anonymized_account @anonymized_account Widać jak na dłoni, nowy homopisuarowiec to tylko atrapa z dykty",0,104,13,widać dłoń nowy homopisuarowiec atrapa dykta
Robert Biedroń robiący sobie selfie z narodowcem w koszulce „zakaz pedałowania” to mój mood,0,91,14,robert biedroń robiący selfie narodowiec koszulka zakaz pedałowanie mood
"Broniszewski szkoła Moskala.Gramy w \""10\"" a on zmiany w 90 minucie robi...",0,75,12,"broniszewski szkoła moskala.gramy \""10\ zmiana 90 minuta robić"
"@anonymized_account Źle... Miałeś napisać, że nie możesz więcej zdradzić :(",0,75,10,źle mieć być napisać móc zdradzić
@anonymized_account Pod i górę  pod wiatr to więcej niż k2,0,58,10,góra wiatr k2
"RT @anonymized_account @anonymized_account Jejku jaki masz ładny głos i jesteś taka urocza!! Mam na imię Marta i w piątek miałam 15 urodziny, bard…",0,147,23,jejk mieć ładny głos być uroczać imię marto piątek mieć być 15 urodziny bard
"Najman sobie spełnia marzenia i może się poczuć jak bokser, a Wy się śmiejecie.",0,79,14,najman spełniać marzenie poczuć bokser śmiejeć
@anonymized_account nas jeszcze bardziej wystraszyła :D,0,55,6,wystraszyć d
@anonymized_account Ciekawe czy z Pana byłby taki kozak gdyby bolało Pana ucho ?!,0,81,13,ciekawy być by kozak boleć ucho
@anonymized_account @anonymized_account Wiem że za pochlebstwo zrobisz wszystko,1,79,8,wiedzieć pochlebstwo zrobić
"@anonymized_account @anonymized_account Tacy waleczni, patriotyczne dusze, atrament jak krew przelana, a to wszystko komuchy",1,124,14,taki waleczny patriotyczny dusza atrament krew przelać komucha
@anonymized_account @anonymized_account A potem sprowadzasz Serderova 👏,0,71,7,potem sprowadzać serderova 👏
@anonymized_account A co ze zwierzętami w sutannach gwałcących dzieci?,1,70,9,zwierzętami sutann gwałcący dziecko
@anonymized_account wiosennych tulipanów w wazonie mi się zachciało :/,0,70,9,wiosenny tulipan wazonie zachciać
"@anonymized_account @anonymized_account No to artyści do roboty,do roboty kochani!😁😁😀😀",0,86,9,artysta robota robota kochać 😁 😁 😀 😀
"@anonymized_account @anonymized_account Kobieto, wypad do siebie na wieś. Tam możesz drzeć mordę do woli. #zlodziejezpisu",1,121,15,kobieto wypadić siebie wieś móc drzeć morda wola zlodziejezpis
@anonymized_account Kto by nie rządził to przecież nie wróci,0,60,9,rządzić wrócić
@anonymized_account Każdy potrzebuje wsparcia na zakręcie,0,57,6,potrzebować wsparcie zakręt
@anonymized_account @anonymized_account Widzialem   Bin Ladena jak chodzi po molo w Sopocie,0,91,11,widzial bina laden chodzić molo sopot
@anonymized_account Jest tych debili tutaj trochę,1,49,6,debić trochę
"Sekta kurwa, jakaś niepojęta radość, każde konto pisdzielskie tylko o jednym",1,76,11,sekta kurwa niepojąć radość każdy konto pisdzielski
"@anonymized_account Dom, praca, szkoła, a dla niektórych i świątynia",0,68,9,dom praca szkoła niektóry świątyniać
"@anonymized_account Przecier Pana fiiremka brała dofinansowanie z pup, po  to te etaty",0,86,12,przecier fiiremk brać dofinansować pup etat
"@anonymized_account @anonymized_account @anonymized_account Przez kogo? Przez tych, którzy nie mają wstępu do WH ?",0,114,14,kto wstęp wh
@anonymized_account Wy też mieliście media i padliście. Historia jak widać się powtarza Panie Lis.,0,98,14,mieliście media padliść historia widać powtarzać pani lis
"@anonymized_account Oj Pani Kasiu, z dziadka się nie drwi, szczególnie jak się ma porządnego dziadka.",0,101,15,oj kasia dziadek drew szczególnie porządny dziadek
@anonymized_account To niech ktoś panu Szymonowi wytłumaczy!😁😁😁,0,63,7,pan szymon wytłumaczyć 😁 😁 😁
"@anonymized_account Ja mam protezę biodra i bajpasy, ale tolerancję na antybiotyk",0,81,11,protezę biodro bajpasa tolerancja antybiotyk
@anonymized_account To jest kurwa jak ośmiornica.,0,49,6,kurwa ośmiornica
@anonymized_account Al Ani powołany do reprezentacji Iraku :) innych ciekawych nie było :),0,90,13,al powołać reprezentacja irak ciekawy
@anonymized_account @anonymized_account Ten tekst przygotowali sobie wcześniej bo Sasin w TVN mówi to samo,0,106,14,tekst przygotować wcześnie sasin tvn mówić sam
"@anonymized_account Kolejna bliźniaczka!!! Wszystkiego najlepszego, spełnienia wszystkich marzeń x",0,98,9,kolejny bliźniaczka wszystkiego dobry spełnić marzenie x
"Mówcie, co chcecie, ale taki mecz Portugalia - Argentyna w ćwierćfinale to by było coś przy tych wszystkich podtekstach.",0,120,19,mówcie chcecie mecz Portugalia argentyna ćwierćfinale podteksta
"@anonymized_account To, że reprezentacja to nie miejsce do tego.",0,64,9,reprezentacja miejsce
@anonymized_account @anonymized_account @anonymized_account Z tym pewnym Górnikiem i Jagiellonią byłbym ostrożny.,0,113,11,pewien górnik jagielloń być by być ostrożny
@anonymized_account Ten śmieszny Pan od Kukiza też potem powie że Kukiz15 nie jest przybudówką PiSu ?,1,101,16,śmieszny kukiza potem powiedzieć kukiz15 przybudówka pis
@anonymized_account @anonymized_account @anonymized_account No to Wasz duży błąd 😛,0,82,9,duży błąd 😛
@anonymized_account damy rade będzie rekord 💪,0,45,6,dać rade rekord 💪
"@anonymized_account @anonymized_account Jak wynika z obserwacji, z Panią Pawłowicz już od dawna nie łączy się żaden wspólny interes.",0,132,18,wynikać obserwacja pani pawłowicz dawny łączyć wspólny interes
@anonymized_account @anonymized_account No i nie zapominaj o kredzie :),0,71,9,zapominać kred
@anonymized_account trudny bo musi choć trochę przypominać babciny oryginał :-) #Wyzwanie,0,89,11,trudny trochę przypominać babcina oryginać wyzwanie
@anonymized_account @anonymized_account @anonymized_account @anonymized_account Ja umrę za dobre słowo,0,102,9,umręć dobry słowo
"@anonymized_account Odklenie mózgowe, to my polacy @anonymized_account @anonymized_account wież mi  nikt do polaka damy radę",0,124,15,odklić mózgowy Polak wież nikt polak dama rada
RT @anonymized_account Tymczasem jak mi donoszą wiewiórki z Karpacza w Western City od wczoraj trwa gorączkowe poszukiwanie kamer i mikrofonów,0,142,20,tymczasem donosić wiewiórka karpacz westerna city wczoraj trwać gorączkowy poszukiwanie kamera mikrofon
"Dla mnie to nędza, wielki prezes wspierał niepełnosprawnych, a teraz kolanko",0,76,11,nędza wielki prezes wspierać niepełnosprawny kolanko
@anonymized_account O jeju ale jestem ciekawa!!  Trzymam kciuki i odrazu napisz jak tam bo nie wytrzymam xd,0,107,17,jeju ciekawy trzymam kciuk odraz napisać wytrzymać xd
@anonymized_account Renevagia na odbyt od kulek gejszy,0,54,7,renevagia odbyt kulka gejszy
"@anonymized_account @anonymized_account @anonymized_account Szczury, gady, plazy teraz na szczycie ale ewolucja jest nieublagana",0,128,13,szczur gada plaz szczyt ewolucja nieublagać
"@anonymized_account Pani jest naprawdę inteligentna inaczej. I pomyśleć, że z moich podatków dostaje pani kasę....",1,114,15,naprawdę inteligentny inaczej pomyśleć mój podatek dostawać kasa
"@anonymized_account @anonymized_account Naprawdę mam odpowiadać na pytanie, po co drużynie trzeci bramkarz?",0,107,12,naprawdę odpowiadać pytanie drużyna trzeci bramkarz
"@anonymized_account @anonymized_account @anonymized_account Proszę pamiętać, że nie jesteśmy na ty. I wypić melisę, koniecznie.",0,127,14,prosić pamiętać być wypić melisę koniecznie
@anonymized_account akurat w statystykach oczekuje dokładności i rzetelności.Ja jak w pracy zrobie błąd to za niego płace więc kilka razy sie sprawdzam,0,151,22,akurat statystyka oczekiwać dokładność rzetelności.ja praca zroba błąd płaca raz sprawdzać
"@anonymized_account @anonymized_account @anonymized_account Ale to słabe, jak całe psychpolactwo",0,96,9,słaby cały psychpolactwo
RT @anonymized_account dziś nie popłyniemy bo....\n*inhales*\nFAL NIE MA FAL NIE MA FAL NIE MA FAL NIE MA FAL NIE MA FAL NIE MA FAL NIE MA NIE MA FAAAA…,0,152,29,popłynieć \n*inhales*\nfal fala fala fala fala fala fala faaaa
@anonymized_account @anonymized_account @anonymized_account @anonymized_account Tępym chujem to jesteś ty. Jak nie wierzysz to popatrz w lustro.,1,144,16,tępy chuj być wierzyć popatrzeć lustro
@anonymized_account @anonymized_account Życzę Ci takiego próżniactwa. Nie komentuj czegoś o czym noeasz zielonego pojęcia.,0,122,14,życzyć taki próżniactwo komentować coś co noeasz zielony pojęcie
@anonymized_account @anonymized_account Mogę Panu pożyczyć kilka książek.,0,73,7,móc pan pożyczyć książka
@anonymized_account Z tego co widzę to MO ma raczej mierne pojęcie o historii najnowszej.,0,89,14,widzieć mo raczej mierny pojęcie historia najnowszy
@anonymized_account Uuuuu! Nie o take cycki chodziło😂😂😂😂😂😂😂,0,59,7,uuuuu take cycki chodzić 😂 😂 😂 😂 😂 😂 😂
"Jaka długa piłka, jaka centra, jaki nabieg na piłkę, jaka główka. WOW",0,69,12,jaki długi piłka jaki centrum nabieg piłka jaki główka wow
@anonymized_account Nie fantazja tylko czytanie ze zrozumieniem 😀,0,65,8,fantazjać czytać zrozumienie 😀
@anonymized_account oczywiście Pan Krzysiu się nie podpisał pod tekstem,0,71,9,oczywiście krzysiu podpisać tekst
@anonymized_account @anonymized_account Kupcieu jeszcze sukienkę i postawcie na kratce wentylacyjnej metra.,0,107,11,kupcieu sukienka postawić kratka wentylacyjć metr
@anonymized_account a nad morzem jaka pogoda ?:),0,48,7,morze jaki pogoda
@anonymized_account płacz dzieci i wyzywanie klubu za 3... 2... 1...,0,68,10,płacz dziecko wyzywać klub 3 2 1
@anonymized_account Szczęście całe że nie w moim mieście,0,56,8,szczęście cały miasto
"@anonymized_account wszystkiego najlepszego, spełnienia wszystkich marzeń! 🎉🎉🎉",0,78,7,wszystko dobry spełnić marzenie 🎉 🎉 🎉
RT @anonymized_account @anonymized_account MILIONY POLAKÓW CZEKA NA BADANIA PSYCHIATRYCZNE LISA PO WPISACH WIDAĆ  NIE ZRUWNOWARZENIE PSYCHICZNE  I CI…,1,150,18,milion polak czekać badanie psychiatryczny lise wpise widać zruwnowarzenie psychiczny
@anonymized_account @anonymized_account No ale dwie naraz to nie jest normalne,0,78,10,naraz normalny
"@anonymized_account Świetnie, to przegrajcie za tydzień i będzie spokój 😜😜😜",0,75,10,świetnie przegrajć tydzień spokój 😜 😜 😜
@anonymized_account Leganes z nią wygrało tez bez kilku podstawowych tydzień temu 😀,0,83,12,leganes wygrało teza podstawowy tydzień 😀
"@anonymized_account @anonymized_account Wizyta  na onkologi dzieciecej, szybko sie zapomina o waznosci smolenska",0,112,12,wizyta onkologa dzieciecy szybko zapominać waznosci smolensko
@anonymized_account Niby wróci ale nie do konca😂😂😂😂,0,51,7,niby wrócić konc 😂 😂 😂 😂
"@anonymized_account No niech chce obejść, ale nie może tego robić łokciem w twarz :)",0,84,14,obejść robić łokc twarz
"bez jaj, nie mogę znaleźć jakieś sensownej pracy",0,48,8,jajo móc znaleźć jakiś sensowć praca
"Ale w sumie gdybym był kobieta i spuchl, kurwa ludzie maja problemy",0,67,12,suma gdyby być kobieta spuchl kurwa człowiek maj problem
"Wszystko ma znaczenie, kabel w moim przypadku zapoczątkował zmiany, później  sygnał tidal w Play przez dlna FLAC, a teraz kolumny",0,129,20,znaczenie kabel przypadek zapoczątkować zmiana późno sygnał tidal play dlny flac kolumna
RT @anonymized_account איזה רעיון של הנשיא פולני @anonymized_account מצוין :-)\n\nhttps://t.co/0SXlbTCPGh,0,105,10,איזה רעיון של הנשיא פולני מצוין -)\n\nhttps://t.co/0sxlbtcpgh
RT @anonymized_account @anonymized_account @anonymized_account Minister będzie ścigał a Tvniemiecka będzie szkalować Polskę i Polaków - likwidacja TVN to najleps…,0,162,19,minister ścigać tvniemiecko szkalować polska polak likwidacja tvn najleps
"@anonymized_account @anonymized_account O kurwa teraz to pojechales po całości, muszę się wylogować, wybacz",0,107,13,kurwa pojechales całość musieć wylogować wybaczyć
@anonymized_account I zrobił całą resztę w kuku kierując ukradzione pieniądze z budżetu państwa do kościoła. To jest dopiero skurwysyństwo.,0,139,19,zrobić cały reszta kuk kierować ukraść pieniądz budżet państwo kościół dopiero skurwysyństwo
"RT @anonymized_account Sprzątam w pokoju, a mój brat przychodzi i takie ,,Wiki jak ładnie ścierasz kurz. Wyglądasz wtedy tak inteligentnie\"".\nUdusz…",0,149,20,"sprzątać pokój brat przychodzić wik ładnie ścierać kurz wyglądać inteligentnie\"".\nudusz"
JEDNAK BĘDĘ MIEĆ PRAKTYKI W RADIU HA,0,36,7,mieć praktyka radio hektar
@anonymized_account @anonymized_account W dupie mają przykazania. Nie po to się żeniłem żeby misiewicze ruchali mi żonkę,1,120,16,dupa przykazanie żeniłem misiewiczy ruchać żonka
@anonymized_account @anonymized_account @anonymized_account fajny wywiad tylko szkoda że czytałem go kilka dni temu w Dzienniku Polskim,0,135,16,fajny wywiad szkoda czytać być dzień dziennik polski
"@anonymized_account Jak wygrasz w sadzie z królową, uznam że jesteś wiarygodny, póki co następny czubek",1,103,15,wygrać sadza królowa uznać być wiarygodny póki następny czubek
@anonymized_account Zapytaj kibiców czy uważają go za legende i będziesz miał odpowiedź @anonymized_account @anonymized_account @anonymized_account @anonymized_account,0,167,16,zapytaj kibic uważać legende być odpowiedź
@anonymized_account @anonymized_account Jemu się chyba po prostu skończył.,0,74,8,chyba prosty skończyć
"RT @anonymized_account @anonymized_account A jak napiszę na Pani domu \""debil\"" to się Pani nie obrazi i nie zadzwoni na Policję?",1,129,20,"napisieć dom \""debil\ obrazić zadzwonić policja"
@anonymized_account Przecież publicznie oświadczył jakiś czas temu że idzie do WOT....,0,86,11,publicznie oświadczyć czas iść wota
@anonymized_account No. To na bilbordy z tym!,0,45,7,bilbord
"@anonymized_account @anonymized_account Pechowiec jesteś, max na 3 dzień",0,72,8,pechowiec być max 3 dzień
@anonymized_account A jak było 6 to coś pisałeś ? Innym klubom też wyliczasz ?,0,78,14,6 pisać być inny klub wyliczać
"Jaki film polecacie na wieczór? Jakiś lekki fajny, alert bo do wszystkich chłopców których kochałam już oglądałam",0,113,17,film polecacie wieczór lekki fajny alert chłopiec kochać być oglądać być
@anonymized_account Wypad trolu z mojego Twittera,0,49,6,wypada trole mój twitter
"@anonymized_account Pewnie w SPAL też się nie znają, skoro w styczniu do Serie A wzięli z Palermo jednak Cionka.",0,112,19,pewnie spal znać skoro styczeń seria wziąć palermo cionka
"@anonymized_account To niewykluczone, ale gdyby go dobrze oceniono, to nie pozbyliby się go tak łatwo.",0,102,15,niewykluczony ocenić pozbyć by łatwo
@anonymized_account U mnie skład podobny tylko za Boguskiego Brożek w ataku a na skrzydło przesunięty Ze Manuel.,0,112,17,skład podobny boguskiego brożeka atak skrzydło przesunąć manuela
Nie mam pociagu do Bydgoszczy jestem: zszokowana,0,48,7,pociagu bydgoszcz zszokować
@anonymized_account I o to chodzi!  #WalorEdukacyjny ;-),0,56,7,chodzić waloredukacyjny
"Ciągle słyszę Daniels,Daniels. A kto to jest ten Mr. Daniels? Ja znam tylko jednego:Jacka Danielsa. I nie przepada za nim.",0,122,20,ciągle słyszeć daniels daniels mr daniels znać jeden jacek danielsa przepadać
"@anonymized_account Ja też twierdzę, że to są sksyny. A to komuś czegoś dosypią do wody,a to w.. okna zajrzą. Dzikie ludzie pani. Dzikie ludzie.",0,144,24,twierdzić sksyna ktoś coś dosypać woda okno zajrzyć dziki człowiek dziki człowiek
@anonymized_account @anonymized_account Ziobro wymyślił przekaz dnia dla pisowskich debili?,1,91,9,ziobro wymyślić przekaz dzień pisowski debić
@anonymized_account @anonymized_account @anonymized_account @anonymized_account @anonymized_account Pani @anonymized_account łże non stop ale to normalne wśród rzeczników PiSu,0,175,16,łże non stop normalny rzecznik pis
@anonymized_account Jednostka chorobowa tzw. ODKLEJENIE MÓZGOWE,0,63,6,jednostka chorobowy odklejenie mózgowy
"@anonymized_account @anonymized_account Pytanie, czy są już na Extranecie :P",0,76,9,pytanie extranet :p
@anonymized_account @anonymized_account Są trunki 40% gdzie przy minus 30 mi na meczu niebedzie zimno 😀,0,103,15,trunka 40 minus 30 mecz niebeść zimno 😀
@anonymized_account Serio... od roku nie mam żadnego dnia wolnego......,0,71,9,serio żaden dzień wolny
@anonymized_account @anonymized_account @anonymized_account @anonymized_account Już nie róbcie z gościa kaleki 😉,0,112,11,róbć gość kaleka 😉
"@anonymized_account Na Żoliborzu  \""pożar w burdelu\"" sondaże w dół przez mateuszka-kłamczucha",0,94,11,"żoliborz \""pożar burdelu\ sondaż dół mateuszka kłamczuch"
"@anonymized_account Czy to jedna z teorii, czy są ma to jakies twarde dowody. Pisał Pan o tym chyba w \"" Sowietach\""",0,116,21,teoria jakies twardy dowód pisać chyba sowietach\
"@anonymized_account @anonymized_account @anonymized_account @anonymized_account Niedawno narzekałeś, że nie zwraca się uwagi na różne szczegóły 😜",0,145,15,niedawno narzekać być zwracać uwaga różny szczegół 😜
Dziękujemy za wsparcie w zakończonym sezonie! Bez Was nie gramy! \nhttps://t.co/p10tBoVWSk,0,90,11,dziękować wsparcie zakończony sezon grać \nhttps://t.co p10tbovwsk
Przecież one mogły wwieźć do Sejmu tego pytona!,0,47,8,móc wwieźć sejm pytć
@anonymized_account Panie Rafale gęby.Gęby nie usta\n Po prostu gęby. Nie bójmy się tego słowa.,0,95,14,pan rafał gęby.gęby usta\n prosty gąb bać słowo
@anonymized_account bogactwo ? A kim są wymienieni zawodnicy ? Co najwyżej przeciętniacy jakich wiele,0,101,14,bogactwo kto wymieniić zawodnik najwyżej przeciętniak jaki
"@anonymized_account @anonymized_account No nie dziwie się w sumie. Dobrze, że tylko raz dzwonił",0,95,13,dziwiedzieć suma dzwonić
"@anonymized_account @anonymized_account Mięciuteńki straszliwie. Tam były ręce na ciele, a nie jakieś szarpanie. Tylko że nie do VAR-u.",0,135,18,mięciuteńka straszliwie ręka ciało jakiś szarpać var
"@anonymized_account @anonymized_account Oj tam, ale chyba po raz pierwszy odpadną przed nami 😂",0,94,13,oj chyba pierwszy odpaść 😂
@anonymized_account Już nic nie będzie takie samo.,0,50,7,sam
"Tak zimno, że mydło w płynie zamarzło.",0,38,7,zimno mydło płynąć zamarznąć
@anonymized_account @anonymized_account @anonymized_account nie musi bo wtedy nikt niechciałby grać :),0,102,11,nikt niechciać by grać
"Dostałam info, ze zamówiono moje prawo jazdy!! I ze max 7 dni i mogę odebrać!",0,77,15,dostać być info zamówiyć prawo jazda max 7 dzień móc odebrać
RT @anonymized_account Z Warszawy do Hurgady jest daleko ale z Radomia to już tylko 3 Suski.,0,92,16,warszawa hurgada radom 3 suski
@anonymized_account @anonymized_account Kim jest jego dealer? Pasowałoby trochę dobrego towaru.,0,95,10,kto dealer pasowałob trochę dobry towar
@anonymized_account To w takim razie trzeba trzymać kciuki za spadek 😊,0,70,11,taki trzymać kciuk spadek 😊
"@anonymized_account widzę, że pewne tweety działają jak magnes 😉",0,64,9,widzieć pewien tweeta działać magnes 😉
@anonymized_account Daria jak się karnego niestrzela w takim momencie to trza przełknąć gorycz porażki,0,102,14,daria karny niestrzel taki moment trz przełknąć gorycz porażka
"RT @anonymized_account Okazało się, że pierwszym zwierzęciem wystrzelonym w kosmos w 1957r. nie była Лайка, tylko #Morawiecki",1,125,17,okazać pierwszy zwierzęcie wystrzeloć kosmos 1957r лайка morawiecki
"RT @anonymized_account @anonymized_account Jeju, kobieto zamilcz, Ty o tym samym 3 po 3, słuchać się nie da",1,107,17,jej kobieto zamilcz sam 3 3 słuchać dać
@anonymized_account @anonymized_account to że informacje nie przedostają się do mediów nie znaczy że nic się w klubie nie dzieje.,0,129,19,informacja przedostać media znaczyć klub dziać
@anonymized_account idk jak to się pisze ale czekoladowa 'wuzetka' mocno nasączona kawą i posypana malinami lub czymkolwiek innym wymiata,0,137,19,idk pisać czekoladowy wuzetka mocno nasączć kawa posypać malin czymkolwiek inny wymiat
"@anonymized_account na wynos resztki, wieczorem głód dopadnie",0,61,7,wynos resztka wieczór głód dopadnie
"RT @anonymized_account #BezRetuszu Postkomunistyczne układy, sitwy,kasty wszystko to na śmietnik historii !! Natychmiast !!",1,123,14,bezretusz postkomunistyczny układ sitwa kasta śmietnik historia
Drużyna wylądowała w Ostendzie. Po południu/wieczorem oficjalne treningi i konferencje prasowe obu drużyn.,0,106,13,drużyna wylądować ostenda południe wieczór oficjalny trening konferencja prasowy oba drużyna
@anonymized_account Warto im wszystkim to cały czas przypominać.,0,64,8,warto czas przypominać
@anonymized_account Trochę się zna człowiek na tej ekstraklapie,0,63,8,trochę znać człowiek ekstraklapa
"@anonymized_account @anonymized_account Daj mi chwilę, odezwę się 👏😍",0,68,8,dać chwila odezwąć 👏 😍
"@anonymized_account Za to, że jest Pan człowiekiem o szerokich horyzontach i nie jest Pan rosyjskim agentem wpływu.",0,115,17,człowiek szeroki horyzont rosyjski agent wpływ
"@anonymized_account Zielona, pycha: wgniata, miażdzy, masakruje, pelen szacunek",0,79,8,zielony pychać wgniat miażg masakrować pelen szacunek
@anonymized_account @anonymized_account @anonymized_account Zaległy hajs za stadion został splacony z praw tv natomiast bieżący napewno pójdzie z tej umowy,0,155,19,zaległy hajs stadion splacić prawo tv bieżący napewno pójść umowa
@anonymized_account @anonymized_account Na chroma wystarczy wtyczke zainstalować. Pare sekund i gotowe :),0,105,12,chra wystarczyć wtyczke zainstalować pary sekunda gotowy
"@anonymized_account Vacek, Putnocky, Nielsen.Widzę że biorą się za odmładzanie składu :)",0,88,11,vacek putnocky nielsen.widzę brać odmładzać skład
jeszcze tylko półtora godziny o 18 i wolneeeeeeee,0,49,8,półtora godzina 18 wolneeeeeeee
RT @anonymized_account Dzisiaj o 18:00 strefa kibica w Radiu Akadera! Zapraszamy!,0,81,11,18:00 strefa kibica radio akader zapraszać
RT @anonymized_account Diz pra mim 🎶,0,36,6,diz pra mim 🎶
@anonymized_account Dlaczego akurat dla niego ?,0,47,6,akurat
@anonymized_account @anonymized_account Var ok jak by legi niebylo w lidze,0,74,10,vara legi niebylo liga
@anonymized_account Potraficie spierdolić najprostszą sprawę. Jesteście palantami a nie opozycją. Won z Sejmu.,1,110,13,potraficie spierdolić najprostsz sprawa jesteście palanta opozycja won sejm
"Prędkość pod wiatr 18-22, z wiatrem 30-40 max 50 dziś jechałem",0,62,11,prędkość wiatr 18 22 wiatr 30 40 max 50 jechać być
"@anonymized_account @anonymized_account Jeśli to powiesz, to będzie to w kontekście do tematu artykułu demagogia.",0,113,14,powiedzieć kontekst temat artykuł demagogia
@anonymized_account Na biurku tylko długopis i ołówek,0,53,7,biurko długopis ołówka
"@anonymized_account @anonymized_account @anonymized_account Komentator mi się spodobał po pierwszej bramce \"" nieważne kto strzela i nieważne jak..\""",0,149,17,komentator spodobać pierwszy bramka nieważny strzelać nieważny
@anonymized_account @anonymized_account W wakacje niema frekwencji bo za ciepło a po wakacjach niema bo za zimno ;-),0,116,17,wakacje niemy frekwencja ciepło wakacje niemy zimno
RT @anonymized_account @anonymized_account Z niego taki patriota i kompetentny polityk jak Ciebie niezależny i kompetentny dziennikarz. Jeden wart dr…,0,150,19,patriota kompetentny polityk niezależny kompetentny dziennikarz wart doktor
"Suweren wybiera kto ma rządzić w Polsce ,wszyscy  czerwoni z ratusz won,natychmiast #Woronicza17",0,96,13,suweren wybierać rządzić Polska czerwoni ratusz won woronicza17
"@anonymized_account Ciekawe, że wychowaliśmy się z Mellerem w jednym bloku, różnica piętra.",0,91,12,ciekawy wychować być meller blok różnica piętro
Takiej parti  jak @anonymized_account ktore choduje takie patologie @anonymized_account to smierć rozumu,1,104,12,taki parti chodować patologi smierć rozum
"@anonymized_account Nieeee, tam jest duuuużo nieba! Muszę dbać o jego wzrok! ;-)",0,80,12,nieeee duuuużo niebo musieć dbać wzrok
@anonymized_account Zajebiście. Wreszcie oficjalnie polski premier i polski prezydent wspólnie z naziolami.,0,107,12,zajebiść wreszcie oficjalnie polski premier polski prezydent wspólnie naziol
@anonymized_account @anonymized_account Chyba po litrze na łeb.,0,63,7,chyba litra łeb
"@anonymized_account Słuchaj, przyzwyczaiłem się do Twojej głupoty, ale chociaż nie wciskaj mi słów, których nie powiedziałem. Z góry dzięki 😉",0,141,20,słuchaj przyzwyczaić być twój głupota chociaż wciskać słowo powiedzieć być góra dzięki 😉
@anonymized_account I ta okrągłą buzię @anonymized_account @anonymized_account @anonymized_account itd,0,102,9,okrągły buzia i tak dalej
"Niedługo rejestracja, mam nadzieje ze uda mi się zapisać tak jak chce na pracownie radiową i projekty 🙏🙏🙏",0,105,18,niedługo rejestracja nadzieja udać zapisać pracowć radiowy projekt 🙏 🙏 🙏
"@anonymized_account @anonymized_account @anonymized_account @anonymized_account @anonymized_account @anonymized_account Na dole końcówka też jest żółta, jak się przyjrzysz dokładniej.",0,183,16,dół końcówka żółta przyjrzyć dokładni
@anonymized_account @anonymized_account A od kiedy komentatorzy na Sky to wyrocznia?,0,84,10,komentatorzyć sky wyrocznia
"@anonymized_account Yhym, taaa.\n- Dziadku, zapalę Ci może światło?\n- WSZYSTKO WIDZĘ JESZCZE NIE JESTEM TAKI STARY.",0,116,15,yhy taaa.\n dziadek zapalić światło?\n widzieć stary
"@anonymized_account Elo swastyka na ryju kiedy będzie, sorry że ciągle pytam?",1,77,11,elo swastyk ryju sorry ciągle pytać
Ostatnio czuje się tak samotna i smutna ze aż sama się dziwie,0,61,12,ostatnio czuć samotny smutny dziwie
@anonymized_account @anonymized_account @anonymized_account Masz może skład Pogoni z rocznikami?,0,96,9,mieć skład pogoń rocznika
"RT @anonymized_account Dożyliśmy czasów komentowania wypowiedzi ludzi, których powinniśmy pytać \""po ile pietruszka\"" na bazarku.",0,129,15,"dożyć być czas komentować wypowiedź człowiek powinien być pytać \""po pietruszka\ bazarek"
Za pół godziny miałabym zajęcia a sobie leżę w łóżku,0,52,10,pół godzina miałabym zajęcia leżeć łóżko
"@anonymized_account Barw nie ma, ale jest aparacik żeby się polansować...",0,73,10,barwa aparacik polansować
@anonymized_account @anonymized_account Nie będzie szeroko prezentowany bo jest niezgodny z linią partii.... Jedna stacja tego nie załatwi.,0,139,17,szeroko prezentować niezgodny linia partia stacja załatwić
@anonymized_account I już nie spełniło się😁😁😁😁😁,0,47,6,spełnić 😁 😁 😁 😁 😁
"@anonymized_account \""serce w Gdyni, pracodawca w Krakowie..\"".Taka mała uwaga.Jak chcesz żeby Cię kibice w KrK szanowali to takich rzeczy się nie mówi",0,151,22,"\""serka gdynia pracodawca kraków \"".tak mały uwaga.jak chcieć kibic krk szanować rzecz mówić"
@anonymized_account A czemu ma komuś to przeszkadzać nie rozumiem,0,65,9,ktoś przeszkadzać rozumieć
@anonymized_account Nie wierzę!!!😁😁😁😁.To by zakrawalo ma jakąś obsesję lub fobię😁😁😁😁😁😁,0,86,10,wierzę!!! 😁 😁 😁 😁 .to zakrawalo jakiś obsesja fobię 😁 😁 😁 😁 😁 😁
"@anonymized_account A właśnie pisali, że w tym sezonie był lepszy od Alderweirelda.",0,83,12,pisać sezon dobry alderweireld
"RT @anonymized_account \""Ludzie są tak głupi że to działa...naprawdę \"" - Premier Morawiecki na taśmach prawdy.",0,111,16,"\""ludzie głupi działać naprawdę premier morawiecki taśm prawda"
Mołdawia i Armenia. Skąd my to znamy 😄,0,38,8,mołdawiać armenie znać 😄
@anonymized_account @anonymized_account KS Toruń w końcu gets well? 😜,0,69,9,ksiądz toruń koniec gets well 😜
@anonymized_account @anonymized_account Mimo wszystko Pawłowskiemu trudno dorównać.,0,83,7,pawłowskiemu trudno dorównać
@anonymized_account @anonymized_account @anonymized_account A kto ci zabrania dopingować? Ty jesteś normalny? Umiesz czytać ze zrozumieniem?,0,140,15,zabraniać dopingować być normalny umieć czytać zrozumienie
Panie @anonymized_account komunisci odpowiadaja za zbrodnie czy polacy\nnazisici czy niemcy?,0,92,10,pan komunisci odpowiadajać zbrodnia polacy\nnazisici Niemcy
"@anonymized_account Nie zgadzam się żeby mieć tego pana w dupie, to nie moja bajka mieć chuja w dupie.",1,102,18,zgadzać mieć dupa bajka mieć chuja dupa
"@anonymized_account @anonymized_account Faktycznie, to chyba ze smutku",0,70,7,faktycznie chyba smutek
Wydrenowali już na 20 mld,0,25,5,wydrenować 20 miliard
"@anonymized_account tylko nazwa średnia, ale można udawać, że nazywają się inaczej :-)\n\nhttps://t.co/MAn6Y1nBIr",0,113,12,nazwa średni udawać nazywać inaczej -)\n\nhttps://t.co man6y1nbir
@anonymized_account Dziękuję za przemiłe życzenia i ściskam noworocznie 🤗🤗🤗,0,75,9,dziękować przemiły życzenie ściskać noworocznie 🤗 🤗 🤗
ciekawe czy K pojechał na ten kontrakt do niemiec czy jednak został,0,67,12,ciekawy k pojechać kontrakt niemcy
"@anonymized_account @anonymized_account Bzdura. Słowik wszedl po transferze Grzesia, Giki wszedł po wygranej rywalizacji zimowej.",0,129,14,bzdura słowik wszedl transfer grześ gik wejść wygrany rywalizacja zimowy
"Swoją drogą, ile jest zjebów na tym swiecie co tak robi?",0,56,11,swój droga zjebów swiecie robić
"Twitter powstał dla takich wydarzeń jak #narodowagalaboksu 😂 Nie muszę oglądać, a bawię się doskonale 😜",0,103,16,twitter powstać wydarzenie narodowagalaboks 😂 musieć oglądać bawić doskonale 😜
"@anonymized_account - Normalny list?\n- Nie, zwariowany.",0,56,6,normalny list?\n zwariować
@anonymized_account @anonymized_account A po co? Jojo jedzie na lans?,0,69,9,Jojo jechać lans
"@anonymized_account @anonymized_account Nie, aplikacja dopasowuje się do użytkownika 😄",0,86,9,aplikacja dopasowować użytkownik 😄
Mam ochotę na jakiś film,0,24,5,ochota film
@anonymized_account @anonymized_account Narazie wszystko wchodzi żelek ja bym zmienił Legia 2 sandecja 0 zobaczymy kto miał nosa ;-),0,132,18,narazie wchodzić żelek zmienić legia 2 sandecja 0 zobaczyć nos
"RT @anonymized_account @anonymized_account @anonymized_account Nie wiem czy mają świetnie czy nie, wiem kto ich chciał rozpiżdżyć w drobny mak.",0,143,19,wiedzieć świetnie wiedzieć chcieć rozpiżdżyć drobny mak
@anonymized_account pewnie jakiś były piłkarz Wisły :),0,54,7,pewnie piłkarz wisł
"@anonymized_account @anonymized_account Ten, który wyszukuje takie posty i podaje dalej.",0,88,10,wyszukiwać post podawać daleko
@anonymized_account Co na to starzy wyjadacze @anonymized_account @anonymized_account,0,85,8,stary wyjadacze
@anonymized_account Skoro stadion niespelnia norm to mecz się niepowinien oficjalnie odbyć z winy gospodarza. Tak  czy nie?,0,123,17,skoro stadion niespelć norma mecz niepowinno oficjalnie odbyć wina gospodarz
"Wczoraj tyle ćwiczyłam, ze rozwala mi brzuch od środka jak mam kaszel albo kicham",0,81,14,wczoraj tyle ćwiczyć być rozwalać brzuch środek kaszel kichać
@anonymized_account Do ciebie mam zdecydowanie bliżej ❤️😂,0,57,7,zdecydowanie blisko ❤ ️ 😂
"Moim zdaniem sytuacja z Pavonem nie na VAR i typowe 50/50. Kontakt jest, ale nie każdy kontakt to ewidentny faul.",0,113,20,zdanie sytuacja pavon var typowy 50/50 kontakt kontakt ewidentny faul
"@anonymized_account Kochana, drugi wnuk w drodze 😍 nowe pokolenie rośnie",0,72,10,kochać drugi wnuk droga 😍 nowy pokolenie rosnąć
@anonymized_account jak tam widziałeś czerwoną to rzeczywiście wyjdź,0,68,8,widzieć być czerwony rzeczywiście wyjdź
@anonymized_account no i gdzie ten Kulenović ? Jak ktoś się zna na piłce to by wiedział że to nierealny transfer i by nie musiał usuwać postów,0,142,26,kulenović znać piłka wiedzieć nierealny transfer musieć usuwać post
"@anonymized_account Dzieki ale nie, mimo to szanuję",0,51,7,dzieka szanować
@anonymized_account do domu bo ci rózga dupę @anonymized_account ty mały  @anonymized_account,1,93,11,dom rózga dupa mały
@anonymized_account Trochę jesteś może ale jestem confused bo nie wiem kto to ta cała Lipka kto mnie oświeci,0,108,18,trochę być confused wiedzieć lipka oświecieć
@anonymized_account @anonymized_account dlaczego na tym banknocie jest kamieni kupa?,0,84,9,banknot kamiony kupa
@anonymized_account Czy ja wiem. Trzy lata to zajęło zanim trafił do Ekstraklasy.,0,81,12,wiedzieć trzy rok zająć zanim trafić ekstraklasa
bez matemaksa ani tomasza gwiazdy nigdy bym matmy nie zdała\n\ngod bless my heros,0,81,13,matemaksa tomasz gwiazda matma zdała\n\ngod Bless heros
@anonymized_account @anonymized_account Na siłę wciska temu z uczuleniem,0,72,8,siła wciska uczuleniem
"Czy mogę się jutro obudzić ładniejsza, proszę?",0,46,7,móc jutro obudzić ładniejy prosić
"@anonymized_account jejciu, ale masz ładny głos *-*",0,51,7,jejcie mieć ładny głos
RT @anonymized_account @anonymized_account Na Warszawą od wczoraj krążą 4 niewidzialne śmigłowce Black Hawk ze Świdnika.,0,120,15,warszawa wczoraj krążą 4 niewidzialny śmigłowiec blacka hawk świdnik
@anonymized_account @anonymized_account @anonymized_account ma pan na mysli te podpalenia za którymi stoi Sienkiewicz ?,0,119,14,mysla podpalenie który stać sienkiewicz
"Jakby nadzwyczajna kasta tak laskawie sądziła zwykłych obywateli jak samych siebie, to więzienia byłyby puste, via @anonymized_account . #BezRetuszu",0,148,19,nadzwyczajny kasta laskawie sądzić zwykły obywatel sam siebie więzienie być by pusty via bezretusz
Krok na miarę jpk vat. Przychody z tyt VAT wzrosą,0,49,10,krok miara jpk vat przychód tyt vat wzreść
@anonymized_account Tak. Jak Brazylia teraz ogra Słowenię (prowadzi 2:0 i 13:9) to na 100%.,0,91,14,brazylia ograć słowenia prowadzić 2:0 13:9 100
"RT @anonymized_account @anonymized_account Z czego się śmiejesz, nie zauważyłeś że masz oglądalność 35 osób na kanale?",0,118,16,co śmieć zauważyć być mieć oglądalność 35 osoba kanał
"@anonymized_account Też byłem w szpitalu, Jarosław Kaczyński też był i wyzdrowiał",0,81,11,być być szpital jarosław Kaczyński wyzdrowieć
"@anonymized_account W mózgu Jarkacza, spełniał wszystkie zachcianki",0,67,7,mózg jarkacz spełniał zachcianek
@anonymized_account Prokurator generalny @anonymized_account ma już zdanie wyrobione,0,84,8,prokurator generalny zdanie wyrobić
@anonymized_account Plakat widzę tak @anonymized_account z  @anonymized_account wymiana spojrzeń  a @anonymized_account na kolanach liże ich po stopach,1,151,17,plakat widzieć wymiana spojrzenie kolano lizać stopa
@anonymized_account no i co z tego że wiedział ? Ten bukmacher chciał naciągnąć klientów na taki zakład więc niech teraz wypłaca kase,0,133,22,wiedzieć bukmacher chcieć naciągnąć klient zakład wypłacać kase
"@anonymized_account Ty debili, zapytaj się swojego premiera gdzie kwiatki dzisiaj składał",0,89,11,debić zapytać swój premier kwiatek składać
@anonymized_account @anonymized_account ale co chce ? Wygrywać ? Skoro chciałby wygrywać to by już w przerwie zmienił Uryge na ofensywnego zawodnika,0,148,21,wygrywać skoro chcieć by wygrywać przerwa zmienić uryge ofensywny zawodnik
@anonymized_account @anonymized_account @anonymized_account A co trzeba zrobić w kwestii finansowania kampanii z funduszy UE przez Ziobrę?,0,138,16,zrobić kwestia finansować kampania fundusz UE ziobrę
@anonymized_account @anonymized_account @anonymized_account Nie sędziował antyWisła Kraków tylko sędziował chujowo w obie strony.,0,129,13,sędziować antywisło kraków sędziować chujowo oba strona
"RT @anonymized_account @anonymized_account \""kilkadziesiąt godzin analiz\"" i to cię nie zabiło ? .. i jeszcze jakieś wnioski na koniec? No brawo,szacun.,...a…",0,158,21,"\""kilkadziesiąt godzina analiz\ zabić jakiś wniosek koniec brawo szacun.,"
"@anonymized_account @anonymized_account @anonymized_account Mam siłę, żeby was rozjebać, z ziemi",0,96,10,siła rozjebać ziemia
"@anonymized_account Ta rozwalił,  to pozostałości po tej patologi PO",0,68,9,rozwalić pozostałość patologa
"@anonymized_account Moment, ale Mystek jako młodzieżowiec mógł rywalizować właśnie z tym Purzyckim.",0,99,12,moment mystek młodzieżowiec móc rywalizować purzycki
LUDZIE MAJĄ BÓL DUPY O NOTATKI JAKIEJŚ LASKI AJM????\nzostawcie ja w spokoju kurwa jesteście jacyś jebnieci wszyscy,0,115,17,człowiek ból dupa notatka jakiś laski ajm????\nzostawcie spokój kurwa jesteśt jacyś jebnieci
@anonymized_account zapowiedź meczu a w tekście tylko o Legii 😂,0,63,10,zapowiedź mecz tekst legia 😂
@anonymized_account @anonymized_account @anonymized_account @anonymized_account co ma mówić karakan i tak  ma pełnego pampersa,1,126,13,mówić karakan pełny pampers
"@anonymized_account @anonymized_account Żeby była jasność, ja jej nie bronię tylko chodzi mi o to, że u Juszczyka też się zdarzało.",0,131,20,jasność bronić chodzić juszczykać zdarzać
@anonymized_account Bo to realizacja planów dozbrojenia armii przygotowanych przez świra Macierewicza,0,101,11,realizacja plan dozbrojeć armia przygotować świr macierewicz
Najpierw jadę do babci w sumie,0,30,6,najpierw jechać babcia suma
No tak. Carlitos na ławce 😆,0,27,6,carlitos ławka 😆
@anonymized_account Siejewicz nie mogł obstawiać czegokolwiek a nie tylko swoich meczów,0,87,11,siejewicz mogłe obstawiać czegokolwiek swój mecz
"@anonymized_account Przecież to szydera z Dudy, który swego czasu napisał to w takim samym kontekście.",0,102,15,szyderać duda swój czas napisać taki sam kontekst
@anonymized_account @anonymized_account Przyjaciół to niech on sobie szuka za swoje prywatne pieniądze. I niech robi z siebie idiotę na własny rachunek.,0,152,21,przyjaciel szukać prywatny pieniądz robić siebie idiota własny rachunek
@anonymized_account @anonymized_account Ale wy wiecie lepiej gdzie są braki wiec ja tylko proponuje,0,99,13,wiecie dobrze brak wiec proponować
@anonymized_account @anonymized_account Wiesz co to jest kurs wymiany walut i spred?,0,84,11,wiedzieć kurs wymiana waluta spred
"@anonymized_account Dziadek ubierz kapcie, siadaj w fotelu i skończ bredzić",1,75,10,dziadek ubierz kapcie siadać fotel skończyć bredzić
"@anonymized_account Tak, statystyki to kłamstwa. Za to wyciągnięcie jednej sytuacji z 90 minutowego meczu to bezcenny dowód.",0,124,17,statystyka kłamstwo wyciągnięta jeden sytuacja 90 minutowy mecz bezcenny dowód
"@anonymized_account @anonymized_account @anonymized_account Mamy swoich, proszę nie podsyłać biskup Paetz zadbał, baranek  boży",0,127,13,swój prosić podsyłać biskup paetz zadbać baranek boży
spierdolenie se czasem z wykładu jest ważnym elementem dbania o zdrowie psychiczne pamiętajcie,0,94,13,spierdolenie se wykład ważny element dbać zdrowie psychiczny pamiętajć
"@anonymized_account Najebany ułan za kierownicą i w drogę, a innych poucza",1,74,11,najebać ułan kierownica droga pouczać
@anonymized_account @anonymized_account @anonymized_account @anonymized_account @anonymized_account Państwo w państwie i chuj,0,125,10,państwo państwo chuj
"RT @anonymized_account Panie i panowie, totalna porażka @anonymized_account w miastach. \nT O T A L N A \nTo bardzo ważny znak.",0,127,21,pani pan totalny porażka miasto \nt t litr n \nto ważny znak
"Znowu musiałem wziąć prysznic, tak się spociłem podczas seksu",0,61,9,musieć być wziąć prysznic spocić być seks
"@anonymized_account Hasło przewodnie ,, Dobrej Zmiany\""...",0,58,6,hasło przewodnie dobry zmiany\
@anonymized_account @anonymized_account U mnie też i tego się boję.,0,67,9,bać
"@anonymized_account Zostawiłam tam 3 lata temu \""Notatki na mankietach\"". Muszę się wrócić.",0,91,12,"zostawić być 3 rok \""notatka mankietach\ musieć wrócić"
@anonymized_account @anonymized_account @anonymized_account @anonymized_account @anonymized_account Bo się zaklaskacie na amen,0,126,10,zaklaskacie amen
RT @anonymized_account wyniki sondy były do przewidzenia Polacy chcieli i chcą nadal reform sądów ! #bezretuszu,0,111,16,wynik sond przewidzeć Polak chcieć chcieć nadal reforma sąd bezretusz
@anonymized_account To fakt. Nawet Niemcy dali się lubić😁😁😁,0,59,8,fakt niemiec dać lubić 😁 😁 😁
RT @anonymized_account Ta drużyna powstała za czasów PO-PSL.,0,60,8,drużyna powstać czas psl
RT @anonymized_account @anonymized_account @anonymized_account Tak ! Tak ! Kto to widział aby aresztować złodziei. Za PO nikt takich głupot nie robił !,0,151,22,widzieć aresztować złodziej nikt głupot robić
@anonymized_account Ale oglądałeś mecze z jego udziałem ?,0,57,8,oglądać być mecz udział
@anonymized_account @anonymized_account a to już nie moja wina że sprzedaliście nazwe klubu,0,91,12,wino sprzedaliśta nazwe klub
@anonymized_account @anonymized_account Takie małe pytanie o sens i logikę. Dlaczego pociąg jeżdżący na Podkarpaciu nazywa się Małopolska?,0,138,17,mały pytanie sens logika pociąg jeżdżący podkarpacie nazywać małopolski
@anonymized_account W imię cywilizacji i godności człowieka,0,59,7,imię cywilizacja godność człowiek
Kiedy wstawałaś o 10 a jutro masz pociąg o 6:30,0,47,10,wstawać być 10 jutro mieć pociąg 6:30
@anonymized_account @anonymized_account Grześ umie w zdjęcia 😉,0,62,7,Grześ umieć zdjęcie 😉
"RT @anonymized_account @anonymized_account Ukrywał czy przepisał na żonę? Tomuś, ciężko zrozumieć, że ktoś ma tyle zaufania do żony, co?",0,136,19,ukrywać przepisać żona tomuś ciężko zrozumieć tyle zaufanie żona
@anonymized_account Omg właśnie o nich myślałam,0,47,6,omg myśleć być
@anonymized_account @anonymized_account Obejrzałam dziś setki zdjęć. Andrzej rozbił tym pulę,0,92,10,obejrzeć być setka zdjęcie Andrzej rozbić pula
"@anonymized_account Ale fajny hamak,  też taki chcę",0,51,7,fajny hamak chcieć
@anonymized_account Na mecz Legii przyjechałeś... xD,0,52,6,mecz legia przyjechać być xd
"@anonymized_account @anonymized_account haha i mówi to \""piłkarzyk\"" który nigdy nie osiągnie jego poziomu",0,106,13,"hahy mówić \""piłkarzyk\ osiągnąć poziom"
@anonymized_account @anonymized_account @anonymized_account @anonymized_account @anonymized_account Kaliciaka mogli też zaprosić :),0,131,10,kaliciak móc zaprosić
@anonymized_account @anonymized_account @anonymized_account Powrotu z wypożyczenia akurat nie rozpatruję jako transferu :),0,122,12,powrót wypożyczyć akurat rozpatrować transfer
@anonymized_account @anonymized_account Powinni jeszcze sadzać za oszustwa prasowe i durne wypowiedzi w mediach,0,111,13,sadzać oszustwo prasowy durny wypowiedź media
@anonymized_account A zaczęło sie od kuriozalnego samobója Glika po spalonym Poulsena 😋,0,87,12,zacząć kuriozaln samobója glik spalony poulsena 😋
mój strój na wf czarny tshirt czarne legginsy czarne trampki czarna bluza i gumka do włosów mood,0,96,17,strój wf czarny tshirt czarny leggins czarny trampka czarny bluza gumka włos mood
"@anonymized_account Jaki tel do 1500 zł, prosze lg g6 odpowiedz",0,63,10,1500 złoty prosze lg g6 odpowiedz
@anonymized_account No nie bądźmy tacy małostkowi😁😀😀😀,0,53,6,bądźmy taki małostk 😁 😀 😀 😀
"@anonymized_account To tak jak z jazdą rowerem do pracy. Zero przyjemności, na rower z byka patrzę",0,98,16,jazdą rower praca zero przyjemność rower byk patrzyć
@anonymized_account Palcicia też nie powinno być w planach na nowy sezon. Bardzo słaby piłkarz.,0,95,14,palcić plan nowy sezon słaby piłkarz
@anonymized_account a trener Cracovii pracował jako nauczyciel WFu i co z tego ?,0,80,13,trener cracovii pracować nauczyciel wfu
@anonymized_account @anonymized_account A co z fantasy ekstraklasa?? W tamtym roku c+ miało bodajże swoją ligę??,0,112,15,fantasy ekstraklas tamten c+ mieć bodajże swój liga
"@anonymized_account @anonymized_account Tunezja to raczej na połowie Belgii, bo na połowie Anglii to raczej nie bywała zbyt często :D CC: @anonymized_account",0,157,21,tunezjaa raczej połowa belgia połowa anglia raczej bywać zbyt d cc
Piotrowicz właśnie spierdzielił że spotkania po pierwszym pytaniu\nhttps://t.co/EqJ8CfqVqF,0,90,8,piotrowicz spierdzielić spotkanie pierwszy pytaniu\nhttps://t.co eqj8cfqvqf
"@anonymized_account Widze, że nawet murzyni są w fanclubie :)",1,61,9,widze murzynia fancluba
"Zamkinij swoje ludzkie ego @anonymized_account bo szkodzisz pisdzielstwu, za mało dzielisz, morda w kubeł i pis rośnie",1,118,17,zamkinij ludzki Ego szkodzić pisdzielstwo dzielić morda kubeł pis rosnąć
"@anonymized_account Nie wiem, nie znam, ale wierzę Ci na słowo 😜",0,64,11,wiedzieć znać wierzyć słowo 😜
"@anonymized_account @anonymized_account Was pojebało tak jak sędziowie to złodzieje, to policjanci to ćpuny, renciści, emeryci, albo kombinatorzy",0,145,17,pojebać sędzia złodziej policjant ćpuna rencista emeryt kombinator
@anonymized_account przecież nie jesteśmy potęgą żeby mieć 30 świetnych zawodników,0,82,10,być potęga mieć 30 świetny zawodnik
"@anonymized_account Koniecznie zacznijcie od księży katechetów, to największe zagrożenie. W pedofilstwie kształci ich Seminarium w Tarnowie.",1,140,16,koniecznie zacznijcie ksiądz katechet wielki zagrożenie pedofilstwa kształci seminarium tarnowo
@anonymized_account O czym ty bredzisz. Poczytaj sobie depesze agencyjne po dzisiejszym dniu.,0,93,12,co bredzić poczytać depesza agencyjny dzisiejszy dzień
@anonymized_account J Szajben Wielgus była by na pewno lepszą,0,61,9,j szajben wielgus pewno dobry
"@anonymized_account Wybacz Polsko,że ten hipokryta był u władzy.Zostaw nas w spokoju. 🇵🇱",0,88,12,wybaczyć polska hipokryta władzy.zostaw spokój 🇵 🇱
"@anonymized_account @anonymized_account @anonymized_account W tam, dajcie się ludziom ruchać z kim chcą",0,103,12,dać człowiek ruchać kto chcieć
"@anonymized_account ahhh myślałam, że na jakieś innej stronie",0,61,8,ahhh myśleć być jakiś inny strona
RT @anonymized_account @anonymized_account waszych pieniędzy nie ma ukradli je ci peło te 550 mld\nto co zostało to są nasze pieniądze,0,134,20,waszy pieniądz ukraść peło 550 mld\nto zostać pieniądz
"@anonymized_account @anonymized_account @anonymized_account Chętnie bym coś zajebał albo dał lapóweczkę, ale nie mogę się przełamać, jestem taką pizdą",0,150,18,chętnie zajebać dać lapóweczka móc przełamać taki pizda
@anonymized_account Niemozna tłumaczyć remisu z wyspami owczymi brakiem jednego zawodnika,0,89,10,niemozny tłumaczyć remis wysep owczy brak jeden zawodnik
"@anonymized_account @anonymized_account A gdzie Inferno napisał, że Wisła stawia na Polaków ?",0,93,12,inferno napisać wisła stawiać polak
RT @anonymized_account from: me\nto: wszystkie ładne dziewczyny\n\njak to jest być ładnym????,0,93,11,fra me\nto ładny dziewczyny\n\njak ładny
@anonymized_account Już się boję. Postraszy mnie Pan kolegami narodowcami?,0,74,9,bać postraszyć kolega narodowce
@anonymized_account Obyś się niezakochala w Zabrzu jak pewien Hiszpan w Warszawie ;),0,84,12,obyś niezakochalać zabrz pewien hiszpan Warszawa
@anonymized_account Tata ma muszkę w taki wzorek ;-D,0,52,8,tata muszka wzorek -d
"@anonymized_account och, czyli wszystko przed Panem :-)\n@anonymized_account",0,76,7,och pan -)\n
#Gersdorf już nie jest szefową Krajowej Rady Sądownictwa. Złożyła rezygnację\n#KRS \nhttps://t.co/GNpw7kliXu,0,108,11,gersdorf szefowa krajowy rada sądownictwo złożyć rezygnację\n#krs \nhttps://t.co gnpw7klixu
@anonymized_account Zapewne teraz nic się nie zmieni.,0,53,7,zmienić
"@anonymized_account @anonymized_account byłam przy tym, więc zapewniam 😉",0,72,8,być być zapewniać 😉
@anonymized_account Zamówiłeś już kolejkę do psychiatry? Tak wygląda frustracja niespełnionego starca.,1,102,11,zamówić być kolejka psychiatra wyglądać frustracja niespełnionego starc
Historia jest jedna skurwysyny pisowskie,1,40,5,historia skurwysyna pisowski
RT @anonymized_account @anonymized_account Nie ma tego złego.... Gawłowski ma okazję spotkać się z elektoratem Platformy Obywatelskiej 😂,0,136,17,zły gawłowski okazja spotkać elektorat platforma obywatelski 😂
"@anonymized_account Jesteś na urlopie, czy dalej doisz państwo na propagandę PiSu?",1,82,11,być urlop daleko doić państwo propaganda pis
"@anonymized_account Griezmann doprowadził swój zespół do MŚ, Hazard grał świetnie, ale o dobrych wynikach Belgii decydowały akcje innych zawodników.",0,148,19,griezmann doprowadzić swój zespół mś hazard grać świetnie dobry wynik belgia decydować akcja zawodnik
"@anonymized_account tak, to moja siostra. Przeczytała \""Władcę Pierścieni\"" w jeden dzień, w wieku 9 lat. #IKtoTuJestKosmitą @anonymized_account",0,144,17,"siostra przeczytać \""władca pierścieni\ dzień wiek 9 rok iktotujestkosmitą"
"@anonymized_account @anonymized_account @anonymized_account Slucham muzyki, pewnie stad takie wrazenie nie wnikam w tt szczegolnie, chaos polecam",0,145,16,slucham muzyka pewnie stad wrazenie wnikać tt szczegolnie chaos polecać
"@anonymized_account @anonymized_account dzwoniłem do misiewiczów mówią że już im starczy, materialne korzyści zostały zaspokojone",0,129,14,dzwonić być misiewicz mówić starczyć materialny korzyść zostać zaspokojć
"@anonymized_account @anonymized_account Ok, ale jakiego wyniku można się po tym spodziewać?",0,91,11,jaki wynik spodziewać
"wszyscy na PiS , coś się odjebało z narodem, trzeba będzie spierdalać",0,69,12,pis odjebać naród spierdalać
@anonymized_account To ten desperat ? :),0,40,6,desperat
@anonymized_account aa myślałem że on powiedział nie WKS i Łęcznej na wstępie :) mój błąd :),0,92,16,aa myśleć być powiedzieć wks łęczny wstęp błąd
"@anonymized_account Wszystkich sprzedałem przed tą kolejką. W poprzedniej byli Gui, Ara i Cillian, wszyscy nie zagrali 😁",0,120,17,sprzedać być ten kolejka poprzedni gui ara cillianin zagrać 😁
@anonymized_account @anonymized_account @anonymized_account 🤣😂🤣😂🤣😂🤣😂🤣 ale ty idiota jesteś,1,90,8,🤣 😂 🤣 😂 🤣 😂 🤣 😂 🤣 idiot być
@anonymized_account Nooooo podobno jest jakaś i to sporo młodsza just saying ale chce ja zobaczyć,0,97,15,nooooo podobno sporo młody just saying zobaczyć
"@anonymized_account @anonymized_account Spokojnie, u mnie też Kaczarawa na kapitanie + Cvijanović :)",0,100,12,spokojnie kaczarawa kapitan + cvijanović
"@anonymized_account @anonymized_account Tak, tak to zazwyczaj wygląda, gdy jacyś mlodzi zawodnicy na co dzień z jedynką trenują. I to nie jest odkrycie.",0,152,22,zazwyczaj wyglądać jacyś mlodzić zawodnik dzień jedynka trenować odkryć
@anonymized_account @anonymized_account Zacząłeś robić za prymasa pajacu?,1,73,7,zacząć być robić prymas pajac
@anonymized_account @anonymized_account Czy leci z nami pilot ? 2,0,65,9,lecieć pilot 2
Dużo tego jeszcze było ale nie chce mi się pisać i tak nikogo to nie interesuje,0,79,16,pisać nikt interesować
@anonymized_account Ale na szczęście te minusy nie przesłaniają mi plusów.,0,74,10,szczęście minus przesłaniać plus
"@anonymized_account Jeśli chcesz to jasne, wyślę na dm",0,54,8,chcieć jasny wyślę dm
@anonymized_account skoro napisaliście że chciało go pół Europy to może napiszcie jakie kluby bo ja nie napotkałem się na info o choćby jednym,0,142,23,skoro napisać być chcieć pół europa napiszcie klub napotkać być info choćby
"@anonymized_account Wiem co czujesz, kiedyś miałam podstawy prawa, teraz będę mieć prawo własności intelektualnej i aż mi nie dobrze",0,132,19,wiedzieć czuć kiedyś mieć być podstawa prawo mieć prawo własność intelektualny
@anonymized_account @anonymized_account @anonymized_account @anonymized_account Kosztem dziesiątków zamordowanych ludzi. Moje gratulacje.,0,137,10,koszt dziesiątek zamordowany człowiek gratulacja
"@anonymized_account @anonymized_account Ale widzisz - nie potrzebują \""stabilności\",0,83,8,"widzieć potrzebować \""stabilności\"
RT @anonymized_account @anonymized_account Wy też mieliście media i padliście. Historia jak widać się powtarza Panie Lis.,0,121,16,mieliście media padliść historia widać powtarzać pani lis
"Nie, nie skąd ta pewność że to ty",0,33,8,pewność
@anonymized_account @anonymized_account A jest? Popatrz do słownika i sprawdź znaczenie słów.,0,93,11,popatrz słownik sprawdzić znaczenie słowo
"@anonymized_account Pyta się kiedy beda nowe okulary, bo juz chce wychodzić",0,75,11,pytać nowy okulary wychodzić
"@anonymized_account @anonymized_account A co z płodem, który ma mózg poza czaszką albo cyklopię?",0,96,13,płod mózg czaszka cyklopieć
"@anonymized_account @anonymized_account @anonymized_account No i tak to jest, jak ktoś pół życia chodził boso.",0,110,14,pół życie chodzić boso
@anonymized_account @anonymized_account @anonymized_account co sezon słysze że w Chojnicach trzeba wstrząsnąć zespołem :),0,121,13,sezon słyszeć chojnica wstrząsnąć zespół
"@anonymized_account @anonymized_account Rak dupy pewnie podobnie, badamy palcem odbyt w celu wstępnej diagnozy",0,110,13,rak dupa pewnie podobnie badać palec odbyt cel wstępny diagnoza
@anonymized_account @anonymized_account tylko nie Załuska.Nie potrzeba nam takich piłkarzy bez ambicji.,0,103,11,załuska.nie potrzeba piłkarz ambicja
"@anonymized_account @anonymized_account Myślę, że przede wszystkim zadecydowało to, że Cionek to piłkarz na teraz, a Dawidowicz to wciąż \""prospect\"".",0,150,19,"myśleć zadecydować cionek piłkarz dawidowicz wciąż \""prospect\"
jeśli nie mogę wyglądać tak jak\n•perrie edwards\n•troian bellisario\nto what’s the point of existing?,0,102,13,móc wyglądać jak\n•perrie edwards\n•troian bellisario\nto what s the point of existing
"@anonymized_account Niby sami świnie, a nic nie wiedzą",0,54,8,niby sam świnia wiedzieć
W CLJ U-17 za to jest duża szansa na trzy drużyny z Podlasia. Talent Białystok zagra z Olimpią Elbląg.,0,102,19,clj 17 duży szansa trzy drużyna podlasei talent białystok zagrać olimpią elbląg
RT @anonymized_account #Gersdorf już nie jest szefową Krajowej Rady Sądownictwa. Złożyła rezygnację\n#KRS \nhttps://t.co/GNpw7kliXu,0,131,13,gersdorf szefowa krajowy rada sądownictwo złożyć rezygnację\n#krs \nhttps://t.co gnpw7klixu
"@anonymized_account @anonymized_account @anonymized_account @anonymized_account No cóż, każdy sądzi podług siebie.",0,114,10,cóż sądzić podług siebie
"RT @anonymized_account Przecież to jest proste. ABW w Gdańsku dowiedziało się, że młody Tusk pracuje w Old Expres i postanowili nie dotykać te…",0,143,23,prosty abw gdańsk dowiedziać młody Tusk pracować old expres postanowić dotykać
"@anonymized_account Frekwencja jak na termalice a pretensje do Filipiaka ze niegraja jak Wisła. \n \"" Co wy myślicie wy w Polsce nic nieznaczycie \""",0,148,24,frekwencja termalica pretensja filipiak niegraje wisła \n myślicie Polska nieznaczycie
"@anonymized_account Pis to komuna, propaganda i jedno wielkie klamstwo, aby tylko doić. P.s też jeestem Polakiem",0,112,16,pis komun propaganda wielki klamstwo doić p.s jeest polak
"@anonymized_account Radek zamieszkał w altance. Otwiera ostatni słoiczek oliwek, robi się zimno",0,95,12,radek zamieszkać altanka otwierać ostatni słoiczek oliwka robić zimno
"@anonymized_account @anonymized_account @anonymized_account @anonymized_account Do pierwszego jest spóźniony, to na pewno.",0,122,11,pierwszy spóźniony pewno
"@anonymized_account @anonymized_account W mojej okolicy jest blok 18 piętrowy, też z jednym domofonem",0,101,13,mój okolica blok 18 piętrowy domofon
"@anonymized_account Pisałem, kasowałem jest trochę tego, nie wszystko wszystkim musi się podobać, jeszcze sprawy światopoglądowe i konstytucja",0,142,17,pisać być kasować być trochę podobać sprawa światopoglądowy konstytucja
@anonymized_account Nierozumie jakieś nagonki na mecz pol- jpn nikt niebronil senegalowi strzelić bramki i awansować,0,116,15,nierozumie jakiś nagonka mecz pol Jpn nikt niebronil senegal strzelić bramka awansować
@anonymized_account @anonymized_account Raczej ma problem z głową. Tak jak Ty i Tobie podobni.,1,94,13,raczej problem głowa podobni
@anonymized_account Piwo jest w rękach Palikota,0,47,6,piwo ręka palikote
@anonymized_account @anonymized_account Ktoś tam napluł czy jak?,0,64,7,napluł
"@anonymized_account @anonymized_account A azbest stoi na szczycie ewolucji, debile",0,82,9,azbest stać szczyt ewolucja debile
WIECIE ZD NIE MOGĘ ZMIENIĆ PACKA BO MI SIĘ COŚ ŚCINA BO NIE CHCE MI ZMIENIĆ HEADERU I IKONKI RAZEM XDD,0,102,21,wiedzieć zd móc zmienić packo ścina zmienić header ikonka razem xdd
Polacy z Serbią i Włochami o półfinał MŚ.,0,41,8,Polak serbia włoceh półfinać mś
"@anonymized_account @anonymized_account @anonymized_account Na pewno nie w getbacku, skokach i u Czartoryskich w Lichtensteinie",0,127,14,pewno getback skoka czartoryski lichtensteina
@anonymized_account wkoncu kupowal od nich mecze,0,48,6,wkoncuyć kupowal mecz
"@anonymized_account Będzie mu bardzo miło, dzięki ;-)",0,53,7,miło dzięki
@anonymized_account chyba biedak ma małe szanse na wygraną skoro weszło próbuje wymusić na Pawłowskim zeznania na korzyść cierzniaka,0,132,18,chyba biedak mały szansa wygrana skoro wejść próbować wymusić pawłowski zeznanie korzyść cierzniak
@anonymized_account @anonymized_account mnie jak nie interesuje opera to nie chodze do opery.Jak kogoś nie interesuje kosz to potrafie to zrozumieć,0,147,20,interesować oper choga opery.jak ktoś interesować kosz potrafa zrozumieć
"- Nie mogę cały dzień chodzić w piżamie - pomyślałam, więc poszłam się położyć. #Lenistwo🙆",0,90,15,móc dzień chodzić piżama pomyśleć być poszłam położyć lenistwo 🙆iądz
@anonymized_account I tak właśnie chyba zrobie :),0,49,7,chyba zrobie
@anonymized_account Tak! Supi nazwa hahah ❤,0,43,6,supić nazwa hahah ❤
"@anonymized_account Brakuje tlenu, mi brakuje odkąd pis przejął władzę",1,70,9,brakować tlen brakować odkąd pis przejąć władza
@anonymized_account To się nazywa uzależnienie xD,0,49,6,nazywać uzależniyć xd
@anonymized_account Na różowo? \n\nCzyżby coming out Prezesa?,0,61,7,różowo \n\nczyżby coming out prezes
"@anonymized_account Kurwa ale to zjeb, publicznie się chwali że chodził do burdelu za swoje pieniądze, i miesza w to zonę",1,121,20,kurwa zjeb publicznie chwalić chodzić burdel pieniądz mieszać zona
"Gdzie nie spojrzę mam bana, a staram się być taki delikatny",0,59,11,spojrzę ban starać delikatny
@anonymized_account @anonymized_account Koledzy złodzieje Horały przed komisją VAT,0,82,8,kolega złodziej horać komisja vat
Prezes Gersdorf dostała od PAD propozycję nie do odrzucenia,0,59,9,prezes gersdorf dostać pada propozycja odrzucić
"@anonymized_account Mus, już nie wrócę do mp3 320 kbps",0,54,9,mus wrócić mp3 320 kbps
@anonymized_account ta obecna Zary Larsson czy Pitbulla z ostatnich MŚ nie były złe :),0,86,14,obecny zary larsson pitbulla ostatni mś zły
"Wiem co mogłoby \""uratować\"" posła Piętę... niech ogłosi, że wszystko to nieprawda, bo jest....gejem 🤪",1,102,15,"wiedzieć móc by \""uratować\ poseł piętę ogłosić nieprawda gej 🤪"
@anonymized_account @anonymized_account @anonymized_account Ja mam insta i nic nigdy nie wrzucał odnośnie trenera. Nie siejcie propagandy.,0,138,16,insty wrzucać odnośnie trener siejć propaganda
@anonymized_account Następny zespół z tabeli Makroregionu wchodzi do CLJ.,0,73,9,następny zespół tabela makroregion wchodzić clja
RT @anonymized_account Robert Biedroń robiący sobie selfie z narodowcem w koszulce „zakaz pedałowania” to mój mood,0,114,16,robert biedroń robiący selfie narodowiec koszulka zakaz pedałowanie mood
@anonymized_account Nie rozumiem tylko dlaczego ze 142 g mięsa wyszło 100 g kabanosów 🤔,0,87,14,rozumieć 142 gram mięso wyjść 100 gram kabanos 🤔
"@anonymized_account Górnik na boisku zdobył trzy punkty mniej, a Wisła miała sporo meczów, gdzie sędziowie jej nie pomagali.",0,124,18,górnik boisko zdobyć trzy punkt mało wisła mieć sporo mecz sędzia pomagać
"Ty @anonymized_account nie lajkuj, bo zaraz pewnie do Milanu trafi 😀",0,68,11,lajkuj zaraz pewnie milan trafić 😀
"RT @anonymized_account @anonymized_account Następny chce się \""wylansować\"" plujac na POLSKICH PATRIOTÓW!!!!!",0,109,11,"następny \""wylansować\ plujac polski patriota"
@anonymized_account @anonymized_account Ale tu już zupełnie inne rzeczy decydują.,0,81,9,zupełnie rzecz decydować
@anonymized_account Życzę mu dobrze ale martwię się by się nieokazalo ze to za wysokie progi dla niego,0,102,17,życzyć martwić nieokazalo wysoki prog
@anonymized_account @anonymized_account @anonymized_account spoko :) jakbyś wiedziała gdzie brazylijczycy trafią/trafili to prosiłbym o informocje :),0,149,15,spoko jakby być wiedzieć brazylijczyk trafić trafić prosić by być informocja
"@anonymized_account @anonymized_account Rachoń Jak zwykle manipuluje, taki to już pajac",1,87,10,rachoń zwykle manipulować pajac
@anonymized_account @anonymized_account Kiedy zaczniesz się leczyć kretynie,1,75,7,zaczniesz leczyć kretynie
Uuuuuuuuuu czyżby ślub Christiny był już bardzo bardzo blisko???,0,64,9,uuuuuuuuuu czyżby ślub christina blisko
To jest ten wf czy go nie ma...... co to za dezorganizacja ja nie wierze,0,72,15,wf dezorganizacja wiara
@anonymized_account O BOŻE GRATULUJĘ I PRZEDE WSZYSTKIM ŻYCZĘ CI CIERPLIWOŚCI I MIŁOŚCI,0,87,12,boży gratulować życzyć cierpliwość miłość
@anonymized_account Zdarzyło Ci się tak kiedyś? 😳,0,49,7,zdarzyć kiedyś 😳
Pokolenie 'Chcę więcej' szybko zmieniło się na 'Nie wymagajcie od nas więcej'.,0,78,12,pokolenie chcieć szybko zmienić wymagać
@anonymized_account Odstawiając narodowość na bok to ten skład jest przecież słabiutki.,0,87,11,odstawiać narodowość bok skład słabiutka
RT @anonymized_account @anonymized_account Akurat wy tam w Nowoczesnej umiecie średnią wyliczyć ha ha ha,0,104,14,akurat nowoczesny umieć średnią wyliczyć hektar hektar hektar
"RT @anonymized_account @anonymized_account Pana zdanie nie interesuje Polaków ❗\nWypchaj się Pan niemiecką, śmierdzącą onucą ❗",1,126,15,zdanie interesować polak ❗ \nwypchaj niemiecki śmierdzącą onuca ❗
@anonymized_account Jaki to jedna wielka kompromitacja więc nie ma problemu z rozstrzygnięciem,0,94,12,wielki kompromitacja problem rozstrzygnięc
@anonymized_account kiedy w końcu Misiuk będzie grać ?,0,54,8,koniec misiuk grać
@anonymized_account Czyli niestety prędzej czy później się rozleci.,0,67,8,niestety prędko późno rozleci
@anonymized_account @anonymized_account Opętać to nie ale jakby był sygnał albo jakby ktoś odebrał to XDDD,0,106,15,opętać sygnał odebrać xddd
#NAME?,0,6,1,nam
@anonymized_account @anonymized_account @anonymized_account @anonymized_account @anonymized_account A kto wprwadzil jpk vat i f-ry platne gotowka powyzej 15 ty$ no kto,0,167,19,wprwadzil jpk vat f ry platny gotowka powyzej 15 ty$
"Ale skoro jakiś dzban wymyślił, że nie ma 'wypychania' piłki w bok, to się nie dziwię, że każda kiwka jest kwestionowana.",0,121,21,skoro dzban wymyślić wypychać piłka bok dziwić każdy kiwka kwestionować
"RT @anonymized_account Słyszę, że Pierwsza Milcząca będzie czytała dzieciom Koziołka Matołka...\nA może lepiej poczyta Konstytucję swojemu matoł…",1,145,17,słyszeć pierwszy milcząca czytać dziecko koziołek matołek \na dobrze poczytać konstytucja swój matoł
@anonymized_account Ej macie taką głęboką więź albo coś? Czy to tylko mit,0,73,12,ej mieć taki głęboki więź mit
@anonymized_account @anonymized_account wykupią nazwe i co sie stanie ?,0,71,9,wykupić nazwe stać
W sumie to potrzebuję całego dnia na zimny prysznic,0,51,9,suma potrzebować cały dzień zimny prysznic
@anonymized_account @anonymized_account A roku nie można normalnie napisać ?,0,76,9,normalnie napisać
@anonymized_account @anonymized_account Ale dlaczego głupi @anonymized_account  tłumaczy to jeszcze głupszemu @anonymized_account ?,0,131,12,głupi tłumaczyć głupsz
@anonymized_account @anonymized_account @anonymized_account Względem reszty kraju generalnie jest bardzo słabo. Zdarzają się tylko pojedyncze roczniki.,0,151,15,względem reszta kraj generalnie słabo zdarzać pojedynczy rocznik
Rząd zaostrzy kary za znęcanie się nad zwierzętami. Od 3-5 lat więzienia; obowiązkowa nawiązka do 100 tys zł. Więcej jutro w @anonymized_account,0,144,22,rząd zaostrzyć kara znęcać zwierzętami 3 5 rok więzienie obowiązkowy nawiązka 100 złoty jutro
RT @anonymized_account #CLJu17 📺 Dzisiejszy finał można obejrzeć pod tym linkiem! Naprzód Jaga!\nhttps://t.co/eb3izzbVdz,0,120,13,clju17 📺 dzisiejszy finał obejrzeć link naprzód Jaga!\nhttps://t.co eb3izzbvdz
@anonymized_account @anonymized_account @anonymized_account i bardzo dobrze.Lansiarz.Głosował m.in. przeciwko budowy nowej hali dla Wisły,0,137,13,dobrze.lansiarz.głosować między innymi przeciwko budowa nowy hala wisła
@anonymized_account Największy cham z polityków to Niesiołowski !!! Rudzielcu.,0,78,9,duży chać polityk niesiołowski rudzielec
"@anonymized_account Ale masz fana, nie wiem czy nie trzeba doktora",0,66,10,mieć fać wiedzieć doktor
@anonymized_account @anonymized_account Posłuchałem rady  RAZ. Wyłączyłem TVN. Nagle wszyscy naziści zniknęli. Nigdzie ich nie ma.,0,130,15,posłuchać być rada wyłączyć być tvn nagle nazista zniknąć nigdzie
"@anonymized_account Nie masz alkomatu? Wydaje mi się, ze tak bo masz jeszcze sporo czasu a to piwo chyba nie na za dużo procentów",0,129,23,mieć alkomat wydawać mieć sporo czas piwo chyba procent
"@anonymized_account No nie będzie. Sezon kończy się w momencie, gdy najstarsi mają ukończone 19 lat, a młodsi będą wciąż mieli 18.",0,130,21,sezon kończyć moment najstarsi ukończone 19 rok młodsi wciąż mieć 18
Nie zdałam egzaminu na prawo jazdy ewww,0,39,7,zdać być egzamin prawo jazda ewww
@anonymized_account trzeba więcej chodzić na siłownie tak jak to radziłeś kiedyś Kamińskiemu po bramce Radovicia,0,112,15,chodzić siłowć radzić być kiedyś kamińskiemu bramka radovicie
@anonymized_account @anonymized_account @anonymized_account @anonymized_account @anonymized_account @anonymized_account Bo Gadowski już dawno powinien być zutylizowany.,1,168,13,gadowski dawno zutylizować
@anonymized_account Senegal musiałby zdobyć komplet punktów. Nie róbmy jaj.,0,75,9,senegal musiać by zdobyć komplet punkt róbmyć jaj
"@anonymized_account @anonymized_account Nie są, ale Twoje wyjaśnienie nie ma sensu. Nie anuluje się gola, gdy błąd popełni bramkarz.",0,132,18,wyjaśnienie sens anulować Gola błąd popełnić bramkarz
"@anonymized_account @anonymized_account Nie no, nie rób sobie jaj. Piłka nie leci pół minuty, wtedy na podejmowanie decyzji jest za późno. ;)",0,141,21,robić jajo piłka lecieć pół minuta podejmować decyzja późno
@anonymized_account A mam inne wyjście? Mam ale wiesz co to oznacza,0,67,11,wyjście wiedzieć oznaczać
@anonymized_account 13?😁😁😁. To zbyt optymistyczne.A 10 to nie łaska?. 13 to jest teraz..😀😀,0,90,13,13 😁 😁 😁 zbyt optymistyczne.a 10 łaski 13 😀 😀
@anonymized_account Ile was pojechało do Portugalii?,0,52,6,pojechać portugalia
"@anonymized_account @anonymized_account @anonymized_account Oj, jaki ty durny człowieku jesteś.....\nIdź do pracy w TVPis",0,121,13,oj durny człowiek być \nidź praca tvpis
"Wyrachowanie na wysokim poziomie. Trzy punkty, mecz odhaczony. Teraz czas na Portugalię! 😎",0,90,13,wyrachowanie wysoki poziom trzy punkt mecz odhaczony czas portugalia 😎
"@anonymized_account @anonymized_account Nie twórz też parków, boisk, placów zabaw, itp., bo to za pieniądze ludzi 😉",0,115,16,twórz parek boisko plac zabawa i tym podobne pieniądz człowiek 😉
@anonymized_account @anonymized_account tak na pewno mu już składali propozycje mimo że ma ważny kontrakt...,0,108,14,pewno składać propozycja ważny kontrakt
"RT @anonymized_account @anonymized_account STO LAT, ale ty musisz być stara teraz",0,81,11,sto rok musieć stary
@anonymized_account @anonymized_account A co o włoskich faszystach i węgierskich nacjonalistach?,0,96,10,włoski faszyst węgierski nacjonaliste
"Historii. I co? I g.....o!! Wszystko na marne!! W tamtym momencie karty były już rozdane. Chwała młodym,wielkim bohaterom!",0,122,18,historia g marny tamten moment karta rozdać chwała młody wielki bohater
"@anonymized_account @anonymized_account Nie, nie miał za darmo. Oba kupił.",0,74,9,darmo oba kupić
@anonymized_account @anonymized_account  @anonymized_account @anonymized_account  nie ma felietonów i nie wiem przez to co się w lidze dzieje bo już nie oglądam :),0,163,22,felieton wiedzieć liga dziać oglądać
@anonymized_account Wstydze się że  jest Pan w parlamencie,0,58,8,wstydze parlament
@anonymized_account Wszystkiego najlepszego z okazji urodzin!!!!💐💐💐💐💐💐💐💐💐💐💐💐💐💐💐🌹🌹🌹🌹🌹🌹🌹🌹🌹🌹🌹🌹🥀🥀🥀🥀🥀🥀🥀🥀🥀🥀🥀🥀,0,103,6,wszystko dobry okazja urodziny 💐 💐 💐 💐 💐 💐 💐 💐 💐 💐 💐 💐 💐 💐 💐 🌹 🌹 🌹 🌹 🌹 🌹 🌹 🌹 🌹 🌹 🌹 🌹 🥀 🥀 🥀 🥀 🥀 🥀 🥀 🥀 🥀 🥀 🥀 🥀
@anonymized_account @anonymized_account @anonymized_account A to już jest twoja żałosna nadinterpretacja😁😁😁,0,107,10,żałosny nadinterpretacja 😁 😁 😁
@anonymized_account POLSKOŚĆ TO NIE NORMALNOŚĆ.  PAMIĘTA PAN! PRZECIWNICY TO BOLSZEWICY.  TO BYŁO WCZORAJ!   JEST PAN NIESZCZERY!,0,129,16,polskość normalność pamiętać przeciwnik bolszewik wczoraj nieszczera
"@anonymized_account O ile mnie pamięć nie myli, to nigdy nie byłam chłopcem.",0,76,12,pamięć mylić być być chłopiec
@anonymized_account @anonymized_account Tak PiS ufa swojemu suwerenowi,0,70,7,pis ufaa swój suweren
@anonymized_account Jeszcze 6 krajów miało większy wzost,0,56,7,6 kraj mieć duży wzost
"@anonymized_account U mnie na osiedlu jest taki jeden casanova, wabi się Amor. Żadnej nie przepuści. Waży, ze dwa kilo, tylko o tym nie wie.",0,140,24,osiedel casanova wabić amor żaden przepuścić ważyć kilo
"@anonymized_account wolność, czyżby? A nie dyby kanonów piękna?",0,63,8,wolność czyżby dyby kanon piękny
"@anonymized_account @anonymized_account Dlaczego nie dajecie video, tylko pojedyncze fotki?",0,91,9,dajeta video pojedynczy fotka
@anonymized_account A z portugalczykiem coś wiadomo?,0,52,6,portugalczykiem wiadomo
@anonymized_account To ty może przezut z bytovi? ;-),0,52,8,przezut bytovi
@anonymized_account Byłem pewien że gdzieś widziałem tą ruską mordę,0,67,9,być być pewny widzieć być ten ruski morda
@anonymized_account Mówił ze nie lubi takiej muzyki XD,0,54,8,mówić lubić taki muzyka xd
Nie mam wpływu chuje złamane,0,28,5,wpływ chować złamać
@anonymized_account Robert pokazał klasę zaczął strzelać jak trzeba było strzelić,0,81,10,robert pokazać klasa zacząć strzelać strzelić
"@anonymized_account @anonymized_account W kolumnie z ochrona, jakas wicepremier od niczego, po kiego chuja",0,106,13,kolumna ochrona wicepremier nic kiy chuja
@anonymized_account @anonymized_account @anonymized_account @anonymized_account Sam Boniek kiedyś stwierdził że piro powinno być legalne bo to urok meczu,0,153,17,boniek kiedyś stwierdzić piro legalny urok mecz
@anonymized_account @anonymized_account Za mało znaków można wklepać by wytłumaczyć o co mi chodzi ale myślę że w miarę zrozumiałe,0,130,19,znak wklepać wytłumaczyć chodzić myśleć miara zrozumiały
"@anonymized_account Kiedyś się smiałem, a teraz sam nie wiem, z takimi atutami",0,78,12,kiedyś smiać być wiedzieć taki atut
@anonymized_account No rzeczywiście 24 miliony to bardzo mało.,0,62,8,rzeczywiście 24 milion
"@anonymized_account Widze, że jebie w główkę mocniej i mocniej...",1,65,9,widze jebać główka mocno mocno
@anonymized_account A nie wszystkie wiadomości będą wymagane na egzaminie,0,73,9,wiadomość wymagać egzamin
@anonymized_account Nie powinno być źle o ile się utrzymamy :P,0,62,10,źle utrzymać :p
"@anonymized_account kochana oddam notatki z sylogistyki i jej układów, analogii, dedukcji, indukcji i innych przecudownych rzeczy",0,129,16,kochać oddać notatka sylogistyka układ analogia dedukcja indukcja przecudowny rzecz
"@anonymized_account @anonymized_account @anonymized_account A chuj jak nawet ci od przemyka są na zwolnieniu, a później max emerytura, mafia ruska",0,146,19,chuj przemyk zwolnienie późno max emerytura mafia ruski
"RT @anonymized_account @anonymized_account W końcu ktoś ma te same przypuszczenia! Bo jak się pytam to nikt nie wie kto to, ta Natalka😂😂😂",0,137,22,koniec sam przypuszczenie pytać nikt natalka 😂 😂 😂
@anonymized_account Może razem gdzieś się wybierzemy na ryby😁😁😁,0,63,8,razem wybierzemy ryba 😁 😁 😁
@anonymized_account jak najbardziej im życzyłem zwycięstw w pozostałych meczach głównie ze względu na @anonymized_account którego lubie i szanuje :),0,148,19,bardzo życzyć być zwycięstwo pozostały mecz głównie wzgląd lubie szanować
@anonymized_account skoro jest dno dna to może skupmy się na tych od których coś wymagamy,0,89,15,skoro dno dny skupmy wymagać
"RT @anonymized_account TVP Info pociesza po łomocie w Gdańsku i Krakowie: \""W dużych miastach mieszka tylko 15 proc. Polaków\""",0,126,19,"tvp info pocieszać łomota gdańsk krakowie \""w duży miasto mieszkać 15 procent polaków\"
"Ale sie plątała, wstyd mieć takich doradców, pani Romaszewska zawstydzila sluchaczy Tokfm swoim dyletanctwem @anonymized_account",0,128,15,plątać wstyd mieć doradca romaszewski zawstydzila sluchacz tokfm swój dyletanctwo
@anonymized_account @anonymized_account Pan Jurek zniesie to z godnością. To dzielny człowiek.,0,94,11,Jurek znieść godność dzielny człowiek
@anonymized_account Kurz nie rzuca się w oczy gdy jest wszędzie. #mzf,0,69,11,kurz rzucać oko wszędzie mzf
"@anonymized_account Lzy ogromne, kiedyś usunąłem ciążę, nie mów nikomu",1,70,9,lzy ogromny kiedyś usunąć być ciąża mówić nikt
"@anonymized_account @anonymized_account @anonymized_account @anonymized_account SKOKI i Morzejki zaorały, w sumie 12 mld",0,120,12,skok morzejka zaorać suma 12 miliard
@anonymized_account tak z ciekawości co musi się stać żebyście przestali ciągle pytać o Małeckiego i korupcje ?,0,111,17,ciekawość stać żeby być przestać ciągle pytać małeckiy korupcja
@anonymized_account @anonymized_account Rewiński autorytet😂😂😂🤣🤣🤣. Stary pierdziel pokroju Pietrzaka. Skończyła się komuna i skończyły się festiwale.,0,148,15,rewiński autorytet 😂 😂 😂 🤣 🤣 🤣 stary pierdziel pokrój pietrzak skończyć komunaa skończyć festiwale
"@anonymized_account @anonymized_account @anonymized_account Chciałem skomentować wyliczenia wpływu z transferów. Ale masz rację, mój błąd za który przepraszam :)",0,161,18,chcieć być skomentować wyliczeć wpływ transfer mieć racja błąd przepraszać
"@anonymized_account to fajny myk, żeby się treść @anonymized_account nadawca nie pojawiał kiedy ekran jest zablokowany.",0,119,15,fajny myk treść nadawca pojawiać ekran zablokować
"Błagam nic o zakazie handlu, to tak jak z tym człekiem co patrzy w górę, a za chwilę tłumek",0,91,19,błagać zakaz handel człek patrzeć góra chwila tłumek
"@anonymized_account Widzisz, i to jest różnica między człowiekiem inteligentnym a kimś, komu apaszka odcina dopływ tlenu w do mózgu.",1,132,19,widzieć różnica człowiek inteligentny kto apaszek odcinać dopływ tlen mózg
@anonymized_account @anonymized_account to przynajmniej było czyste 🦀,0,69,7,przynajmniej czysty 🦀
"Dubstep to kompletnie nie moja bajka, ale to jest bajeczne ❤️ \n\nhttps://t.co/UhYvRsjofv",0,89,12,dubstep kompletnie bajka bajeczny ❤ ️ \n\nhttps://t.co uhyvrsjofv
@anonymized_account @anonymized_account Po co? Nawet Rosjanie od tego systemu odeszli.,0,86,10,rosjanin system odejść
@anonymized_account Co za jebana chorągiewka. Zero szacunku dla takich zawodników.,0,82,10,jebać chorągiewka zero szacunek zawodnik
@anonymized_account Między innymi dzięki takim propagandzistom pisowskim jak ty.,1,80,9,inny dzięki taki propagandzist pisowski
@anonymized_account Ty zdrajco von z Polski natychmiast wywalić do Berlina i Putina zakalo Polski,1,97,14,zdrajco von Polska wywalić berlin putinać zakalo polski
@anonymized_account @anonymized_account Zajęliście sobie już kolejkę do psychiatry? Weźcie ze sobą świra Antosia.,0,113,13,zajęć być kolejka psychiatra weźcie świra antosia
@anonymized_account Protestują bo widą w przestrzeni coraz więcej  zjebów takich jak wy,1,87,12,protestować widą przestrzeń zjebów
@anonymized_account Yvonne irytowała ale miała duży wkład w sukcesy.Oby teraz było podobnie :) U Jose się ogarnie :),0,116,18,yvonny irytować mieć duży wkład sukcesy.oby podobnie jose ogarć
1970 - Franz Beckenbauer gra w meczu mimo złamanego obojczyka.\n2017 - Marco Asensio opuszcza mecz z powodu infekcji wywołanej depilacją nóg,0,140,21,1970 franz beckenbauer grać mecz złamany obojczyka.\n2017 marco asensio opuszczać mecz powód infekcja wywołany depilacja noga
"@anonymized_account Choruje sobie :( w co u Ciebie, jak tam na praktykach?",0,74,12,chorować praktyka
Żal bo nigdynic w życiu nie wygrałam,0,36,7,żal nigdynic życie wygreć być
"@anonymized_account @anonymized_account Spoko gość, trzeba czasem posłuchać",0,75,7,spoko gość posłuchać
@anonymized_account a zawsze byli uważani za facetów z charakterem...,0,69,9,uważać facet charakter
"Sabrino, tępa kurwo, miałaś iść do lasu a nie sadu XDDD",1,55,11,sabrino tępa kurwo mieć być iść las sad xddd
"@anonymized_account @anonymized_account @anonymized_account Kurwa znowu, w sumie nie taki problem wiecznie zabierają",0,116,12,kurwa suma problem wiecznie zabierać
"@anonymized_account @anonymized_account Wiem że mam rację, wypad z mojego TT",0,76,10,wiedzieć racja wypadić mój tt
"@anonymized_account Trochę mózgu, troszeczkę, minimalna ilość szarych komórek",1,77,8,trochę mózg troszeczkę minimalny ilość szary komórka
"@anonymized_account Nie grają 50% tego, co w poprzedniej fazie. Tu jest problem.",0,80,12,grać 50 poprzedni faza problem
@anonymized_account @anonymized_account Historia człowieczeństwa to historia mordów ...,0,87,8,historia człowieczeństwo historia mord
"RT @anonymized_account @anonymized_account @anonymized_account Najlepiej się nie odzywajcie, żeby być na dnie trzeba coś znaczyć a Wy ! Pukacie od spodu. Masakra,…",0,163,22,dobrze odzywajć dno znaczyć pukat spód masakra
"Pudło roku już znamy. Wczorajszy finał kobiet U-19, Hiszpania przegrywa 1:2 z Francją, doliczony czas i...\nhttps://t.co/XLptHrcfUj",0,131,16,pudło znać wczorajszy finał kobieta 19 Hiszpania przegrywać 1:2 francja doliczyć czas \nhttps://t.co xlpthrcfuj
"@anonymized_account Bez Fajbusiewicza to nie to samo, ale taki program jest potrzebny w tv, więc fajnie że wraca :)",0,115,19,fajbusiewicz sam program potrzebny tv fajnie wracać
Ciekawe w jaki sposób zdegradują kaprala Bolka. Może na elektryka? Ale on przecie nic nie umi i tylko by szkodził 🤔\n#ustawadegradacyjna,0,136,21,ciekawy zdegradować kapral bolka elektryka przecie umi szkodzić 🤔 \n#ustawadegradacyjny
@anonymized_account Hehehehehe. No po kimś to ma😁😁😍😍😍😍,0,54,7,hehehehehe 😁 😁 😍 😍 😍 😍
"RT @anonymized_account Wstyd mi za to co ja odpierdalałam w wieku 11 lat, pojebana jakaś byłam, chce te czasy wymazać ze swojej pamięci.",0,136,23,wstyd odpierdalać być wiek 11 rok pojebać być być czas wymazać swój pamięć
"@anonymized_account nie znam dokładnej liczby, koło 3,5-4 tysięcy",0,65,8,"znać dokładny liczba koło 3,5 4 tysiąc"
"@anonymized_account tygiel narodowości, mnóstwo narodów z Iranu itp, a idź pan ze swoimi teoriami spiskowymi, trzeba mieć zaorany świat,",0,136,19,tygiel narodowość mnóstwo naród iran i tym podobne iść swój teori spiskowy mieć zaorać świat
"@anonymized_account @anonymized_account @anonymized_account Widzę, że wcześnie wstałeś. Rozumiem, że kolejka do psychiatry nie może przepaść.",1,141,15,widzieć wcześnie wstać być rozumieć kolejka psychiatra przepaść
"@anonymized_account Polsat boi się popka,  nikt nie chce z nim tańczyć",0,70,11,polsat bać popka nikt tańczyć
RT @anonymized_account Ciekawe w jaki sposób zdegradują kaprala Bolka. Może na elektryka? Ale on przecie nic nie umi i tylko by szkodził 🤔\n#ustawade…,0,150,23,ciekawy zdegradować kapral bolka elektryka przecie umi szkodzić 🤔 \n#ustawade
"@anonymized_account To nie matematyczne wyliczenia, tylko kwestia podkreślenia, ze ŁKS w meczach z SMS czy Progresem byłby zupełnie bez szans.",0,142,20,matematyczny wyliczenie kwestia podkreślenie łks mecz sms progres być by zupełnie szansa
"@anonymized_account Ktoś musi pilnować, kiedy jestem w pracy 😎",0,62,9,pilnować praca 😎
@anonymized_account nic już nie będzie takie samo.,0,50,7,sam
"@anonymized_account Bilony z vat, biliony z pit, tak tylko piśdzielstwo drenuje",0,79,11,bilon vat biliony pita piśdzielstwo drenować
"Wczoraj dostaliśmy z NFZ pompę insulinowa cena 12800, pierwszy pompa była od WOŚP, nie było refundacja w 2007r  kosztowała 12000 tyś",0,132,21,wczoraj dostać być nfz pompa insulinowy cena 12800 pierwszy pompa wośp refundacja 2007r kosztować 12000 tyś
@anonymized_account Nadalbys się do Romy 😜,0,42,6,nadalbys rom 😜
@anonymized_account @anonymized_account @anonymized_account Tym bardziej ze zainwestował swoje pieniądze nie Wisły w ten interes i nikt gwarancji niedawal mu ze je odzyska,0,171,22,zainwestować pieniądz wisła interes nikt gwarancja niedawal odzyski
@anonymized_account @anonymized_account Kto będzie obecny na tej konferencji?,0,77,8,obecny konferencja
@anonymized_account Szczerze? Kto tam umie te coś więcej poza Mane?,0,67,10,szczerze umieć mać
"@anonymized_account @anonymized_account Niepokoi mnie, że jeszcze nie przedłużyli z nim kontraktu.",0,98,11,niepokoić przedłużyć kontrakt
Czytam to co pisze  TomaszSiemoniak i oczom nie wierzę. Mam tylko jedno określenie debil. Skończony debil.,1,106,16,czytać pisać tomaszsiemoniak oko wierzyć określenie debil skończć debil
@anonymized_account To jakaś nowa teoria spiskowa?😁😁😁😁😁,0,55,6,nowy teoria spiskowy 😁 😁 😁 😁 😁
Moja miłość do Ciebie wciąż płonie jak Missisipi w ogniu 🔥🔥🔥,0,60,11,miłość wciąż płonąć missisipi ogień 🔥 🔥 🔥
@anonymized_account @anonymized_account W Holandii była taka sytuacja.,0,70,7,holandia sytuacja
@anonymized_account A może powinni pogłębić wiedzę historyczną?,0,63,7,pogłębić wiedza historyczny
@anonymized_account @anonymized_account @anonymized_account Plują nam w twarz a nasze władze z uśmiechem tego słuchają.,0,119,14,plywać twarz władza uśmiech słuchać
@anonymized_account chyba że mówiàc żelazna ręka masz na myśli takie sceny jak na filmiku co widziałem u Ciebie na fb co sobie z liścia dawali :),0,145,26,chyba mówiàc żelazny ręka mieć myśl scen filmik widzieć być fb liść dawać
"@anonymized_account @anonymized_account @anonymized_account Jak wygrywaliście to była gadka, że zdobywacie 1,5 pkt.",0,115,12,"wygrywaliść gadka zdobywać 1,5 punkt"
@anonymized_account I jak Ci wyszło z tym biletem?,0,50,8,wyjść bilet
RT @anonymized_account Warto było palić w piecu śmieciami i jeździć kopcącym dieslem dla dwudziestostopniowej temperatury w listopadzie.,0,136,17,warto palić piec śmiecia jeździć kopcącym diesl dwudziestostopniowy temperatura listopad
"@anonymized_account @anonymized_account Jest Pan demagogiem, który nie wie o czym pisze. Nie mam czasu na dyskusję z ignorantami. Żegnam.",0,137,19,demagog co pisać czas dyskusja ignorant żegnam
RT @anonymized_account @anonymized_account KTO NASTĘPNY ?BO CHYBA TO NIE KONIEC W TLE SĄ INNE NAZWISKA,0,102,15,następny chyba koniec tło nazwisko
"@anonymized_account Szczerze mówiąc, jak teraz patrzę na kadrę Wolves, to wydawało mi się, że są mocniejsi po tych wszystkich transferach.",0,138,20,szczerze mówić patrzyć kadra wolves wydawać mocniejsi transfer
@anonymized_account @anonymized_account @anonymized_account Zgadzam się. Dlatego byłem za obnizeniem wieku CLJ.,0,111,11,zgadzać być być obnizć wiek clj
"@anonymized_account ale przecież był przepis o \""graczu miejscowym\"" a Musina grała w rep Rosji wiec nie może grać jako polka",0,125,20,"przepis \""gracz miejscowym\a musina grać rep rosja wiec grać polka"
@anonymized_account Mi się strasznie końcówki rozdwajają i już miałam ogromne siano,0,83,11,strasznie końcówka rozdwajać mieć być ogromny siać
Mustang się zderzył z tramwajem w Bydgoszczy??,0,46,7,mustang zderzyć tramwaj bydgoszcz
RT @anonymized_account 1970 - Franz Beckenbauer gra w meczu mimo złamanego obojczyka.\n2017 - Marco Asensio opuszcza mecz z powodu infekcji wywoł…,0,146,21,1970 franz beckenbauer grać mecz złamany obojczyka.\n2017 marco asensio opuszczać mecz powód infekcja wywoł
@anonymized_account Bo jest Głowacki to teraz czas na obrońców,0,62,9,głowacki czas obrońca
"@anonymized_account Czarneckiego i Legutko, wybitni polscy żołnierze",0,68,7,czarneckiy legutko wybitny polski żołnierz
@anonymized_account koleś tyle bramek strzela w klubie ktory słynie z super juniorów i zgadza się przejść do rezerw Legii ? Fajne masz info,0,139,23,koleś tyle bramka strzelać klub słynie super junior zgadzać przejść rezerwa legia fajny mieć info
"@anonymized_account A to ja nie wiem, mam ios i tam chyba nigdy nie było dymków",0,79,15,wiedzieć ios chyba dymek
@anonymized_account @anonymized_account Właśnie!😀😁😁Trójząb byłby w sam raz!😀😀😀😀,0,79,7,właśnie! 😀 😁 😁 trójząb być by 😀 😀 😀 😀
@anonymized_account @anonymized_account A ludzie ze SKOK  38 mln Polactwa  5 mld,0,80,11,człowiek skok 38 milion polactwo 5 miliard
"@anonymized_account A Belgia co zrobiła? :) Rozbiła leszczy, wygrała mecz rezerw z Anglią, wymęczyła z Japonią i wygrała na dużym farcie z Brazylią :)",0,150,24,belgia zrobić rozbić leszcz wygrać mecz rezerwa angliąo wymęczyć japonia wygrać duży fart brazylią
@anonymized_account Juz myślałem ze w Białymstoku ludzie wariuja ;-),0,68,9,myśleć być białymstoku człowiek wariujać
"@anonymized_account No kurwa nie pierdol, tvp ma inne zdanie",0,60,9,kurwa pierdol tvp zdanie
"Co za człowiek, ma te lepsze geny, nie zdradzieckie",0,51,9,człowiek dobry gen zdradziecki
@anonymized_account @anonymized_account A więc jest Pan @anonymized_account bo 15 min temu powiedziałam mu to samo. #Zdemaskowany,0,129,16,15 minuta powiedzieć być sam zdemaskować
@anonymized_account W tym kilka mówiących prawdę?,0,49,6,mówiący prawda
@anonymized_account 2/2 tym bardziej że Legia i tak bedzie musiala zapłacić ekwiwalent za wyszkolenie coś koło 100 tys,0,118,18,2/2 legia musiaiel zapłacić ekwiwalent wyszkolić koło 100
"Nie ma takiego bólu pacjenta, ktorego jego lekarz by nie wytrzymał. \n#SobotaNaSORze :-)",0,88,13,taki ból pacjent lekarz wytrzymać \n#sobotanasorz
"@anonymized_account @anonymized_account @anonymized_account @anonymized_account Można się odczulić, recepta za darmo, ockniesz sie jak z matrixa",0,144,15,odczulić recepta darmo ockniesz matrixa
Zapraszam do śledzenia @anonymized_account - oficjalnego konta 100 lecia odzyskania Niepodległości.,0,99,11,zapraszać śledzić oficjalny konto 100 lecia odzyskać niepodległość
"@anonymized_account Raczej nie, ale zobaczymy jeszcze.",0,54,6,raczej zobaczyć
@anonymized_account @anonymized_account Przepisujemy. Jesteśmy już przy n.,0,74,7,przepisujemy być n
@anonymized_account @anonymized_account celny snajperski strzał w lewacką hołotę,1,80,8,celny snajperski strzał lewacki hołota
@anonymized_account Właśnie już postanowiłam takie zamówić dla Dziadka 😎,0,72,9,postanowić być zamówić dziadek 😎
@anonymized_account Myślałem ze furman Cie woził dorozka po Zakopanem i dlatego taka zawiść ;-),0,95,14,myśleć być furman wozić dorozka zakopane zawiść
@anonymized_account jeszcze nie mam planu wykonania ;-),0,55,7,plan wykonać
@anonymized_account @anonymized_account Siły to może ale spora część tych silnych ma problemy z inteligencją,0,108,14,siła spory część silny problem inteligencja
"@anonymized_account @anonymized_account 500+ bardzo dobry program, szkoda że nie z  pisdzielskiej kasy",1,102,12,500 + dobry program szkoda pisdzielski kasa
"@anonymized_account Jakby był taki VAR, jak na Mundialu, to wszystko byłoby w granicach :D",0,90,14,var mundial być by granica d
@anonymized_account Ta ale z hasztagiem dałam,0,45,6,hasztag dać być
RT @anonymized_account @anonymized_account wszystkiego najlepszego❣ spełnienia najskrytszych marzeń 🎂🎁🎈🎉,0,104,9,wszystko dobry ❣ spełnić skryty marzenie 🎂 🎁 🎈 🎉
@anonymized_account To są jakieś matoły nieznające historii,0,59,7,jakiś matoł nieznające historia
"@anonymized_account @anonymized_account Teraz traktory pracują, nie obrażaj rolników i koni pociągowych, też są piękne",0,118,14,traktora pracować obrażaj rolnik koń pociągowy piękny
RT @anonymized_account O kurwa faktycznie. Kamil Ślimak to wspak Kamil Ślimak,0,77,11,kurwa faktycznie Kamil ślimak wspak Kamil ślimak
@anonymized_account @anonymized_account @anonymized_account York czy Leszek Miller? :),0,86,8,york Leszek miller
"Segregacja śmieci, mimo że nikt nie segreguje, w życiu paluszka (baterii) do smietnika, tak mam",0,95,15,segregacja śmieć nikt segregować życie paluszek bateria smietnik
A może kupiłabym sobie kalendarz??,0,34,5,kupiłabym kalendarz
RT @anonymized_account Ale przecież #Polexit jest dobry. Założycie koszulki z orłem i będziecie żryć ziemniaki i wungiel 😇,0,122,18,polexit dobry założycie koszulka orło być żryć ziemniak wungiel 😇
WSZYSTKO MNIE WKURWIA BEZ KIJA NIE PODCHODŹCIE DSGfjf,0,53,8,wkurwiać kij podchodźć dsgfjf
@anonymized_account @anonymized_account @anonymized_account @anonymized_account I co że byli tumanie. Zrobili.sobie wyłącznie chwilowy lans.,1,140,13,tumanie zrobili.sobie wyłącznie chwilowy lans
PZPR - Płatni Zdrajcy i Pachołki Rosji ! #woronicza17,1,53,9,pzpr płatni zdrajc pachołka rosja woronicza17
@anonymized_account @anonymized_account Ssą wszystkimi otworami z krwi biało czerwonej,0,86,9,ssą wszystek otwor krew biało czerwony
@anonymized_account @anonymized_account ciekawe jaki teraz prezentuje poziom sportowy,0,85,8,ciekawy prezentować poziom sportowy
"@anonymized_account Już tak się ośmieszyłeś i zmarginalizowałeś a dalej  brniesz, gen samodestrukcji hahaha",0,107,13,ośmieszyć być zmarginalizować być daleko brniesz gen samodestrukcja hahaha
Co ty na zjebie bez godności @anonymized_account,0,48,7,zjeb godność
@anonymized_account @anonymized_account Bo to jest ciul a nie poseł.,0,68,9,ciul poseł
@anonymized_account @anonymized_account pomyliło Ci się z @anonymized_account :),0,80,8,pomylić
@anonymized_account @anonymized_account @anonymized_account A ty śpisz z zaganiaczem @anonymized_account,1,104,9,śpisz zaganiacz
@anonymized_account @anonymized_account @anonymized_account A co na temat nijakiego Jakiego? Tak was kocha że unika waszego loga na swoich reklamach?,0,149,19,temat nijakiego jaki kochać unikać wasz lóg swój reklam
"@anonymized_account A to wy wydaliscie \""o psie, który jeździł koleją\""?",0,72,10,"wydaliscie \""o psi jeździć koleją\"
"@anonymized_account Bardzo dobry węgiel, mało siarki, mało popiołu",0,66,8,dobry węgiel siarka popiół
@anonymized_account Kolejny debilny sukience. Ich seksualne obsesje zaczynają przybierać absurdalne rozmiary,1,108,11,kolejny debilny sukienka seksualny obsesja zaczynać przybierać absurdalny rozmiar
@anonymized_account Na ślubie wyglądała trochę młodziej....,0,59,6,śluba wyglądać trochę młodziej
"@anonymized_account Po przeczytaniu Obłęd 44 uważam, że ta książka powinna być obowiązkowa w szkołach",0,101,14,przeczytać obłęd 44 uważać książka obowiązkowy szkoła
"@anonymized_account jutro walka💪 pokażcie \""ekspertom\"" co znaczy Wisła :)",0,74,9,"jutro walka 💪 pokażć \""ekspertom\ znaczyć wisła"
@anonymized_account @anonymized_account Lepiej to będzie brzmiało jak zbankrutuja,0,81,8,dobrze brzmieć zbankrutujać
@anonymized_account I to jeszcze w pierwszej klasie podstawówki xdd,0,67,9,pierwszy klasa podstawówka xdd
"@anonymized_account Nie słyszałem, żeby leczył jakiś uraz. Po prostu dołączył do drużyny już po okresie przygotowawczym.",0,120,16,słyszeć być leczyć uraz prosty dołączyć drużyna okres przygotowawczy
".@anonymized_account do internautów: Jeśli wygram, Polacy dowiedzą się, na co szły pieniądze z podatków\n#wieszwiecej \nhttps://t.co/1WEcbcTr7U",0,143,15,internauta wygrać Polak dowiedzieć szły pieniądz podatków\n#wieszwiecej \nhttps://t.co/1wecbctr7u
"@anonymized_account @anonymized_account @anonymized_account A kogo Pan rżnie? Główni sami z siebie nie sprawdzają. Muszą dostać sygnał z wozu, że popełnili błąd.",0,161,21,kto rżnąć główny sam siebie sprawdzać musieć dostać sygnał wóz popełnić błąd
"@anonymized_account @anonymized_account @anonymized_account Tajna a zamknięta to odrobinę coś innego, nieprawdaż?",0,113,11,tajny zamknąć odrobina inny nieprawdaż
"@anonymized_account @anonymized_account Niestety znowu go nie zgłosili, bo myśleli, że Polska nie jest w UE.",0,108,15,niestety zgłosić myśleć Polska UE
@anonymized_account @anonymized_account Twoje lustro to jeszcze wytrzymuje?,0,75,7,lustro wytrzymować
@anonymized_account Jak nie logika to będzie coś innego Xd,0,58,9,logik inny xd
Przez osiem lat PO-PSL wybawiło się za wszystkie czasy. \nPŻM to tylko ułamek tego co się działo #woronicza17,0,109,18,osiem rok psl wybawić czas \npżm ułamek dziać woronicza17
"Anna i Robert Lewandowscy przekazali pół miliona zł na remont Szpitala Centrum Zdrowia Dziecka. Piękny, szlachetny gest. Czapki z głów!",0,135,20,Anna Robert lewandowski przekazać pół milion złoty remont szpital centrum zdrowie dziecko piękny szlachetny gest czapka głowa
@anonymized_account Czy to jakiś przedstawiciel Polonii amerykańskiej?,0,70,7,przedstawiciel polonia amerykański
"@anonymized_account miało być \""pękam z dumy\"" ;p",0,49,7,"mieć \""pękać dumy\ pan"
@anonymized_account ty najlepiej wiesz za ile będzie chciał grać Kuba @anonymized_account @anonymized_account @anonymized_account,0,129,13,dobrze wiedzieć chcieć grać kuba
@anonymized_account @anonymized_account Jak nie wygramy z takimi słabiakami to nie zasługujemy na grupe mistrzowską.,0,116,14,wygrać taki słabiaek zasługować grupe mistrzowski
"@anonymized_account Myślałem, że nieprzypadkowo to dodałaś :)",0,61,7,myśleć być nieprzypadkowo dodać być
@anonymized_account To samo możemy powiedzieć po meczu z wami kiedy Romanczuk powinien wylecieć w pierwszej połowie za drugą żółtą.,0,131,19,sam móc powiedzieć mecz romanczuk wylecieć pierwszy połowa drugi żółty
@anonymized_account Co będzie silniejsze? Ból uszu czy tęsknota za Trójmiastem? 😜,0,81,11,silny ból uszu tęsknota trójmiast 😜
"RT @anonymized_account @anonymized_account Chłopie \""ogarnij sie i wyjedź z miasta\"". Pogódź się z wygraną PIS i nie kompromituj się...",0,135,19,"chłopa \""ogarnij wyjedź miasta\ pogódź wygrana pis kompromitować"
@anonymized_account @anonymized_account @anonymized_account Powinni cię jajami obrzucić gnoju,1,93,8,jaej obrzucić gnój
@anonymized_account Tak! I the originals czyli spin off też,0,59,9,the originals spin off
"@anonymized_account @anonymized_account @anonymized_account Te przestarzale technologicznie, do niczego sie nie nadajace oprocz wyburzenia, gdzie ty żyjesz",0,155,16,przestarzal technologicznie nic nadajaca oprocz wyburzić żyjesz
"@anonymized_account @anonymized_account Ej, @anonymized_account macie w redakcji fana trenerskiego talentu TH. \u0026lt;idę po popcorn\u0026gt; 😀",0,145,15,ej mieć redakcja fan trenerski talent th \u0026lt;iść popcorn\u0026gt 😀
"@anonymized_account Popyt podaż, ale kur wie lepiej",1,51,7,popyt podaż kur dobrze
@anonymized_account Gdyby Kiko po zwolnieniu nie świrował to by był trochę inny odbiór jego osoby.,0,98,15,kiko zwolnienie świrować trochę odbiór osoba
Detoks m-c noga w ortezie. Bylo mi to potrzebne,0,47,9,detoks m c noga orte potrzebny
"RT @anonymized_account Dziś w \""Raporcie\"" pytamy: Czy Patryk Jaki wygra wybory na prezydenta Warszawy?",0,103,14,"\""raporcie\ pytać patryk wygrać wybory prezydent warszawa"
@anonymized_account trzeba było przełożyć mecz na niedziele,0,59,7,przełożyć mecz niedziela
"@anonymized_account Nie wiem, czy już się doleczyl. Jesli tak, to niedawno.",0,75,11,wiedzieć doleczyl niedawno
"@anonymized_account @anonymized_account mogło być też trochę odwrotnie, czyli np. brak rotacji na skrzydłach sprawił, że Dejan stracił formę :)",0,143,19,móc trochę odwrotnie na przykład brak rotacja skrzydła sprawić dejan stracić forma
"@anonymized_account @anonymized_account Polskie, nie polskie, ale brzydkie. Fakt.",0,81,8,polski polski brzydki fakt
RT @anonymized_account @anonymized_account Kilkadziesiąt godzin analiz i pominął Bolka i Komorowskiego. dziennikarzyna sprzedawczyk,1,131,13,kilkadziesiąt godzina analiza pominąć bolka komorowskiy dziennikarzyna sprzedawczyk
"@anonymized_account @anonymized_account 😨😨😨\nJest jeszcze tyle możliwości. Biczowanie wężem, czesanie jeżem, żółwik zamiast pumeksu.",0,132,13,😨 😨 😨 \njestć tyle możliwość biczowanie wężem czesać jeż żółwik zamiast pumeks
@anonymized_account @anonymized_account To na tej samej zasadzie CR to płaczek i egoista. Przeginka z interpretacją.,0,116,15,sam zasada cr płaczek egoista przeginka interpretacja
@anonymized_account  gdyby go chcieli zwolnić to by po Łecznej wyleciał,0,71,10,chcieć zwolnić łeczny wylecieć
@anonymized_account a co się tak pieniedzmi nagle przejmujesz ? Jak chcialas rozwiazania kontraktu z Zohnova czy Pop to kasa juz nie wazna ?,0,140,23,pieniedzmić nagle przejmować chcialas rozwiazać kontrakt zohnova pop kasa wazny
"@anonymized_account raz. Ale potem się okazało, że to był borsuk.",0,65,10,potem okazać borsuk
"@anonymized_account Musisz lepiej wybierać, bo łatwo o jedno i drugie naraz :D",0,78,12,musieć dobrze wybierać łatwo drugi naraz d
@anonymized_account @anonymized_account Żenada. Poziom inteligencji na wysokości kolan.,0,87,8,żenad poziom inteligencja wysokość kolan
@anonymized_account Każdy dostaje to na co zasługuje,0,52,7,dostawać zasługiwać
"@anonymized_account Tez się boje, ale jestem mega zaintrygowana czy coś się mogło sprawdzić",0,91,13,tezić bój mega zaintrygować móc sprawdzić
"Dzisiaj spanie nago, termoregulacja jak Jakson przecież całe życie",0,66,9,spać nago termoregulacja jakson cały życie
@anonymized_account @anonymized_account Ja jako optymistą myślę że 4 tys średnia będzie :-),0,91,12,optymista myśleć 4 średni
@anonymized_account niestety prawdopodobnie wszyscy Polacy zostali zablokowani i nie ma jak zobaczyć :) @anonymized_account @anonymized_account,0,143,15,niestety prawdopodobnie Polak zostać zablokować zobaczyć
@anonymized_account przecież widać że koleś se jaja robi,0,56,8,widać koleś se jajo robić
"RT @anonymized_account chciałabym, żeby chociaż napisał \""jak się czujesz?\"" i mean, wystarczą mi tylko te trzy cholerne słowa, czy proszę o tak wiele?",0,151,23,"chcieć by być chociaż napisać \""jak czujesz?\ mean wystarczyć trzy cholerny słowo prosić"
"\""Ile można znosić wyklady historii, pelne frazesów, napuszonego stylu, w ktorym pobrzmiewa obelga, honor kraju i miłość do ojczyzny\""",0,134,19,"\""ile znosić wyklada historia pelny frazes napuszony styl pobrzmiewać obelga honor kraj miłość ojczyzny\"
@anonymized_account Ja bym był ostrożny😁😁😁A jak ma na imię?,0,59,9,ostrożny 😁 😁 😁 imię
#Woronicza 17 poseł Halicki oburzony za Bolka.Naprawdè taki tępy czy tylko udaje idiotę?,1,88,13,woroniczać 17 poseł halicki oburzyć bolka.naprawdè tęp udawać idiota
"@anonymized_account @anonymized_account Pani opowieści o dziadku to inna wersja,,Tata  a Marcin powiedział\""😆",0,109,12,"opowieść dziadek wersja,,tata marcin powiedział\ 😆"
@anonymized_account Płyta harrego była w biedronce??,0,52,6,płyta harry biedronka
"@anonymized_account @anonymized_account @anonymized_account @anonymized_account @anonymized_account Może Zenit z Milanem zagra w Lidze Europy. Oh, wait...",0,154,15,zenit milan zagrać liga Europa oh wait
"@anonymized_account Nie widzę, żeby ktoś tu kogoś wkurzał ;)",0,60,9,widzieć ktoś wkurzać
@anonymized_account w takim razie serial mad men jest idealny dla ciebie😂,0,73,11,taki serial mad men idealny 😂
@anonymized_account @anonymized_account Ostatnio mam rozumiem ze to dziś było?,0,78,9,ostatnio rozumieć
@anonymized_account @anonymized_account @anonymized_account won z mojego miasta pisowska mendo,1,94,9,won mój miasto pisowsko mendo
"@anonymized_account Sporo tu tego Ozarka, więc chyba nie mam wyjścia ;-)",0,72,11,sporo ozarka chyba wyjście
@anonymized_account To w szatni Wisły?? ;-),0,43,6,szatni wisła
@anonymized_account @anonymized_account @anonymized_account zastanawia mnie czemu kibice go nie chcieli skoro kochał klub i niezłe wyniki miał,0,142,17,zastanawiać kibic chcieć skoro kochać klub niezły wynik
@anonymized_account Jakim cudem notoryczny kłamca może być wiarygodny???,0,72,8,jaki cud notoryczny kłamca wiarygodny
"RT @anonymized_account Jest 2018, a niektórzy wciąż myślą, że jak udostępnią post na Facebooku i polajkują jakąś stronę, to mają szansę wygrać…",0,143,22,2018 niektóry wciąż myśleć udostępnić post facebook polajkować jakiś strona szansa wygrać
@anonymized_account Na końcu w sumie też.,0,41,6,koniec suma
@anonymized_account Koń który mówi w kropce nad i 😂😂😂,0,53,9,koń mówić kropka 😂 😂 😂
@anonymized_account Bo on jest inteligentny jak żywopłot przed wiosennym przycinaniem.,0,86,10,inteligentny żywopłot wiosenny przycinanie
"@anonymized_account @anonymized_account 30 tyś na kampanię, taki browarnik wielki a tak ściubi, macie to w genach wy polscy BYZNESMENI",0,134,19,30 tyś kampania browarnik wielki ściubić mieć gen polski byznesmć
"Rak wątroby, rak mózgu, nie ma innych przeciwskazań, nie wierzcie co wam mówią",0,78,13,rak wątroba rak mózg przeciwskazanie wierzcie mówić
RT @anonymized_account @anonymized_account Nieudaczników ? A jak tam kariera dziennikarska po odcięciu pieniążków publicznych ?,0,127,15,nieudaczniek karier dziennikarski odcięć pieniążk publiczny
"@anonymized_account Oglądalność rośnie , drugi Lis nam rośnie, oj ty zjebie",1,75,11,oglądalność rosnąć drugi lis rosnąć oj zjebie
@anonymized_account Żygać mi się chce jak na ciebie patrzę i czytam te kłamstwa.,0,80,13,żygać patrzę czytać kłamstwo
Na jaką reakcję sędziego wg Szpakowskiego miał czekać Bednarek? WTF?,0,68,10,jaki reakcja sędzia według szpakowskiy czekać bednarek wtf
"@anonymized_account Mina typowo kocia: - O nie, znowu Ty?",0,57,9,min typowo koć
"@anonymized_account Gorszącej niechęci, co ty pierdolisz?",0,57,6,gorsząc niechęć pierdolić
@anonymized_account  mają bojkotować bo zatrudnili nie tego trenera co trzeba ? A ty gdzie byłeś jak Lech stał się Amiką ?,0,122,21,bojkotować zatrudnić trener być być lech stać amika
@anonymized_account Czytałem.Nistety smutne to ale prawdziwe.,0,61,6,czytałem.nistety smutny prawdziwy
@anonymized_account Fryzjera tylko brakuje w Hiszpanii,0,54,6,fryzjer brakować hiszpania
@anonymized_account @anonymized_account W Białostockim ciemnogrodzie to standard,0,80,7,białostocki ciemnogrod standard
@anonymized_account @anonymized_account @anonymized_account 3 x L=3x5-2 kto za?,0,79,8,3 x l=3x5 2
@anonymized_account @anonymized_account Małysza odpalili kilka lat temu o ile się niemyle to zaraz po wygraniu wyborów,0,118,16,małysza odpalić rok niemyle zaraz wygrać wybory
"Broniszewski siedział całą drugą połowę i myślał \""czemu Kazek nie robi zmian...\"". \nW 88. minucie \""kurwa, przecież to ja zmieniam!\"".",0,136,20,"broniszewski siedzieć cały drugi połowa myśleć \""czemu kazka robić zmiana \nw 88 minuta \""kurwać zmieniam!\"
"@anonymized_account Ty kutasie, a ty masz rozum? O urodę nie zapytam żeby cię nie niszczyć. I ty się nazywasz dziennikarzem?",1,124,20,kutas mieć rozum uroda zapytać niszczyć nazywać dziennikarz
"@anonymized_account Wojna potrzebna, a narodowiec \""farbowany lis\"" bedzie pierwszy spierdalał",0,94,10,"wojna potrzebny narodowiec \""farbować lis\ pierwszy spierdaleć"
@anonymized_account ale po podziale bilans nie ma już znaczenia tylko miejsce po fazie zasadniczej,0,98,14,podział bilans znaczeć miejsce faza zasadniczy
"@anonymized_account @anonymized_account @anonymized_account \""To nie jest aż taki news\"". A na priv: \""Ale jaja\"" 🤣",0,115,15,"\""to news\ priv \""ale jaja\ 🤣"
"@anonymized_account Nie przekonasz tych nacjonalistów, a poza tym  Kaczyński był przywodcą stoczni i chuj",0,105,14,przekonać nacjonalist Kaczyński przywodcą stocznia chuj
"Mam nadzieje, że zrobią drugi sezon no nie?? Ktoś coś wie??",0,59,11,nadzieja zrobić drugi sezon
@anonymized_account po co żyć przeszłością.Cieszmy się z tego co jest i traktujmy to jako budowe drużyny na nowy sezon w którym namieszamy :),0,141,23,żyć przeszłością.cieszmy traktuć budowy drużyna nowy sezon namieszać
RT @anonymized_account @anonymized_account W całej Polsce nazwano te imprezę DUPEK DANCE...,0,91,11,cały Polska nazwać impreza dupeka dance
"@anonymized_account Dla wyborców PiS balsam dla dluszy, a najbardziej na slupa, skup kamienic",0,93,13,wyborca pis balsam dlusz bardzo slup skup kamienica
"@anonymized_account Moje już wyglądają. Mam Huawei P20 Pro, którego kamerę podrabiacie.",0,87,11,wyglądać huawei p20 proa kamera podrabiat
"@anonymized_account Długo musiał tam stac, że się tak wcisnął w kamień.",0,71,11,długo musieć stacć wcisnąć kamień
Dlaczego mój ulubiony doktorek jest opiekunem pierwszego roku??? Halo??,0,71,9,ulubiony doktorek opiekun pierwszy halo
@anonymized_account @anonymized_account @anonymized_account A może jak kupowano Mozejki 4 mld usd do 80mln,0,106,13,kupować mozejka 4 miliard usd 80mln
@anonymized_account co się stanie ? Może chociaż ktoś zmiany zacznie robić wcześniej niż w 90 minucie i postawi np na Handzlika,0,127,21,stać chociaż zmiana zacząć robić wcześnie 90 minuta postawić na przykład handzlik
"@anonymized_account Nie bądź całe życie śmieciem, zacznij być panem, jak potrafisz",1,82,11,bądź cały życie śmiecie zacznij pan potrafić
@anonymized_account chciałeś plotek więc Giorgi Merebashwili do Wisły ?:) zrodlo: @anonymized_account,0,101,11,chciać być plotek giorgi merebashwić wisła zrodlo
@anonymized_account a coś dzisiaj zrobił że inni się jarają ? Bo ja nie w temacie :),0,84,16,zrobić inny jarać temat
@anonymized_account Dzień w którym Abidal sprzedał i kupił A.Vidala 😉,0,69,10,dzień abidal sprzedać kupić a.vidal 😉
"@anonymized_account Nie no, tego to nie trzeba udowadniać.",0,58,8,udowadniać
@anonymized_account Rok temu grała do 4 czerwca :),0,50,8,rok grać 4 czerwiec
Zrobiłam takie Cv że ohohohoho,0,30,5,zrobić być cv ohohohoho
"Powiedzmy, że amunicję oszczędzamy na Rio Ave... \u0026lt;śmiech przez łzy\u0026gt;",0,83,10,powiedzmy amunicja oszczędzać rio ave \u0026lt;śmiech łzy\u0026gt
"@anonymized_account PiSkomuna - kurwa, zdzira!\nChciwie w kieszeń Ci spozira\nI wyciąga z niej dukaty. \nChce tu Moskwę mieć. Na raty!",1,134,19,piskomun kurwa zdzira!\nchciwie kieszeń spozira\ni wyciągać dukata \nchce moskwę mieć rata
#Wypozyczeni Rozwój Katowice - Widzew Łódź 0:4.\nMarcin Pigiel rozegrał pełne 90 minut.,0,87,12,wypozyczić rozwój katowica widzew łódź 0:4.\nmarcin pigiel rozegrać pełny 90 minuta
"@anonymized_account @anonymized_account @anonymized_account odblokuj @anonymized_account w imię Jarkacza, szak to kawał jest kutasa",1,131,13,odblokuj imię jarkacz szak kawał kutas
"@anonymized_account Pewnie mniej więcej tyle, co na bramce ze spalonego Kucharczyka dwa tygodnie wcześniej.",0,107,14,pewnie mało tyle bramka spalon kucharczyka tydzień wcześnie
@anonymized_account @anonymized_account Mam pytanie do Pana Marszałka: dlaczego na spotkaniu średnia wieku to grubo ponad 50 lat? Dlaczego nie ma młodzieży?,0,156,21,pytanie marszałek spotkanie średni wiek grubo 50 rok młodzież
"Wstyd, taka godność jak w wydaniu @anonymized_account nawet mi urąga. Czuje ze zgnoil prezydenta debil prezydent. Już nic gorszego",1,130,19,wstyd godność wydanie urągać czuć zgnoil prezydent debil prezydent zły
Dzisiaj o 18:00 strefa kibica w Radiu Akadera! Zapraszamy!,0,58,9,18:00 strefa kibica radio akader zapraszać
"@anonymized_account Dostaje czułość i głaski taczkami, więc do jutra powinno być po sprawie ;-)",0,95,14,dostawać czułość głaski taczka jutro sprawa
"@anonymized_account Nie wiem, o co Ci chodzi w ogóle. W sezonie 2018/19 juniorzy to rocznik 2000 i młodsi, więc nie wiem, skąd masz ten 1999.",0,141,25,wiedzieć chodzić ogół sezon 2018/19 juniorz rocznik 2000 młodsi wiedzieć mieć 1999
@anonymized_account Czyli z lewych L4 też jest duma ?,0,53,9,lewych l4 duma
@anonymized_account To i ja brawo @anonymized_account za celne punktowanie,0,74,9,brawo celny punktować
"@anonymized_account @anonymized_account @anonymized_account @anonymized_account Ja trzymam kciuki, ale też zauważam, że już wiosną Górnikowi łatwo nie było.",0,156,17,trzymać kciuk zauważać wiosna górnik łatwo
"RT @anonymized_account 1:20.119. Najlepszy czas Williamsa. W głowach Sirotkina i Strolla zakłopotanie, a Lowe już szykuje argumenty. #Kubica",0,140,18,1:20 119 dobry czas williamsa głowa sirotkin strolla zakłopotanie lowy szykować argument kubica
@anonymized_account @anonymized_account @anonymized_account a po jutrzejszym zwycięstwie nad Artego obowiązkowo derby prosze oglądać :),0,135,14,jutrzejszy zwycięstwo arty obowiązkowo derby prosze oglądać
@anonymized_account Stał we właściwym miejscu xD,0,48,6,stać właściwy miejsce xd
To co dzisiaj usłyszałam od H to było miód na moje serce nie wierzyłam ze komuś tak może na mnie zależeć,0,104,21,usłyszeć być h miód serce wierzyć być ktoś zależeć
omg ale jestem wyjebana po tym wykładzie,0,40,7,omg wyjebać wykładzie
"@anonymized_account Ginęli tam głownie Żydzi, a gdzie jest  o Polakach? , to nie Polska encyklopedia, to wniki komisji partyjnej",0,128,19,ginąć głownie żydzieć polaky polski encyklopedia wnik komisja partyjny
"@anonymized_account @anonymized_account Nawałka, Mączyński i Olkowski z małej litery ale Wawrzyniak z dużej.Widać że to jakiś zakompleksiony kibic Legii",0,152,19,nawałka mączyński olkowski mały litera wawrzyniak dużej.widać zakompleksiyć kibic legia
"@anonymized_account Ale jeśli karny, to za nogi, nie za pchnięcie. A tu jest próba zagrania piłki.",0,98,16,karny noga pchnięcie próba zagrać piłka
@anonymized_account Ale teraz Polacy mają więcej doświadczenia,0,62,7,Polak doświadczenie
"@anonymized_account @anonymized_account TW Wolfgang, TW Faraon i TW Rycerz,TW Balbina, TW Michał \nKto mieczem wojuje, ten od pochwy ginie",0,138,19,tw wolfgang tw faraon tw rycerz tw balbina tw Michał \nkto miecz wojywać pochwy ginąć
@anonymized_account I większość o jedzeniu ?,0,44,6,większość jedzeć
"@anonymized_account Albo: \n- Jaki tytuł miała ta piosenka?\n- Która?\n- No ta \""na na na naa naaa na.",0,102,17,"\n tytuł mieć piosenka?\n która?\n \""na naa naaa"
"@anonymized_account I tak wiem, że ty wiesz że to wypisujesz to debilizm, a w wyborach oddajesz głos na nowoczesną",0,114,19,wiedzieć wiedzieć wypisuć debilizm wybory oddawać głos nowoczesny
@anonymized_account niewiarygodne to jest to że jak np Romanczuk w Lidze+ wspomni o futsalu to całe środowisko futsalowe jest tym podniecone,0,140,21,niewiarygodny na przykład romanczuk lidze+ wspomni futsal cały środowisko futsalowy podniecić
@anonymized_account @anonymized_account Wygląda jakby ją morze wyrzuciło😀😀😀.,0,76,7,wyglądać morze wyrzucić 😀 😀 😀
"@anonymized_account Ja w tym sezonie widziałem 59 meczów (+ 4 turnieje) drużyn @anonymized_account a licznik wciąż bije, bo sezon się nie skończył 😜",0,148,23,sezon widzieć być 59 mecz + 4 turniej drużyna licznik wciąż bić sezon skończyć 😜
"Premier @anonymized_account w #Tychy: Tak, jak spełniamy nasze obietnice w rządzie, tak będziemy spełniać je w samorządzie. #DotrzymujemySłowa",0,142,18,premier tych spełniać obietnica rząd być spełniać samorząd dotrzymujemysłowy
RT @anonymized_account ⚒Oficjalne konto fanów @anonymized_account w Polsce! 🇵🇱 Bardzo prosimy o RT w celu rozpowszechnienia naszego konta! ⚒🏴󠁧󠁢󠁥󠁮󠁧󠁿🇵🇱 😀,0,151,20,⚒ oficjalny konto fan Polska 🇵 🇱 prosić cel rozpowszechnieć konto ⚒ 🏴 󠁧󠁢󠁥󠁮󠁧󠁿 🇵 🇱 😀
"@anonymized_account Właśnie, trzeba Iplę wyłaczyć 😅",0,51,6,iplę wyłaczyć 😅
"@anonymized_account na szczęście wy wychodziliście ze stadionu jak dostawaliście od Lecha, więc jesteście cali i zdrowi  @anonymized_account",0,140,17,szczęście wychodziliście stadion dostawaliść lecha jesteście zdrowy
Unoszę Głowę wykonawcy Sen Mor W.A.\nhttps://t.co/19wApaEQul,0,60,6,unosić głowa wykonawca sen mor w.a.\nhttps://t.co/19wapaequl
"@anonymized_account @anonymized_account @anonymized_account Wzór, za chowanie pod dywan klechów pedofili z całego świata?",1,121,13,wzór chować dywan klech pedofić cały świat
"@anonymized_account a no dobra, zapomniałam, że ich oddzielono xd",0,65,9,dobra zapomnieć być oddzielić xd
"Jarosław Kaczyński nie spotyka się z protestującymi, bo nie zmieści się cała jego ochrona w Sejmie #Niewykluczone",0,113,17,Jarosław Kaczyński spotykać protestujący zmieścić ochrona sejm niewykluczony
Jaki jest wasz najgorszy przedmiot w szkole na studiach?,0,56,9,najgorszy przedmiot szkoła studia
@anonymized_account Zmieścisz się zmieścisz !! Kosmito.,0,55,6,zmieścić zmieścić kosmito
"Nie poddam się, kocham beton, beton lewacki",0,43,7,poddać kochać beton beton Lewacki
"@anonymized_account To chuj z nim, pewnie ma kartę emeryta  i przepracowal w życiu 15 lat",1,89,15,chuj pewnie karta emeryt przepracowal życie 15 rok
"RT @anonymized_account @anonymized_account To jest niszczenie mienia, takie samo jakby na ścianie pani domu ktos napisał  \""tu mieszka durna baba\""",0,147,20,"niszczyć mienie sam ściana dom napisać \""tu mieszkać durny baba\"
"@anonymized_account @anonymized_account Hej halo, o czym to jest bo mam na swojej liście i nie wiem czy warto??",0,111,18,hej halo co swój lista wiedzieć warto
"@anonymized_account Może to byłam ja, tylko po prostu Cię nie widziałam!",0,72,11,być być prosty widzieć być
"Biało-Czerwoni brawo, brawo, brawo! Zbigniew Boniek i Adam Nawałka - wyrazy szacunku. Robert Lewandowski - wielkie podziękowania! 😁😝😎",0,133,18,biały czerwoni brawo brawo brawo zbigniew boniek adać nawałka wyraz szacunek Robert Lewandowski wielki podziękowanie 😁 😝 😎
@anonymized_account Bo to nie jest prosta sytuacja 😉,0,52,8,prosty sytuacja 😉
imagine sie komus podobac??? ze ktos sie stara o TWOJA uwage??? can’t relate,0,76,13,imagine komus podobac stary uwage can t relate
"Słyszę, że Pierwsza Milcząca będzie czytała dzieciom Koziołka Matołka...\nA może lepiej poczyta Konstytucję swojemu matołkowi?...",1,129,15,słyszeć pierwszy milcząca czytać dziecko koziołek matołek \na dobrze poczytać konstytucja swój matołk
@anonymized_account Czesze się tam gdzie Rutkowski.,0,51,6,czesać rutkowski
@anonymized_account @anonymized_account @anonymized_account @anonymized_account @anonymized_account Co w tym takiego niesamowitego ?,0,132,11,taki niesamowity
@anonymized_account Ty stary zboczony prymitywie. Jak nie rozumiesz normalnie to może taki język ci to ułatwi.,1,110,16,stary zboczyć prymitywie rozumieć normalnie język ułatwić
"@anonymized_account ho ho ho, kogo ja tu widzę wreszcie!",0,56,9,ho ho ho kto widzieć wreszcie
"@anonymized_account A co takiego zrobił, że piszesz że ma jaja ?",0,64,11,taki zrobić piszeć jajo
@anonymized_account To raczej pytanie do Pereza :),0,50,7,raczej pytanie pereza
"@anonymized_account @anonymized_account bysmy robili selfie stop, kasowali bo źle wyszly i od nowa",0,98,13,bysma robić selfie stop kasować źle wyszly nowy
@anonymized_account wzmocnieniem może nie ale dobrym uzupełnieniem moim zdaniem tak.Pytanie czy stać nas na lepszych ?,0,118,16,wzmocnienie dobry uzupełnienie zdanie tak.pytan stać dobry
"@anonymized_account To dopiero początek, tylko muszę znaleźć trochę wolnego :)",0,78,10,dopiero początek musieć znaleźć trochę wolny
RT @anonymized_account @anonymized_account O czy bredzisz idiotko! Przypisujesz innym własne zaprzaństwo? Wizytówka małości...,1,126,13,bredzić idiotko przypisujesz inny własny zaprzaństwo wizytówka małość
@anonymized_account I nietrafiony karny przez Dinamo w 96 minucie :),0,68,10,nietrafiony karny dinamo 96 minuta
"@anonymized_account Ja licze na Słomkę, bo wg mnie ma potencjał :)",0,66,11,liczy słomka według potencjał
@anonymized_account Że Lech Kaczyński doprowadził miasto do ruiny,0,65,8,Lech Kaczyński doprowadzić miasto ruina
@anonymized_account @anonymized_account @anonymized_account @anonymized_account @anonymized_account I jeszcze jedno sprostowanie: \nMam na myśli Damiana J.,0,155,14,sprostowanie \nmać myśl damiać j
"@anonymized_account @anonymized_account U mnie już strzelają, siedzę w piwnicy i wszystko słyszę",0,96,12,strzelać siedzić piwnica słyszeć
RT @anonymized_account @anonymized_account kompot z wiśni \u0026gt;\u0026gt;\u0026gt;\u0026gt;\u0026gt;,0,103,7,kompot wiśnia \u0026gt;\u0026gt;\u0026gt;\u0026gt;\u0026gt
"@anonymized_account Ja też obchodzę, i też nie wiedzą. 😀",0,56,9,obchodzieć wiedzieć 😀
"@anonymized_account @anonymized_account Z drugiej strony Grosik nie wraca do obrony, a to przy prawej stronie Kolumbii może się źle skończyć.",0,141,20,drugi strona grosik wracać obrona prawy strona kolumbia źle skończyć
Préstamo a un año con opción de compra para Ever Valencia y Cristian Echavarria al Wisla Cracovia de Polonia\n@anonymized_account,0,129,19,préstam un año con opción de compra para ever valencia y cristian echavarria al wisl cracovia de polonia\n
"RT @anonymized_account @anonymized_account Zapomniałeś dodać że podsumowywały   to \""Fakty i Mity\"".",0,100,11,"zapomniać być dodać podsumowywać \""fakt mity\"
"@anonymized_account Wszyscy mamy blisko do Hajnówki, na tt każdy mądry",0,70,10,blisko hajnówka tt mądry
"@anonymized_account @anonymized_account @anonymized_account @anonymized_account Zobaczymy. Ci, których nie wymieniłem, prawdopodobnie transfery/wypożyczenia.",0,157,11,zobaczyć wymienić być prawdopodobnie transfera wypożyczenie
"@anonymized_account @anonymized_account @anonymized_account Tak, można sobie sprinty dla jaj wykonywać.",0,103,10,sprint jajo wykonywać
"@anonymized_account ci, którzy nie są na kadrze, wracają 11 czerwca, czyli będą mieli w sumie 3 tygodnie urlopu.",0,112,18,kadr wracać 11 czerwiec mieć suma 3 tydzień urlop
"Wszyscy myślą piwko, napój dla pedałów, a jak później wpierdolę 1 kg boczku to już się nie liczy",0,96,18,myśleć piwko napój pedał późno wpierdola 1 kilogram boczek liczyć
"ktoś się pytał na jakiej uczelni wykłada Trzaskowski? Więc zrobiłam research i wyszło, że w collegium civitas #rt to save someone's life xdd",0,140,23,pytać jaki uczelnia wykładać trzaskowski zrobić być research wyjść collegium civitas save someone's life xdd
@anonymized_account Karetka na sygnale \njedzie po mnie \nwspaniale,0,67,8,karetka sygnał \njeść \nwspaniale
"Cavani strzela gola w 1/8 finału mistrzostw świata na takim luzie, jakby się bawił z dziećmi na plaży.",0,102,18,cavać strzelać gol 1/8 finał mistrzostwa świat taki luz bawić dziecko plaża
"@anonymized_account Trzeba mieć jaja, żeby krzyknąć podczas bronienia karnego. Nie udawaj, że nie robi to na Tobie żadnego wrażenia 😂",0,133,20,mieć jajo krzyknąć bronieć karny udawać robić żaden wrażenie 😂
@anonymized_account nie jestem fanem bundesligi więc niech mnie Pan nie wyśmieje.Dlaczego Schubert odchodzi ?,0,109,14,fan bundesliga wyśmieje.dlaczego schubert odchodzić
"@anonymized_account Tak czułam, że ciś się nie zgadza🤨",0,54,8,czuć być ciś zgadzać 🤨
@anonymized_account dłuuuuuuga droga przede mną XD,0,50,6,dłuuuuuuga drogi xd
@anonymized_account @anonymized_account Znowu będzie komunikat o polskich piratach drogowych w Słowacji.,0,104,11,komunikat polski pirata drogowy słowacja
@anonymized_account Mocno to on się gdzieś walnął w łeb,0,55,9,mocno walnąć łeb
@anonymized_account Nigdy się nie zgadzam z Kruchą ale w tej sprawie ma zdecydowanie rację.,0,91,14,zgadzać krucha sprawa zdecydowanie racja
@anonymized_account Kiedy swastyka w profilowym mały zboczeńcu,1,62,7,swastyka profilowy mały zboczeńcu
"imagine, mieszkać w drewnianym domku i w lesie",0,46,8,imagine mieszkać drewniany domek las
rozjebala się jak Rosja na mapie i siedzi kurwa,0,47,9,rozjebalać rosja mapa siedzieć kurwa
"@anonymized_account No słyszałem, że powinien być karny na Bezjaku 😜 A tak poważnie, to nie widziałem powtórek żadnej z sytuacji. 😉",0,131,21,słyszeć być karny bezjak 😜 poważnie widzieć być powtórek żaden sytuacja 😉
@anonymized_account Długo myślałeś nad odpowiedzią na te pytania. Ciekawe co żeś wymyślił przez tyle czasu 😂,0,108,16,długo myśleć być odpowiedź pytanie ciekawy żeś wymyślić tyle czas 😂
@anonymized_account Patrz  @anonymized_account twoja ekipa debili to robi,1,73,8,patrzyć ekipa debić robić
@anonymized_account Przed wyborami 50 = 5 po wyborach,0,53,8,wybory 50 = 5 wybory
RT @anonymized_account Lepiej mieć ograniczenie cywilizacyjne niż umysłowe.,0,75,8,dobrze mieć ograniczenie cywilizacyjny umysłowy
@anonymized_account Jak się ładnie wpasowało. Trener i świeżo powołani do kadry zawodnicy przed meczem z byłym klubem 😜,0,119,18,ładnie wpasoweć trener świeżo powołać kadra zawodnica mecz były klub 😜
@anonymized_account Jak jakiś będzie to poinformujemy.,0,54,6,poinformować
"@anonymized_account Po relacji z tego meczu wnioskuje, że Korczyk musi mieć niezłe wrzutki :)",0,93,14,relacja mecz wnioskować Korczyk mieć niezły wrzutek
"Ale to, co panowie teraz zrobili, to kabaret.",0,45,8,pan zrobić kabaret
@anonymized_account @anonymized_account Na 100% robicie sobie dobrze @anonymized_account @anonymized_account,0,108,9,100 robić
@anonymized_account @anonymized_account Ale w kolejnym zdaniu jest już liczba poj.,0,82,10,kolejny zdanie liczba pojć
@anonymized_account @anonymized_account kto ma być trenerem rezerw ? Sobol ?:),0,78,10,trener rezerwa sobol
"@anonymized_account Jak to powiedział klasyk? \""Jak się widzi taką sztukę to trudno zachować kulturę\""",0,102,14,"powiedzieć klasyk \""jak widzieć taki sztuka trudno zachować kulturę\"
@anonymized_account poczytaj co to prawo pierwokupu @anonymized_account @anonymized_account @anonymized_account,0,111,9,poczytać prawo pierwokup
"@anonymized_account @anonymized_account @anonymized_account @anonymized_account Szachermacher, a może ten @anonymized_account taki aktywny w radzie, że nikt go nie zna...",0,170,18,szachermacher aktywny rada nikt znać
"@anonymized_account Powiedzieli, dlaczego to miało tyle trwac?",0,62,7,powiedzieć mieć tyle trwac
@anonymized_account Kopią swojego po głowie. Rzeczywiście genialne.,1,67,7,kopać swój głowa rzeczywiście genialny
"@anonymized_account Mam nadzieje że pijesz tylko Lipton, jak prawdziwy polski patriota",0,86,11,nadzieja pijeć lipton prawdziwy polski patriota
"Kurwa, jest jakieś 60 stopni dzisiaj....",0,40,6,kurwa jakiś 60 stopień
"@anonymized_account Obecny skład personalny pozwala na płynne przechodzenie z 3-4-3 na 4-2-3-1 / 4-4-2 (zależnie od tego, kto będzie w środku i ataku).",0,151,23,obecny skład personalny pozwalać płynny przechodzić 3 4 3 4 2 3 1 4 4 2 zależnie środek atak
czy możemy pominąć listopad i przejść już do dni przedświątecznych?,0,67,10,móc pominąć listopad przejść dzień przedświąteczny
@anonymized_account Ja pierdolę. Duży europejski kraj w XXI wieku.,0,66,9,pierdolę duży europejski kraj xxi wiek
"@anonymized_account Nie uważa Pan, że już tak w trzeciej kolejce fazy grupowej było? :)",0,87,14,uważać trzeci kolejka faza grupowy
"Jutro spierdalamy do domu, ale było fajnie, my byliśmy fajni, trójka zjebów wraca",0,81,13,jutro spierdalać dom fajnie być być fajny trójka zjebów wracać
@anonymized_account @anonymized_account Narazie var pomaga tylko legi czy to normalne??,0,87,10,narazie var pomagać legi normalny
@anonymized_account czy Pan Panie Karski zapomniał zażyć swoje tabletki,1,71,9,pani Karski zapomnieć zażyć tabletka
@anonymized_account @anonymized_account @anonymized_account Bo nie umiesz grać 😆,0,80,8,umieć grać 😆
@anonymized_account @anonymized_account Pod tym względem na pewno było na pograniczu.,0,85,10,wzgląd pewno pogranicze
@anonymized_account Wiedzą co robią. Może doczekam takich czasów.w PL.,0,70,9,wiedzieć robić doczekać czasów.w plac
@anonymized_account @anonymized_account czyżbyś zauważył że pierdolisz głupoty i nie masz argumentów ?,0,102,12,czyżby być zauważyć pierdolić głupota mieć argument
@anonymized_account  Fajnie że trzymasz kciuki za piłkarzy :) a tak przy okazji ile rozegrałaś spotkań w Wiśle i ile masz asyst ? Hehe:),0,136,23,fajnie trzymasz kciuk piłkarz okazja rozegrać być spotkanie wiśle mieć asyst hehe
@anonymized_account Ja się jeszcze zastanawiam czy manualna czy automat 😩,0,73,10,zastanawiać manualny automat 😩
@anonymized_account @anonymized_account Musi. Innej drogi nie mamy.,0,67,7,inny droga
@anonymized_account Zadecydowały wyższe umiejętności indywidualne poszczególnych zawodników. Po prostu.,0,103,9,zadecydować wysoki umiejętność indywidualny poszczególny zawodnik prosty
@anonymized_account Chyba jej mało bo dalej kusi ;-),0,52,8,chyba daleko kusić
"Albo jeszcze inaczej \"" podpisał czy zdrowie niepozwala \""",0,58,9,inaczej podpisać zdrowie niepozwal
"@anonymized_account Gdzie 4 mld strat za Możejki, gdzie 5 mld SKOKI",0,67,11,4 miliard strata możejka 5 miliard skok
Ten od kulek gejszy z bólem dupy @anonymized_account nie jest przypadkiem płynnybpłciowo?,1,89,12,kulka gejszy ból dupa przypadek płynnybpłciowo
@anonymized_account Ponawiam pytanie. Trenerzy podeszli do siebie i Brosz wystawił ręke a Carrillo celowo nie podał ręki ?,0,122,18,ponawiać pytanie trener podeszć siebie brosz wystawić ręke carrillo celowo podać ręka
@anonymized_account ale Lewy też gra w zagranicznej lidze wiec myślałem że chodzi o wszystkich Polskich piłkarzy,0,112,16,lew grać zagraniczny liga wiec myśleć być chodzić polski piłkarz
"@anonymized_account Skup się na sobie. To nie ja wbiegam na boisko jako \""foto\"" po strzelonej bramce.",0,102,16,"skup wbiegać boisko \""foto\ strzelyć bramka"
@anonymized_account @anonymized_account trafił do Amiki tak jak pisałeś,0,71,8,trafić amik pisać być
@anonymized_account Dzień można uznać za udany :),0,49,7,dzień uznać udana
@anonymized_account a właściwie to Aleksandrikos Głowačkis.,0,59,6,właściwie aleksandrikos głowačkis
@anonymized_account W sumie życie też powoduje śmierć.,0,54,7,suma życie powodować śmierć
@anonymized_account @anonymized_account jak czytam że Wdowczyk chce Furmana to mam poważne wątpliwości,0,102,12,czytać wdowczyk furmać poważny wątpliwość
"@anonymized_account @anonymized_account @anonymized_account Wisła w tej kolejce niejest gospodarzem, podejrzewam ze gdyby była to minuta ciszy by  też była",0,155,19,wisło kolejka niejestć gospodarz podejrzewać minuta cisza
@anonymized_account @anonymized_account Vlasko był jednym z najlepszych jakbyś chciał wiedzieć,0,94,10,vlasko dobry jakby być chcieć wiedzieć
@anonymized_account Ten napastnik to pewnie Paixao skoro przeszedł testy medyczne.,0,82,10,napastnik pewnie paixao skoro przejść test medyczny
@anonymized_account żaden kot mi nie umknie :),0,46,7,kot umknąć
Kibic @anonymized_account odpowiada @anonymized_account i @anonymized_account na krytykę Manuela Junco.\n\nhttps://t.co/3mSvihl4q8,0,130,10,kibic odpowiadać krytyka manuel junco.\n\nhttps://t.co/3msvihl4q8
@anonymized_account @anonymized_account @anonymized_account Kiedy obejrzałaś słodkie kłamstewka i masz schizę,0,109,10,obejrzać być słodki kłamstewka mieć schiza
"@anonymized_account Kierunek Czechy, NFZ refunduje i bez kolejek",0,64,8,kierunek czechy nfz refundować kolejka
@anonymized_account Cristiano w Realu jest w tej roli genialny. Lewandowski w Bayernie równiez świetny.,0,103,14,cristiać real rola genialny Lewandowski bayernie równiez świetny
"@anonymized_account Już dawno straciliście wiarygodność, więc wasze tłumaczenia nikogo nie ruszają",0,98,11,dawno straciliśta wiarygodność tłumaczenie nikt ruszać
@anonymized_account @anonymized_account @anonymized_account @anonymized_account @anonymized_account na mistrza jak co roku ?,0,124,11,mistrz
@anonymized_account Przeciwko leszczom też można grać słabo.,0,60,7,przeciwko leszcz grać słabo
"@anonymized_account znacznie bliżej jest mi muzułmanin  czy indus, niż katolicka, łysa swołocz ze wschodu europy, do tego rasistowska",1,133,18,znacznie blisko muzułmanin indus katolicki łysy swołocz wschód Europa rasistowska
@anonymized_account @anonymized_account pączka ogórkiem? To podchodzi pod jakąś nową dyscyplinę.,0,96,10,pączki ogórk podchodzić jakiś nowy dyscyplina
"@anonymized_account @anonymized_account Kto widział babcię herod Pawłowicz, wszystko widział",0,92,9,widzieć babcia herod pawłowicz widzieć
@anonymized_account Zawodnicy z nazwiskami idą tam na emeryturę.To przecież nie jest tajemnica.,0,95,12,zawodnik nazwisko iść emeryturę.to tajemnica
"Teraz zarykam nos i mowie \""cała polska z was sie śmieje, komuniści i zlodzieje,",1,80,14,"zarykać nos mowa \""cać Polska śmiać komunista zlodzieć"
@anonymized_account A kto prowadzi zespół ? Będzie podany skład z tego meczu ?,0,78,13,prowadzić zespół podać skład mecz
"@anonymized_account Kiedys kazdy kopniak bez piłki = czerwona, a jeśli to było tylko położenie ręki na głowę, to nie mamy o czym rozmawiac :)",0,141,24,kiedys kopniak piłka = czerwony położenie ręka głowa co rozmawiac
@anonymized_account @anonymized_account w ekstraklasie też nie ma,0,65,7,ekstraklasa
"@anonymized_account @anonymized_account @anonymized_account @anonymized_account @anonymized_account @anonymized_account @anonymized_account Nie realizacja jest tu problemem, już nie róbmy jaj.",0,192,16,realizacja problem róbmyć jaj
@anonymized_account czyli mam rozumieć że jak twoi koledzy nasmiewaja sie z Messiego i obrazają Barce to wtedy kibicujesz Barcelonie żeby wygrała ?,0,147,22,rozumieć kolega nasmiewajać messiy obrazać barka kibicujesz barcelona wygrać
"@anonymized_account Noc? To wtedy, gdy jest ciemno? Bo żadnej innej różnicy nie było w porównaniu do dnia 😁",0,107,18,noc ciemno żaden inny różnica porównanie dzień 😁
"@anonymized_account STO LAT, ale ty musisz być stara teraz",0,58,9,sto rok musieć stary
"RT @anonymized_account przyjdź. opowiem ci, jak boli twoja nieobecność.",0,71,9,przyjdźyć opowiedzieć boleć nieobecność
JAK MI MIŁO JAK MI PISZECIE SUPER RZECZY O MOIM GŁOSIE AWWWWWWWWW,0,65,12,miło piszecie super rzecz głos awwwwwwwww
"@anonymized_account nie wiem jak Ci to powiedzieć, ale znów się podarł.",0,71,11,wiedzieć powiedzieć podrzeć
@anonymized_account snooker :) cały rok Eurosport pokazuje turnieje więc to nic dziwnego,0,88,12,snooker rok eurosport pokazywać turniej dziwny
Gdańsk - Adamowicz 64%\nKielce - Wenta 64%\nKraków - Majchrowski 64%,0,68,10,Gdańsk adamowicz 64%\nkielce went 64%\nkraków majchrowski 64
@anonymized_account @anonymized_account @anonymized_account Szczególnie możemy być dumni z idioty prezydenta uzależnionego od starego frustrata z kotem.,1,152,16,szczególnie móc dumny idiota prezydent uzależniony stary frustrat kot
"@anonymized_account @anonymized_account Adrianowi było bliżej do Katynia w New Jersey, niż do Katynia w Katyniu.",0,112,15,adrian blisko katyć New jersey katyć katyniu
"@anonymized_account @anonymized_account Dawaj, niech się obrażają 😂",0,67,7,dawaja obrażać 😂
@anonymized_account Ten odcinek no może ślub był piękny,0,55,8,odcinek ślub piękny
"RT @anonymized_account Jprd. Jakie te kabarety na Polsacie są denne,jak to fajnie wyśmiewa się z kościoła i księży \rŚmiechom nie ma końca\rA sp…",0,145,23,jprd kabaret polsać denny fajnie wyśmiewać kościół ksiądz \rśmiechom końca\ra sp
"Dobra Misiaczki, sprawa nagli. Ktoś ma jakieś wieści, o jakiekolwiek pracy? Potrzebuję szybko dorobić ;)",0,104,15,dobro misiaczka sprawa nac jakiś wieść jakikolwiek praca potrzebować szybko dorobić
@anonymized_account jak ktoś przychodzi do klubu w wieku 13 lat to nie jest wychowankiem ? Aha w takim razie koniec tematu.Nie ma o czym dyskutować.,0,148,25,przychodzić klub wiek 13 rok wychowanek aha taki koniec tematu.nie co dyskutować
@anonymized_account Urban powinien się od was uczyć. Jesteście żenujące gnojki. Aż przykro patrzeć.,1,99,13,urban uczyć jesteście żenujący gnojka przykro patrzeć
Ale jestem wściekła na siebie,0,29,5,wściekły siebie
@anonymized_account @anonymized_account 😂😂😂 a ty wogóle wiesz kto to jest antysemita?,0,85,11,😂 😂 😂 wogóle wiedzieć antysemity
@anonymized_account @anonymized_account @anonymized_account @anonymized_account jak wróce z pracy to też podejme wyzwanie ale tym razem bedzie skromnie :),0,154,18,wróce praca podejmy wyzwanie raz skromnie
Odpalajcie  Nights Out In The Jungle wykonawcy Jamiroquai\nhttps://t.co/zz43Beqq1B,0,82,8,odpalajć nights out in the jungle wykonawca jamiroquai\nhttps://t.co zz43beqq1b
@anonymized_account By ci kurwa zabrali te wifi pajacu,1,54,8,kurwa zabrać wifi pajac
"@anonymized_account O Boże wiem, miałam to na psychologii i komunikacji 😳",0,73,11,boży wiedzieć mieć być psychologia komunikacja 😳
@anonymized_account jak tak powiedziała to rzeczywiście śmiech na sali :),0,73,10,powiedzieć rzeczywiście śmiech sala
@anonymized_account @anonymized_account co ciebie Cracovia ? Haha to tym bardziej Lechia cie gowno obchodzi,0,107,14,cracovia hahy lechia gowno obchodzić
"@anonymized_account @anonymized_account @anonymized_account Hello Antoś, a jak tam nowy chłoptaś? Dobry jest?",0,109,12,hello antoś nowy chłoptaś dobry
@anonymized_account Kiedyś byłem tak glodny że wpierdalałem wiśnie z pestkami i złamałem jedynie #jasnagora,0,107,14,kiedyś być być glodny wpierdalać być wiśnia pestk złamać być jasnagora
@anonymized_account @anonymized_account ale jest w stolicy mody więc pewnie nie narzeka :),0,90,12,stolica moda pewnie narzekać
"@anonymized_account @anonymized_account @anonymized_account Z głębin internetu, szacunek, zamknięty w krysztale ciszy otula zmarznięte powietrz",0,143,14,głębina internet szacunek zamkniąć krysztale cisza otul zmarznięte powietrz
"RT @anonymized_account @anonymized_account Za wyprzedanie Narodu, mordowanie ludzi przyjdzie czas zapłaty. Życzymy sobie właśnie tego - SPRAWIEDLIWOŚCI!…",1,153,17,wyprzedać naród mordować człowiek przyjść czas zapłata życzymy sprawiedliwość
CO SIĘ STAŁO Z MESSENGEREM,0,26,5,stać messenger
"@anonymized_account Co za mózg wystawia dwóch ludzi, w tym De Bruyne, do środka pola, gdy tam ze czterech-pięciu Japończyków biega.",0,131,20,mózg wystawiać dwa człowiek de bruyne środek pole cztery pięć japończyk biegać
@anonymized_account @anonymized_account z tym najbardziej przereklamowanym zawodnikiem to myślałem że sam siebie opisuje.,0,121,13,bardzo przereklamowany zawodnik myśleć być siebie opisywać
@anonymized_account a wyśmiewanie Lionela M. było po skazaniu go za oszustwa podatkowe ? bo jakoś przeoczyłem,0,109,16,wyśmiewać lionel m skazać oszustwo podatkowy przeoczyć być
"@anonymized_account Słaba liga, duża różnica poziomów, a potem w łeb od Spartaka Subotica 😁😁😁",0,93,14,słaby liga duży różnica poziom potem łeb spartak subotica 😁 😁 😁
"\""Polska to kraj z dykty i paździerza z postsowieckim społeczeństwem mającym demokrację za fanaberie zachodnich elit\"" made by @anonymized_account",0,146,19,"\""polski kraj dykta paździerz postsowiecki społeczeństwo mającym demokracja fanaberia zachodni elit\ made"
@anonymized_account Chętnie zapłacę za pranie tego śpiworka.,0,60,7,chętnie zapłacić prać śpiworek
"@anonymized_account @anonymized_account a jak komuś nie starcza miejsca w 140 znakach, to zawsze może ciaśniej pisać.",0,117,16,ktoś starczać miejsce 140 znake ciaśni pisać
"12163331810 internauci twierdzą, że po połączeniu z tym numerem słychać rozmowę córki z matką, zaraz potem krzyki i strzały",0,123,19,12163331810 internauta twierdzić połączyć numer słychać rozmowa córka matka zaraz potem krzyk strzał
"@anonymized_account @anonymized_account Boisz się, że ja przyjdziesz na plażę to poziom wody gołą dupę Ci przykryje?",0,116,16,boisz przyjdziesz plaża poziom woda goła dupa przykryć
@anonymized_account Zdjęcie ze Shetyną :) każdy kto ma taką fotkę źle kończy :) ostatnio pecha miał byly już ambasador USA zdaje się 😂😂😂😂 ?,0,139,24,zdjęcie shetyna taki fotka źle kończyć ostatnio pech ambasador usa zdawać 😂 😂 😂 😂
"@anonymized_account Pietrzak zawsze był cienki szczególnie w defensywie. Niestety obawiam się, że dalej nie będzie zmian w składzie.",0,132,18,pietrzak cienki szczególnie defensywa niestety obawiać daleko zmiana skład
@anonymized_account To pytanie do Komisji Ligi.,0,47,6,pytanie komisja liga
"@anonymized_account @anonymized_account @anonymized_account Co innego taką panią zagrać, a co innego kurtyzaną być. Vide @anonymized_account i @anonymized_account",0,162,17,inny taki pani zagrać inny kurtyzać vide
Praca dla PO powoduje trwałe uszkodzenia mózgu....? #Woronicza17,0,64,8,praca powodować trwały uszkodzenie mózg woronicza17
"Jeden z dużych portali zupełnie przegapił, że dziś Dzień #ŻołnierzeWyklęci\nMoże im powiedzieć?",0,95,12,duży portać zupełnie przegapić dzień żołnierzewyklęci\nmoże powiedzieć
@anonymized_account To jeszcze Wam Prezes nie powiedział kto?,0,61,8,prezes powiedzieć
@anonymized_account Może złego adwokata sobie znalazł 🤣,0,55,7,zły adwokat znaleźć 🤣
@anonymized_account Z Dimą w pierwszym składzie!,0,48,6,dima pierwszy skład
@anonymized_account ale zbyt mocne przygotowanie i zmęczenie można zaliczyć do twardej ręki :),0,94,13,zbyt mocny przygotować zmęczenie zaliczyć twardy ręka
@anonymized_account @anonymized_account nic takiego nie napisał że chce żeby Artego nie wystartowało,0,100,12,taki napisać arty wystartować
@anonymized_account A Michalak który jest tak lansowany przez media do pierwszej reprezentacji siedzi na ławie :),0,113,16,michalak lansować media pierwszy reprezentacja siedzieć ława
"@anonymized_account Ibra odchodzi z Milanu, Milan... 😜",0,54,7,ibra odchodzić milan milan 😜
@anonymized_account ja z tych zniżek to korzystam tylko w manekinie hahaha reszta to takie tam,0,94,15,zniżka korzystać manekinie hahahy reszta
@anonymized_account ale myślałem że wyróżnisz ten dzień w kalendarzu :),0,71,10,myśleć być wyróżnić dzień kalendarz
@anonymized_account @anonymized_account @anonymized_account @anonymized_account @anonymized_account Aleście się za mną stęskniły xD,0,131,11,aleście stęsknić xd
@anonymized_account @anonymized_account @anonymized_account kiedy on się dobrze zapowiadał ? Jak media pisały że go chce Chelsea ?,0,130,17,zapowiadać media pisać chelsea
@anonymized_account Już wiem ze się nie dogadamy XD,0,51,8,wiedzieć dogadać xd
"@anonymized_account Ale w czym problem? Jak klub chce zarobić i wziąć odpowiedzialność za kibiców gości, to niech bierze.",0,121,18,co problem klub zarobić wziąć odpowiedzialność kibic gość brać
"@anonymized_account @anonymized_account Cały jeden z Widzewem był taki. W innych albo mielismy farta, albo ratowalismy punkt, albo jedno i drugie.",0,146,20,widzew mielismya farto ratowalisma punkt drugi
"Bo wie już to kraina ta, kwa kwa kwa gazeta zła i gęgęgę zły tvn",0,64,15,kraina kwa kwa kwa gazeta zły gęgęga zły tvn
"RT @anonymized_account @anonymized_account Aahhhh dziękuje, tobie życzę zdrówka, miłości i spełnienia marzeń i czego sobie jeszcze tam życzysz 💞",0,144,19,aahhhh dziękować życzyć zdrówka miłość spełnić marzenie co życzeć 💞
"@anonymized_account gdzie studiujesz? bo ja już dwie osoby znalazłam po tym tweecie, które studiują tam gdzie ja",0,112,17,studiujesz osoba znalazć być tweet studiować
@anonymized_account A co mają poglądy do tego? No chyba że to proces polityczny😀😀😀😀,0,83,13,pogląd chyba proces polityczny 😀 😀 😀 😀
Gdzie moi koledzy @anonymized_account @anonymized_account pewnie odurzają się gdzieś klejem na dworcu,1,101,12,kolega pewnie odurzać klej dworzec
RT @anonymized_account @anonymized_account dziękuje pięknej pani o ślicznym uśmiechu x,0,86,10,dziękować piękny śliczny uśmiech x
"@anonymized_account @anonymized_account Masz rację, Klarenbach to totalna żenada, jak całe @anonymized_account",0,110,11,mieć racja klarenba totalny żenada cały
@anonymized_account Nie wiem czy Twoja dziewczyna będzie zadowolona z tego tweeta :D,0,84,12,wiedzieć dziewczyna zadowolony tweet d
RT @anonymized_account Narodowcy na marszu w Warszawie krzyczeli: „Tu jest Polska nie Izrael” trzymając w rękach plakat z Jezusem.,0,130,19,narodowca marsz Warszawa krzyczel polski izrael trzymać ręka plakat jezus
Kurwa biale zabki i usmiech od ucha do ucha nie pomogły,0,55,11,kurwa biale zabka usmiech ucho ucho pomogć
@anonymized_account Wow ale odkrycie.Trudno żeby go nie było,0,60,8,wow odkrycie.trudno
@anonymized_account czyli mówisz że nic nie tracę nie oglądając futsal ekstraklasy ?:),0,86,12,mówić tracić oglądać futsal ekstraklasa
@anonymized_account @anonymized_account @anonymized_account @anonymized_account No to muszą ci nieźle płacić za wierszówki.,0,123,12,musieć nieźle płacić wierszówka
@anonymized_account Prawdziwi Polacy powinni się spakować i wrócić. Nie może im nadzwyczajna kasta w Irlandii rządzić jak żyć mają.,1,131,19,prawdziwy Polak spakować wrócić nadzwyczajny kasta irlandia rządzić żyć
@anonymized_account @anonymized_account A czego oczekiwałeś ? Przedłużą z kimś kontrakt to poinformują,0,102,12,co oczekiwać być przedłużą kontrakt poinformować
@anonymized_account Ja wlasnie mam palec w dupie i mowie  sprawdzam,0,67,10,palec dupa mowa sprawdzać
"RT @anonymized_account Czy Antek już ogłosił, że na lewym skrzydle naszej obrony był wybuch?",0,92,14,antek ogłosić lewy skrzydle nasz obrona wybuch
@anonymized_account już nie ale przynajmniej nie jestem chorągiewką,0,67,8,przynajmniej chorągiewka
"@anonymized_account @anonymized_account @anonymized_account @anonymized_account Chyba nie, Marcin mówił coś o '89.",0,114,11,chyba marcin mówić 89
"Mistrzowie branża it mediana 60 tyś, mirda w kubeł",0,50,9,mistrz branża it mediać 60 tyś mirda kubeł
@anonymized_account @anonymized_account Algorytm nie widzial takiej glupoty i sie posypał,0,89,10,algorytm widzial taki glupota posypać
@anonymized_account @anonymized_account @anonymized_account A Panu nie brakuje czasem art. 87 pkt1?,0,99,11,pan brakować artykuł 87 pkt1
Kot mi zalał komputer wodą. To by było na tyle czy historia zna takie przypadki i mamy jeszcze szansę?,0,102,19,kot zalać komputer woda tyle historia znać przypadek szansa
dorosłe życie nie jest dla mnie,0,31,6,dorosły życie
"RT @anonymized_account niech ładny chłopiec z kręconymi włosami do mnie napisze: jutro, zaraz, teraz",0,100,14,ładny chłopiec kręcony włos napisać jutro zaraz
RT @anonymized_account piraci z karaibow bez deppa są jak kebab bez mięsa,0,73,12,pirat karaibow deppa kebaba mięso
"RT @anonymized_account @anonymized_account @anonymized_account Qurwa JAKI zacznij kopać rowy w Warszawie i zrób ,,,,Wenecjie,,,,",0,128,14,qurwa zacznij kopać rowy Warszawa zrobić wenecjie
RT @anonymized_account @anonymized_account @anonymized_account -idę na matematykę dyskretną\n-to co wy tam robicie? Liczycie po cichu?\nTO JEST PRAWDZIWA ROZMOWA XD,0,164,19,-ida matematyka dyskretną\n robić liczycie cichu?\nto prawdziwy rozmowa xd
@anonymized_account Jak to było? Czekam z utęsknieniem i zapuszczam już korzenie....😁😁😁😁,0,88,11,czekać utęsknienie zapuszczać korzeń 😁 😁 😁 😁
@anonymized_account Co tak ciemno? Na pasterkę z tym koszyczkiem idzie?,0,71,10,ciemno pasterka koszyczko iść
@anonymized_account Będę już po wszystkim to będę trzymać kciuki!,0,65,9,trzymać kciuk
"@anonymized_account @anonymized_account @anonymized_account No jest przed tym, co piłkę zagrywa chyba.",0,102,11,piłka zagrywać chyba
"@anonymized_account @anonymized_account Dziękuję bardzo, już znalazłam rozwiązanie ;-)",0,86,8,dziękować znalazć być rozwiązanie
Widziałam śliczną sukienkę ale nie było mniejszego rozmiaru niż 36 i była za duża danmm,0,87,15,widzieć być śliczny sukienka mniejszy rozmiar 36 duży danmm
"Podsumowując:\nObciach mierzymy w gmyzach, a \na poziom utraty kontroli, w kukizach.",1,84,11,podsumowując:\nobciach mierzyć gmyz \na poziom utrata kontrola kukiz
@anonymized_account @anonymized_account Tak też mogło być 😁,0,59,7,móc 😁
@anonymized_account @anonymized_account @anonymized_account Kishna jest już w Lazio,0,83,8,kishny lazio
Popłakałam się nad grobem wujka bo to była 2 rocznica śmierci i ups rodzina zszokowana aż przestali gadać nad grobem,0,116,20,popłakać być grób wujek 2 rocznica śmierć ups rodzina zszokować przestać gadać grób
@anonymized_account Prosimy o kolejne rewelacje. Bardzo nas to interesuje.,0,74,9,prosić kolejny rewelacja interesować
"@anonymized_account Nie zdziwilbym sie, przecież oni sa jak naćpani @anonymized_account @anonymized_account świata nie ma poza marszem",0,134,16,zdziwilbym SA naćpany świat marsz
RT @anonymized_account @anonymized_account Prymityw to jest karalne,0,67,7,prymityw karalny
"@anonymized_account @anonymized_account Wy pierdolicie o jakimś albumie a ja już miałam nadzieję, że umrę w wakacje :(",0,118,17,pierdolić jakiś album mieć być nadzieja umrę wakacje
"@anonymized_account @anonymized_account O, to pierwszy napewno obejrzę, jak się wciągnę to obejrzę wszystko",0,107,13,pierwszy napewno obejrzyć wciągnąć obejrzyć
@anonymized_account Kieszonka do Ciebie napisała 🤗,0,50,6,kieszonka napisać 🤗
@anonymized_account Tak na pewno nie będzie. Drużyna leci w środę.,0,66,10,pewno drużyna lecieć środa
@anonymized_account Ja widziałem tylko jeden zryw i to 5 minutowy :P,0,68,11,widzieć być zryw 5 minutowy :p
"@anonymized_account I myślisz, że zmienią zdanie jak będą co tydzień spamowani, że nie ma go w kadrze ?",0,103,18,myśleć zmienić zdanie tydzień spamowanić kadr
@anonymized_account @anonymized_account @anonymized_account To był marsz hańby. Duda i Morawiecki przewodniczyli neofaszystom i wplątali w to wojsko.,1,149,17,marsz hańba duda morawiecki przewodniczyć neofaszyst wplątać wojsko
@anonymized_account A nie wiem jaka była,0,40,6,wiedzieć jaki
"@anonymized_account @anonymized_account Wiem, wiem, miałem deja vu",0,66,7,wiedzieć wiedzieć mieć być deje vu
@anonymized_account @anonymized_account Na tej samej podstawie w 2013 roku powinien dostać zawodnik Bayernu.,0,108,13,sam podstawa 2013 dostać zawodnik bayern
"@anonymized_account Nie będą, bo spudłował pod koniec ubiegłego sezonu :D",0,73,10,spudłować koniec ubiegły sezon d
RT @anonymized_account Strach pomyśleć w ilu miejscach przebywał Jarosław...,0,76,9,strach pomyśleć ile miejsce przebywać jarosław
@anonymized_account nic nie było pisane.Jest tylko wasze przekonanie że to Wisła ma coś udowadniać a nie zawodnik który skarży klub.Pozdrawiam.,0,143,20,pisane.jest przekonanie wisła udowadniać zawodnik skarżyć klub.pozdrawiam
RT @anonymized_account Moja morda to takie spierdolenie ze zaraz rykne,0,70,10,morda spierdolenie zaraz rykny
@anonymized_account To przecież normalne że jak ktoś nie gra to nie jest zbyt zadowolony. Gdzie tu widzisz problemy ? Wszędzie takie są.,0,136,22,normalny grać zbyt zadowolony widzieć problem wszędzie
@anonymized_account Przecież wszyscy mówili że bramka Kazachów była prawidłowa. Na jakiej planecie ten pajac żyje ?,0,115,16,mówić bramka kazach prawidłowy jaki planet pajac żyć
@anonymized_account @anonymized_account @anonymized_account Sąd nie uznał tych majtek za dowód,0,94,10,sąd uznać majtka dowód
@anonymized_account A czemu nie bierzesz pod uwagę stylu w jakim wywalczyli awans ?,0,83,13,bierzesz uwaga styl jaki wywalczyć awans
Tak się zastanawiam czy zamknięcie stadionu Cracovii to dla nich jakakolwiek kara. Przecież na ich mecze i tak nikt nie chodzi.,0,127,21,zastanawiać zamknąć stadion cracovia jakakolwiek kara mecz nikt chodzić
@anonymized_account @anonymized_account Zgadza się jak Wisła zdobędzie mistrza to stawka powinna być 85 zł niewliczajac Kuby w ten zakład,0,137,19,zgadzać wisła zdobyć mistrz stawka 85 złoty niewliczajac kubyć zakład
"@anonymized_account Gdy Pan dosypuje węgiel do kotła w takim tempie, istnieje duże prawdopodobieństwo, że pęknie Panu baniak.",0,125,17,dosypywać węgiel kotło taki tempo istnieć duży prawdopodobieństwo pękć pan baniak
@anonymized_account to ty chłopie nie płacz że mamy takie legendy.A wy macie kogo ? PiotraBanie ?@anonymized_account @anonymized_account @anonymized_account @anonymized_account,0,176,19,chłopać płacz legendy.a mieć kto piotrabanie
RT @anonymized_account @anonymized_account @anonymized_account @anonymized_account 2:1 postawiłem na Niemców,0,108,9,2:1 postawić być niemiec
A ja obserwuje Pentagon i Kima,0,30,6,obserwować pentagon kim
@anonymized_account Właśnie robię jajecznicę na boczku z pięciu jaj i popijam piwkiem,0,85,12,robić jajecznica boczek pięć jajo popijam piwko
Ale przecież #Polexit jest dobry. Założycie koszulki z orłem i będziecie żryć ziemniaki i wungiel 😇,0,99,16,polexit dobry założycie koszulka orło być żryć ziemniak wungiel 😇
"@anonymized_account Bardzo ładne koronki, cudowne, szalej",0,57,6,ładny koronek cudowny szaly
"@anonymized_account Ucz się bocie, niby jesteś niereformowalny ale kto wie",0,74,10,uczć bocie niby być niereformowalny
"@anonymized_account @anonymized_account Czyli nie będzie ich na meczu ze Śląskiem, bo są na hokeju.",0,99,14,mecz śląsk hokej
"@anonymized_account Zawsze z zakupów jesteś zadowolony, widać długie zastanawianie i nie kupowanie pod wpływem chwili wychodzi na dobre",0,135,18,zakup być zadowolony widać długi zastanawianie kupować wpływ chwila wychodzić dobry
"@anonymized_account Lepiej się nabijać z błędów bramkarza niż z tego, że ktoś ma zeza.",0,86,14,dobrze nabijać błąd bramkarz zeza
"@anonymized_account Patrzą że ma warunki do tego, by się rozwinąć. Tylko tyle i az tyle.",0,88,15,patrzeć warunki rozwinąć tyle tyle
@anonymized_account @anonymized_account kontuzja ? Bo zacząłem ogladać Chelsea-Arsenal  :),0,90,9,kontuzja zacząć być ogladać chelsea arsenal
"@anonymized_account @anonymized_account @anonymized_account @anonymized_account @anonymized_account Dzięki, ale ja kocham rozgrzewać takich orłów.",0,146,12,dzięki kochać rozgrzewać orł
"@anonymized_account E tam, każda kobieta ma przecież w torebce pilniczek.",0,73,10,e każdy kobieta torebce pilniczek
RT @anonymized_account dorosłe życie nie jest dla mnie,0,54,8,dorosły życie
"@anonymized_account @anonymized_account @anonymized_account Z twoich ust to komplement, proszę o więcej",0,103,11,twój usta komplement prosić
"@anonymized_account Damian głowa do góry - \""robota to głupota\"" ;)",0,67,10,"damiano głowa góra \""robota głupota\"
@anonymized_account Pan już się popisał wczoraj wieczorem. Pora zamilknąć w tym temacie.,0,88,12,popisać wczoraj wieczór pora zamilknąć temat
@anonymized_account Już nie róbmy z niego desperata. Prowadził kadrę narodową Hiszpanii. Niewiele stanowisk jest wyżej.,0,119,15,róbmyć desperata prowadzić kadra narodowy hiszpania niewiele stanowisko wysoko
@anonymized_account @anonymized_account @anonymized_account @anonymized_account Poza tym pokaż ile klubów w Polsce płaci na czas i nie ma długów.,0,145,18,pokaż klub Polska płacić czas dług
"Działania w Lechii i Lechu: produkuj gówniany produkt, zwolnij ludzi odpowiedzialnych za jego dobrej jakości opakowanie. Logiczne.",0,130,17,działanie lechia lech produkuj gówniać produkt zwolnij człowiek odpowiedzialny dobry jakość opakowanie logiczny
@anonymized_account @anonymized_account Ból dupy bo co roku puchary na wyciągnięcie ręki i coś nie mogą awansować.A dzięki Arce historia się pewnie powtórzy.,0,157,22,ból dupa puchar wyciągnięcie ręka awansować.a dzięki arce historia pewnie powtórzyć
RT @anonymized_account @anonymized_account Sędzia MUSI swoje poglądy polityczne zostawić w domu.. I nie MOŻE występować za lub przeciw politykom!,0,145,19,sędzia pogląd polityczny zostawić dom występować przeciw politykom
@anonymized_account @anonymized_account Powinni jeszcze zaprosić Gmyza i odlot będzie pełny.,0,92,10,zaprosić gmyz odlot pełny
"@anonymized_account Nie, muszę trochę odpocząć, bo ostatnie dni były dramatyczne.",0,81,10,musieć trochę odpocząć ostatni dzień dramatyczny
"Współlokatorka mnie obudziła o przed siódmą, czy to jest w ogóle legalne!?",0,74,12,współlokatorka obudzić siódmą ogół legalny
@anonymized_account @anonymized_account @anonymized_account A mi niejest obojętne i 1906% poparcia dla @anonymized_account,0,122,12,niejestć obojętny 1906 poparcie
Piwo wchodzi jakbym nie pił x dni.,0,34,7,piwo wchodzić jakby być pić x dzień
@anonymized_account a co z limitem polek ?,0,42,7,limit polka
"Anders przygoda w powietrzu 600 tyś, 500 mln za Damę, musimy być skromni, 20 mln na żeglowanie i grosze dla pcimia obajtek",0,122,22,anders przygoda powietrze 600 tyś 500 milion dama musieć skromny 20 milion żeglowan grosz pcimia obajtka
"@anonymized_account Każdy kto choć trochę się orientuje w tych sprawach wie, że na Hutniku nie ma oświetlenia...",0,112,17,trochę orientować sprawa hutnik oświetlenie
"@anonymized_account A za rok też nie będą grać, bo będzie walka o jak najlepsze miejsce w clj. Chyba zapominamy po co są akademie.",0,130,23,rok grać walka dobry miejsce clj chyba zapominać akademie
@anonymized_account nawet pasy to dla was za duże wyzwanie co widać po twoim profilowym.Mistrzowie opraw.,0,105,15,pasa duży wyzwanie widać profilowym.mistrzowie oprawo
Kto chce się jutro przejść na spacer moje znajomki halo,0,55,10,jutro przejść spacer znajomek halo
@anonymized_account Jak się to ogląda? 😀,0,40,6,oglądać 😀
Ktoś chce zobaczyć fajna reklamę j odpowiedzieć na jedno pytanko?,0,65,10,zobaczyć fajny reklama j odpowiedzieć pytanko
"@anonymized_account 😍😍😍 Też chciałam tak nazwać pieska, ale trafiła się dziewucha",0,81,11,😍 😍 😍 chcieć być nazwać pieski trafić dziewuchać
@anonymized_account a ja sugeruję zakup maści na ból dupy @anonymized_account @anonymized_account,1,97,11,sugerować zakup maść ból dupa
"RT @anonymized_account Bo nie trzeba strzelić gola, by zaliczyć AKCJĘ MECZU 😂Dobrze, że nie odleciał! 😉\nhttps://t.co/m2k3HZHq6x",0,128,16,strzelić gol zaliczyć akcja mecz 😂 odlecieć 😉 \nhttps://t.co m2k3hzhq6x
"@anonymized_account @anonymized_account Raz, że to bzdura. Dwa, ze śmieje się jedynie z tekstu Weszlo, ktory uznał to za sukces Lecha.",0,134,20,bzdura śmiać tekst weszlo uznać sukces lecha
Można ba IP 6s robić gadane indy? W sensie nagrywać ekran,0,57,11,ba ip 6s robić gadać inda sens nagrywać ekran
@anonymized_account To wciąż bliżej niż Lechii,0,46,6,wciąż blisko lechia
"@anonymized_account Dobra, nie szukam drugiego dna :-)",0,54,7,dobry szukać drugi dno
Koncert Hoziera w Irlandii to marzenie,0,38,6,koncert hozier irlandia marzeć
@anonymized_account Hieny zwietrzyły łatwy żer i już krążą już osaczają ofiarę,0,78,11,hiena zwietrzyć łatwy żer krązać osaczać ofiara
@anonymized_account @anonymized_account nie irytuje Cię ciągłe gadanie warszawskich dziennikarzy jak to w Wiśle wszystko jest źle ?,0,131,17,irytować ciągły gadać warszawski dziennikarz wiśle źle
"@anonymized_account No tak, kto będzie w czerwcu kupował kalendarz albo rajstopy. Nie przemyślałam.",0,99,13,czerwiec kupować kalendarz rajstopy przemyślać być
@anonymized_account ale Benfica napewno nie może zablokować transferu bo wtedy to Lechia i Vanja byliby idiotami podpisując coś takiego,0,135,19,benfica napewno zablokować transfer lechia vanja być by idiot podpisuć taki
"@anonymized_account Wezwania do zaplaty dla pilotow w kwocie 650 tyś, chory palant",0,82,12,wezwanie zaplaty pilotow kwota 650 tyś chory palant
"@anonymized_account @anonymized_account Nie znałem, ale to nie ten przypadek.Rydzykowopisbolszewivki yntelygent",0,111,10,znać być przypadek.rydzykowopisbolszewivki yntelygent
@anonymized_account skoro udajesz że chciałbyś jedynie utrzymania to po co narzekania na długą piłke ? Tak grają najsłabsze drużyny,0,131,19,skoro udajeć chciałbyś utrzymanie narzekać długi piłke grać najsłabsz drużyna
"Kibice Lechii śpiewają coś o formie o puchary. Dobrze, że wiedzą, że jest coś takiego. Pewnie dzięki występom sąsiadki z Gdyni 😜",0,128,22,kibic lechia śpiewać forma puchar wiedzieć taki pewnie dzięki występom sąsiadki gdynia 😜
"@anonymized_account Dla swojego dobra lepiej, by nie awansował.",0,63,8,swój dobro dobrze awansować
@anonymized_account Pieprzona zakala sadownictwa ta Gersdorf jest i tojest fakt.,0,80,10,pieprzić zakalać sadownictwo gersdorf tojestć fakt
"@anonymized_account Nie zabijaj \""kuriera\"" za przekazywanie informacji 😉",0,73,8,"zabijać \""kuriera\ przekazywać informacja 😉"
@anonymized_account W tym tygodniu co robisz??,0,46,6,tydzień robić
"@anonymized_account Ale boli, jak ja się kurwa cieszę. Fantastyczne uczucie.",0,76,10,boleć kurwa cieszyć fantastyczny uczucie
@anonymized_account Twoje to antysemickie i kurwa antypolskie,1,61,7,antysemicki kurwa antypolski
6 lipca prezydent Donald Trump @anonymized_account złoży wizytę w Polsce.,0,73,10,6 lipiec prezydent Donald trump złożyć wizyta Polska
@anonymized_account Choć po tym zdjęciu jeśli bym miał je opisać to żonie plecak nic nierobi natomiast tobie trochę brakuje oddechu ;),0,134,21,zdjęcie opisać żona plecak nierobić trochę brakować oddech
#FF dla dyrektora zespołu prasowego @anonymized_account  ➡️ @anonymized_account,0,79,8,ff dyrektor zespół prasowy ➡ ️
"@anonymized_account Ja rozumiem, że można być religijnym. Ale dlaczego koniecznie przy tym trzeba być pierdolniętym?",1,116,15,rozumieć religijny koniecznie pierdolnięty
@anonymized_account omg też tak mam czasami,0,43,6,omg
@anonymized_account @anonymized_account @anonymized_account Jeśli to prawda to niech spi....la.\n.,1,98,9,prawda spi la.\n
@anonymized_account @anonymized_account Teraz będziesz się pajacu lansował?,0,75,7,być pajac lansować
"@anonymized_account Jak się mieszka z psem i kotem, to się ma rozchwianą optykę ;-)",0,83,14,mieszkać pies kot rozchwiany optyka
@anonymized_account @anonymized_account tobie już od tej wazeliny mózg fałdy traci. Zaczynasz osiagać IQ na poziomie temperatury własnego ciała.,1,144,18,wazelina mózg fałda tracić zaczynać osiagać iq poziom temperatura własny ciało
@anonymized_account @anonymized_account Macie prowokuj bo znowu będziesz płakał że ci prawdę powiem.,0,100,12,mieć prowokuj być płakać prawda powiedzieć
"@anonymized_account @anonymized_account No tak. Dlatego gra w Australii, a nie we Włoszech.",0,91,12,grać australia włoszech
"@anonymized_account @anonymized_account A ja mam wrażenie że to twój mózg. Taki gładki, nieskażony myśleniem.",1,109,14,wrażenie mózg gładka nieskażyć myślenie
@anonymized_account beze mnie :( ja w robocie :( @anonymized_account,0,68,9,bez robota
@anonymized_account Jak sie w kadzi siedzi w rajtuzach,0,54,8,kadzi siedzieć rajtuz
@anonymized_account @anonymized_account @anonymized_account może dlatego że jesteście słabi ?,0,93,9,jesteście słaby
"@anonymized_account Nie posądzaj Hajty o to, że wie, kto to był Dennis Wise.",0,76,13,posądzaj hajty dennis wise
"moja rodzinka mówi na mnie dziennikarka, kocham",0,47,7,rodzinka mówić dziennikarka kochać
"@anonymized_account A  @anonymized_account sprzedaje biznes żeby rządzić, kurwa gość jest chory",1,95,11,sprzedawać biznes rządzić kurwa gość chory
"RT @anonymized_account @anonymized_account Roman Giertych: Nie dla wejścia Polski do UE !!!\n\nA nie nie, wróć ... to było dawno temu więc się nie liczy.",0,153,24,Roman gierty wejść Polska UE \n\na wrócić dawno liczyć
"@anonymized_account Biorąc pod uwagę występy Carlitosa przeciwko Jadze, będzie to strzał w bramkarza 😄",0,102,14,brać uwaga występ carlitosać przeciwko jaga strzał bramkarz 😄
Gdzie sie nie ruszę to jeb puszkę za siebie,0,43,9,ruszeć jeb puszka siebie
"@anonymized_account Odklejenie mózgowe, z radością czekam na bana",0,65,8,odklejenie mózgowy radość czekać ban
Iść na wykład czy nie iść o to jest pytanie,0,43,10,iść wykład iść pytanie
"@anonymized_account Oczywistym jest, że to, iż potrafilismy słabszym składem wygrywać, nie oznacza, że będzie tak wiecznie.",0,123,16,oczywisty potrafilismyć słabszy skład wygrywać oznaczać wiecznie
@anonymized_account Na jakiej podstawie szef partii politycznej łamie konstytucję i arbitralnie ogranicza prawo wyborcze członków partii?,0,137,16,jaki podstawa szef partia polityczny łamać konstytucja arbitraln ograniczać prawo wyborczy członek partia
"@anonymized_account Ale to w nowym przekładzie, jeszcze nie czytałam.",0,69,9,nowy przekłada czytać być
RT @anonymized_account @anonymized_account Tomek ty i analizy? Ty i wnioski? Chłopie nie wiem co ty bierzesz ale zmnieksz dawkę o połowę...,1,139,21,Tomek analiza wniosek chłopa wiedzieć bierzesz zmnieksz dawka połowa
"Głowacki ogląda zk przez pomyłkę, Przesmycki to przyznaje ale komisja kary nie cofa. Zmniejsza karę Gajosowi, po brutalnym wejściu w Kuna!!!",0,140,21,głowacki oglądać zk pomyłka przesmycki przyznawać komisja kara cofa zmniejszać kara gajos brutalny wejść kun
"@anonymized_account Wiem, ale bym chciała dziś/jutro 😀",0,54,7,wiedzieć chcieć jutro 😀
"Nagrody, premie, karty, kurwy na telefon, spowiedź przez telefon,",0,65,9,nagroda premia karta kurwa telefon spowiedź telefon
@anonymized_account @anonymized_account nazywa się typowo po belgijsku :)),0,74,8,nazywać typowo belgijski
"RT @anonymized_account Jeszcze kilka takich błyskotliwych myśli, jak ta o astronomii i partia Pana Ministra Gowina zmieni nazwę na \""Nieporozumienie\"".",0,151,20,"błyskotliwy myśl astronomia partia minister gowin zmienić nazwa \""nieporozumienie\"
@anonymized_account dziękuję że mnie Pan nie zmusza bo nie lubię odgrzewanych kotletów.Pozdrawiam.,0,98,12,dziękować zmuszać lubić odgrzewanych kotletów.pozdrawiam
@anonymized_account Nic mi o tym nie wiadomo.,0,45,7,wiadomo
@anonymized_account Jola Pienkowska u cesarzowej to ewentualnie za pokojową.😁😀😀,0,79,9,jole pienkowsko cesarzowy ewentualnie pokojowa 😁 😀 😀
@anonymized_account @anonymized_account to w końcu chcą rozwiązać reprezentacje czy ją przebudować ?,0,100,12,koniec chcieć rozwiązać reprezentacja przebudować
@anonymized_account co obydwaj wiemy ? A wiesz ile Legia oferowała za Handzlika ?,0,81,13,obydwać wiedzieć wiedzieć legia oferować handzlik
@anonymized_account @anonymized_account @anonymized_account A to już problem tej rady i parafian.,0,97,11,problem rada parafiana
@anonymized_account dostał za całokształt.Dziwie się że tak późno.,0,66,8,dostać całokształt.dziwie późno
"Żyjemy w kraju gdzie dziennikarzowi bardziej wypada przebrać się za chuja, niż powiedzieć kłamcy, że kłamie",0,107,16,żyć kraj dziennikarz wypadać przebrać chuja powiedzieć kłamca kłamać
Z Warszawy do Hurgady jest daleko ale z Radomia to już tylko 3 Suski.,0,69,14,warszawa hurgada radom 3 suski
Czy @anonymized_account zauważył że dodałem go do bliskich  znajomych?,0,70,9,zauważyć dodać być bliski znajomy
@anonymized_account @anonymized_account Wszyscy jesteście gówno warci. Wczorajsze głosowanie to kolejne potwierdzenie waszej miernoty.,0,134,13,jesteście gówno warcić wczorajsze głosowanie kolejny potwierdzenie wasz miernot
@anonymized_account Królowa Kier piguł napiekła \nW porze letnich dni\nA walet pikowy ta bestia wściekła \nUkradł je i znikł,0,124,18,królowy kier piguł napiec \nw porz letni dni\na walet pikowy bestia wściekły \nukraść zniknąć
RT @anonymized_account #Zachodniopomorskie: Pijany 30-latek ze Szczecinka wbiegł do sklepu z maczetą i... zaczął siekać arbuzy. http://t.co/bz8…,0,144,17,zachodniopomorski pijany 30 latek szczecinek wbiec sklep maczeta zacząć siekać arbuz http://t.co/bz8
"@anonymized_account Szczęście nam sprzyja, gramy o mistrza",0,58,7,szczęście sprzyjać grać mistrz
"@anonymized_account @anonymized_account Gdyby tak było, to nie byłby w kregu zainteresowań selekcjonera kadry. Za bardzo kombinujesz.",0,133,16,być by kreg zainteresowanie selekcjoner kadra kombinujesz
@anonymized_account W piątek mnie nie ma ;d,0,43,7,piątek d
@anonymized_account @anonymized_account @anonymized_account To nie ludzie tylko debile. Super pomysł.,1,101,10,człowiek debile super pomysł
@anonymized_account Kurwa mać dalej problemy ze stroną... Żenada.,0,65,8,kurwa mać daleko problem strona żenada
@anonymized_account to czemu za pierwszym razem decyzja była inna ? @anonymized_account,0,87,11,pierwszy raz decyzja
@anonymized_account Właśnie Ci chciałam pisać xd ja w przyszłym tygodniu będę miała kasę więc wchodzę w to,0,106,17,chcieć być pisać xd przyszły tydzień mieć kasa wchodzić
Kurwa jakie wysokie ciśnienie mam czy ja już umieram,0,52,9,kurwa wysoki ciśnienie umierać
@anonymized_account @anonymized_account Załatwi to jedno głosowanie w sejmie i żadne demonstracje nie będą miały na to wpływu.,0,126,17,załatwić głosowanie sejm demonstracja mieć wpływ
"@anonymized_account @anonymized_account Wiem, ale chodzi mi o to że tego się już raczej nie odbuduje.",0,101,15,wiedzieć chodzić raczej odbudować
Jak zobaczę że ktoś obraża papieża jana pawła 2 ma bana,0,55,11,zobaczyć obrażać papież Jan Paweł 2 ban
@anonymized_account No sama widzisz że nic z tego już zrozumieć nie można😱😱😱😱😱😱,0,79,12,widzieć zrozumieć 😱 😱 😱 😱 😱 😱
@anonymized_account @anonymized_account @anonymized_account chyba zapomniałaś jak wyzywaliście Głowackiego jak Wisła go nagradzała za rekordową liczbe występów,0,159,16,chyba zapomniać być wyzywaliść głowackiy wisła nagradzeć rekordowy liczbe występ
@anonymized_account @anonymized_account @anonymized_account @anonymized_account @anonymized_account @anonymized_account @anonymized_account A co to ta legia?  Ze to taki impuls żeby w niej grać?,0,194,20,legia impuls grać
@anonymized_account @anonymized_account parę lat temu Wisła się długo o niego starała,0,85,11,parę rok wisć długo starać
@anonymized_account Czego? Ja prdle Pawłowicz i kultura....,0,59,7,co prdle pawłowicza kultura
@anonymized_account @anonymized_account @anonymized_account @anonymized_account @anonymized_account chorwackie mogą przepisywać info z polskich.Taka prawda.,0,156,12,chorwacki przepisywać info polskich.taka prawda
RT @anonymized_account @anonymized_account @anonymized_account @anonymized_account @anonymized_account Umarłam i trafiłam do kabaretowego nieba :),0,146,13,umarć być trafić być kabaretowy niebo
@anonymized_account przecież ja tego nie neguje @anonymized_account,0,67,7,negować
"Po czym poznać bolszewkia, po oburzeniu",0,39,6,co poznać bolszewkia oburzeć
@anonymized_account @anonymized_account 7800 z groszami na meczu,0,64,7,7800 grosz mecz
No dobra za wcześnie wyszlam,0,28,5,dobry wcześnie wyszlam
@anonymized_account @anonymized_account Masz wielkie turnieje co drugi rok. Na dokładnie to samo by wyszło.,0,107,14,mieć wielki turniej drugi rok dokładnie sam wyjść
"@anonymized_account @anonymized_account Nasza grupa jest taka, że nikt tam specjalnie nie będzie próbował unikać któregokolwiek rywala.",0,135,16,grupa nikt specjalnie próbować unikać którykolwiek rywalać
tami. Nawet przestrzeń między nutami.,0,37,5,ta przestrzeń nut
"Tak smali, że trzeba lecieć do Portugalii się schłodzić 😁",0,57,10,smać lecieć portugalia schłodzić 😁
@anonymized_account @anonymized_account I kupowaniem głosów za państwowe pieniądze,1,82,8,kupowan głos państwowy pieniądz
"Nie pytaj, co rząd może zrobić dla ciebie. Zapytaj, czy mógłby tego nie robić.",0,78,14,pytać rząd zrobić zapytać móc by robić
"@anonymized_account @anonymized_account Dopiero przyniesie, kiedy banda idiotów, którzy zrezygnowali z pracy dostaną gówno a nie emeryturę.",0,139,16,dopiero przynieść banda idiot zrezygnować praca dostać gówno emerytura
Za to z hattrickiem w rezerwach.,0,32,6,hattrick rezerwa
Daj rt jak się zgadzasz,0,23,5,dać zgadzać
"@anonymized_account I ten pajac jest na miejscu, A nie za oceanem😁😁😁",0,68,11,pajac miejsce ocean 😁 😁 😁
@anonymized_account No cóż. Każda okazja jest dobra żeby pokazać swoją dezaprobatę dla tego zbrodniczego Pisu 😁😁😁,0,113,16,cóż każdy okazja dobry pokazać swój dezaprobata zbrodniczy pis 😁 😁 😁
@anonymized_account Tego faceta nie ogarniam xd,0,47,6,facet ogarniać xd
"Dużo lepiej wyglądała Brazylia z bardzo solidną Szwajcarią, niż Francja z przeciętną Australią.",0,95,13,dobrze wyglądać brazylia solidny szwajcaria francja przeciętny australia
"@anonymized_account @anonymized_account @anonymized_account Szacun, 65lat z jedną babą...",0,89,8,szacun 65lat jeden babą
"@anonymized_account Jutro Piątek, bo jest piątek. A tak poważnie - wszyscy wiedzą, na co stać Milika w kadrze.",0,110,18,jutro piątek piątek poważnie wiedzieć stać milik kadr
@anonymized_account @anonymized_account @anonymized_account w końcu jakiś ciekawy wywiad :),0,91,9,koniec ciekawy wywiad
"@anonymized_account @anonymized_account Nic nie zrobil, ty i twój ojciec macie zasługi",0,86,11,zrobil ojciec mieć zasługa
@anonymized_account Poza tym ze słabszymi drużynami Progres czy SMS też pewnie coś pogubią.,0,91,13,słabszy drużyni progres sms pewnie pogubić
"Marcel idziemy na bodźca, będziemy ładniejsi, może wyrwiemy jakaś lekareczkę",0,76,10,Marcel iść bodźca być ładniejsi wyrwiemy lekareczka
RT @anonymized_account Szeregowiec Jaruzelski...\nSzeregowiec Kiszczak...\n\nBrzmi OK! 👍🏼\n\n#UstawaDegradacyjna\n\nhttps://t.co/A5LFFoLMwj,0,139,7,szeregowiec jaruzelski \nszeregowiec kiszczak \n\nbrzmi 👍 🏼\n\n#ustawadegradacyjna\n\nhttps://t.co a5lffolmwj
@anonymized_account inne zespoły chyba też nie mają pieniędzy więc nie trzeba ciągle tego powtarzać,0,99,14,zespół chyba pieniądz ciągle powtarzać
"RT @anonymized_account Żyjemy w kraju gdzie dziennikarzowi bardziej wypada przebrać się za chuja, niż powiedzieć kłamcy, że kłamie",0,130,18,żyć kraj dziennikarz wypadać przebrać chuja powiedzieć kłamca kłamać
@anonymized_account Panie Andrzeju jeszcze pan będzie prosił o te leki przeciw bólowe 😀,0,87,13,pan andrzej prosić lek przeciw bólowy 😀
@anonymized_account chciałeś się pochwalić że coś wiesz ? Mamy klaskać ?,0,72,11,chciać być pochwalić wiedzieć klaskać
"@anonymized_account To jest 3600 dla rodziny 2+1, ale zakładając składki odprowadzane, 1400 +153 rodzinne odpada, to bez względu na dochód masz 1530 zl",0,151,23,3600 rodzina 2+1 zakładać składka odprowadzać 1400 +153 rodzinny odpad wzgląd dochód mieć 1530 zl
"@anonymized_account \""Gdyby tak rzucić wszystko i uciec w Bieszczady\"".",0,71,9,"\""gdyb rzucić uciec bieszczady\"
@anonymized_account @anonymized_account @anonymized_account @anonymized_account @anonymized_account Nam płacą i wystarczy 😜,0,123,10,płacić wystarczyć 😜
@anonymized_account @anonymized_account A ci co nie głosowali? Wszyscy jesteście pieprzonymi gnojami.,1,101,11,głosować jesteście pieprzony gnoj
"RT @anonymized_account Selin narobił dzisiaj z nerwów w TVNie tyle zdjęć, że pamięć mu się zapchała.",0,100,16,selina narobić nerw tvnie tyle zdjęcie pamięć zapchać
"współczuje ludziom którzy pracują w bankach i muszą pozyskiwać klientów, straszna praca",0,87,12,współczować człowiek pracować bank musieć pozyskiwać klient straszny praca
"@anonymized_account A teraz pomyśl, że Gil na VAR-ze jest telewidzem tak jak my, a swoje zgarnie.",0,97,16,pomyśleć gilć var telewidz zgarnie
Przecież cała finezja Twittera polega na tym żeby zmieścić 280 znaków w 140.,0,76,13,finezja twitter polegać zmieścić 280 znak 140
"Uwaga❗️❗️❗️\nW Nowym Sączu żałoba. Przegrał znicz, tj. PIS 😀😀😀",0,62,9,uwaga ❗ ️ ❗ ️ ❗ ️\nw nowy sącz żałob przegrać znicz tj pis 😀 😀 😀
"@anonymized_account Bo masz jednego Grosickiego, który się na skrzydło nadaje, a z drugiej strony w formie wydają się być Rybus i Bereszyński.",0,142,22,mieć jeden grosickiy skrzydło nadawać drugi strona forma wydać rybus bereszyński
"@anonymized_account @anonymized_account I zostawił brata na czele PiSu, który doprowadził do kompletnej degradacji państwa i obywateli.",0,135,16,zostawić brat czele pis doprowadzić kompletny degradacja państwo obywatel
@anonymized_account E tam 20 tys trzeba mobilizować się i komplet pierdzielnac ;-)20 tys to spokojnie będzie,0,108,16,e 20 mobilizować komplet pierdzielnac -)20 spokojnie
"@anonymized_account Mnie rozbawiło jak mówi, że został z tym zupełnie sam a później dziękuje za wsparcie klubowi, trenerom, znajomym i rodzinie 😂",0,145,22,rozbawić mówić zupełnie późno dziękować wsparcie klub trenera znajomy rodzina 😂
RT @anonymized_account #Woronicza17\n„Żadne odszkodowanie nie naprawi szkód wyrządzonych Tomaszowi Komendzie”\nhttps://t.co/wgLjFjh6VN\n#wieszwiecej,0,148,10,woronicza17\n odszkodowanie naprawić szkoda wyrządzoć tomasz komendzie”\nhttps://t.co wgljfjh6vn\n#wieszwiecej
RT @anonymized_account @anonymized_account Wie Pani co to jest średnia?...no może matematyczka Pani Lubnauer podpowie.....,1,122,14,średnia? matematyczka lubnauer podpowiedzieć
@anonymized_account a Wisła nie ma prawa zesłać swojego zawodnika do rezerw ? @anonymized_account @anonymized_account @anonymized_account,0,137,15,wisła prawo zesłać swój zawodnik rezerwa
@anonymized_account Trzeba to zmienić koniecznie! :),0,52,6,zmienić koniecznie
"Pisdzielstwo tworzy trendy, kazdy jest złodziejem",0,49,6,pisdzielstwo tworzyć trend złodziej
"@anonymized_account Ty nie możesz wyluzować, wyjedź do afryki, dystansu nabierz",0,79,10,móc wyluzować wyjedź afryka dystans nabierz
@anonymized_account Kto odda pieniądze które trafiły do Radziwiłłów,0,67,8,oddać pieniądz trafić radziwiłł
@anonymized_account Tobie dam krople nasercowe na uspokojenie :D  @anonymized_account @anonymized_account,0,105,10,dać kropla nasercowy uspokoić d
"@anonymized_account Jestem na diecie, więc dziś tylko 30 😋😄",0,59,9,dieta 30 😋 😄
"Powiem to głośno, pijta, pijta się nie ograniczajta . Lepsze niż apteka",0,71,12,powiedzieć głośno pijta pijtać ograniczajty dobry apteka
@anonymized_account @anonymized_account @anonymized_account A kto ci wierzy pisowski oszuście?,1,94,9,wierzyć pisowska oszuść
"@anonymized_account \""Rocco przejmuje Milan\"". Widzę to 😁",0,57,7,"\""rocco przejmować milan\ widzieć 😁"
@anonymized_account A kiedy można się spodziewać informacji ?,0,61,8,spodziewać informacja
@anonymized_account A ważna karta kibica ? I który sektor ? :),0,62,11,ważny karta kibica sektor
"Znajoma pojechała dzis zmienić opony na zimówki. 2 godziny w kolejce, żeby usłyszeć od wulkanizatora: „przecież pani ma zimowe”.",0,128,19,znajoma pojechać zmienić opona zimówka 2 godzina kolejka usłyszeć wulkanizator zimowy
"@anonymized_account Co ten kościół zrobił z ludźmi, Ziobro jak galareta, Dudaciągle klęczy, ja się boję",0,103,15,kościół zrobić człowiek ziobro galareta dudaciągle klęczeć bać
"@anonymized_account Czekaj bo mnie coś ominęło, a Ty od kiedy nie jesteś ładna? 😂",0,81,14,czekać ominąć być ładny 😂
@anonymized_account to ptaszek twitterowy ;-) \n@anonymized_account,0,67,6,ptaszek twitterowy \n
"@anonymized_account Rozumiem, że Tobie się ten mecz podoba. Okej, są różne gusta.",0,81,12,rozumieć mecz podobać okej różny gust
@anonymized_account @anonymized_account Równie dobrze może kopać w Bundeslidze.,0,79,8,równie kopać bundeslidze
"@anonymized_account @anonymized_account Nic specjalnego. Można się domyślać, że pewnie pójdzie na wypożyczenie.",0,111,12,specjalny domyślać pewnie pójść wypożyczeć
RT @anonymized_account Kibic @anonymized_account odpowiada @anonymized_account i @anonymized_account na krytykę Manuela Junco.\n\nhttps://t.co/3mSvihl4q8,0,153,12,kibic odpowiadać krytyka manuel junco.\n\nhttps://t.co/3msvihl4q8
"@anonymized_account @anonymized_account @anonymized_account @anonymized_account Co się stało z Hubertem Gostomskim tak w ogóle, że wypadł z jedenastki?",0,151,17,stać hubert gostomski ogół wypaść jedenastka
@anonymized_account Też tylko raz byłeś w burdelu?,0,50,7,być być burdel
"@anonymized_account 500+, dzień wolny, ale jacy to patrioci, co nie wiedzą że nacjonalizm to nie patriotyzm",0,107,16,500 + dzień wolny jacy patrioci wiedzieć nacjonalizm patriotyzm
RT @anonymized_account Na TVP Kraków padła właśnie informacja że rozmowy z potencjalnym kupcem Wisły przełożony z dziś na jutro.,0,128,19,tvp kraków paść informacja rozmowa potencjalny kupc wisła przełożony jutro
@anonymized_account O bombie to chyba Stanowski napisał.,0,56,7,bomba chyba stanowski napisać
@anonymized_account kibice nie chcą żeby go zwolniono tylko żeby pokazał jaja i sam zrezygnował @anonymized_account,0,115,15,kibic chcieć zwolnić pokazać jajo zrezygnować
"@anonymized_account klasykę już pokroiłam: cebula, ogórki i grzyby, ale te kapary mnie zaintrtgowały. W jakiej formie? Też marynowane?",0,134,18,klasyka pokroić być cebula ogórek grzyb kapar zaintrtgoweć jaki forma marynować
Wczoraj spędziłam wieczór u przyjaciółki i oglądałyśmy tą nową Sabrinę,0,70,10,wczoraj spędziłam wieczór przyjaciółka oglądałyśmy ten nowy sabrina
@anonymized_account A tak się cieszyl i tupał nóżkami @anonymized_account,0,73,9,cieszyl tupać nóżka
@anonymized_account @anonymized_account @anonymized_account @anonymized_account to tak jak w wypadku Krzywickiego.Nie wiem czym ludzie się jarają.,0,146,15,wypadek krzywickiego.nie wiedzieć co człowiek jarać
"@anonymized_account @anonymized_account @anonymized_account On nie musi uzasadniać, on wierzy w PiS.",0,100,11,uzasadniać wierzyć pis
@anonymized_account a gdzie studiujesz? może tam gdzie ja XD,0,60,9,studiować xd
RT @anonymized_account TSUE wyraźnie chciał zrobić prezent opozycji przed samymi wyborami. Ale czy to faktycznie jest dla niej prezent? Przypuszcz…,0,147,20,tsue wyraźnie chcieć zrobić prezent opozycja sam wybory faktycznie prezent przypuszcz
@anonymized_account Dzięki! Ale to znajdziemy bardziej dogodny moment niż napięty grafik 11 listopada 😂,0,103,14,dzięki znaleźć dogodny moment napięty grafik 11 listopad 😂
@anonymized_account  jakby Can Pack wymagał żeby drużyna się nazywała Can Pack Kraków to nikt by się na to nie zgodził a w szczególności kibice,0,143,24,can pack wymagać drużyna nazywać can pack kraków nikt zgodzić szczególność kibic
@anonymized_account Ej zrób mi takie tez xd,0,43,7,ej zrobić tez xd
RT @anonymized_account Na którym miejscu wpływowych kobiet świata jest teraz Beata Szydło?,0,90,12,miejsce wpływowy kobieta świat beata szydło
"@anonymized_account @anonymized_account Solidnie do tego przysiedli, odrębna książka o M\u0026amp;M mogłaby z tego wyjść.",0,121,14,solidnie przysiedlić odrębny książka m\u0026amp;m móc by wyjść
"@anonymized_account Rozumiem, że wg Was piłka nożna i ręczna to sporty rakietowe....",0,84,12,rozumieć według piłka nożny ręczny sporta rakietowy
"@anonymized_account @anonymized_account W rusi, i do rzeszy chyba",0,65,8,rusia rzesza chyba
@anonymized_account nie mylisz się.Broniszewski przyszedł ze Smudą a Primel za Moskala @anonymized_account,0,106,12,mylić się.broniszewski przyjść smuda primel moskala
Jak słucham posła Swiecickiego to to znów zapytam naprawdę taki tępy  czy tylko udaje idiotę,1,92,15,słuchać poseł swiecicki zapytać naprawdę tęp udawać idiota
@anonymized_account Jestem nudniejsza od Ciebie uwierz xd,0,57,7,nudniejszy uwierz xd
@anonymized_account @anonymized_account Znowu się czegoś nacpałeś i bredzisz,1,76,8,coś nacpać być bredzić
@anonymized_account No zajebiście. Mieć przyjemność z takim gigantem jak Michalkiewicz ....,0,91,11,zajebiść mieć przyjemność taki gigant michalkiewicz
@anonymized_account Ty już jesteś w Lidze Mistrzów ale dziennikarskiej :),0,73,10,być liga mistrz dziennikarski
Od razu przeszli do czynów.,0,27,5,raz przejść czyn
@anonymized_account To jest tylko aktualizacja tablic na budynkach,0,66,8,aktualizacja tablica budynek
@anonymized_account @anonymized_account Najlepiej będzie jak się kutasie od nas odpierdolisz razem z twoimi kolegami z PiSu,1,123,16,dobrze kutas odpierdolić razem twój kolega pis
"Może to jest kwestia tego, jak się odbiera mecze na stadionie w Płocku, ale można odnieść wrażenie, że tempo tego spotkania jest spacerowe.",0,139,23,kwestia odbierać mecz stadion płocko odnieść wrażenie tempo spotkanie spacerowy
"RT @anonymized_account przeczytałam ogłoszenie o pracę \""monter wind\"" i myślałam że to po angielsku",0,100,14,"przeczytać być ogłoszenie praca \""monter wind\ myśleć być angielski"
@anonymized_account @anonymized_account @anonymized_account @anonymized_account A ja idę w innym kierunku i obstawiam nową hale :),0,130,15,iść inny obstawiać nowy hał
@anonymized_account sędzia robił wszystko co w jego mocy ale nie dał rady Wiśle 💪💪,0,82,14,sędzia robić moc dać rada wiśle 💪 💪
@anonymized_account Jak masz 32 szt to podchodzi,0,48,7,mieć 32 szt podchodzić
@anonymized_account E tam nie gadaj.Podnieca cię😁😁😁😀😀,0,53,6,e gadaj.podnieca 😁 😁 😁 😀 😀
@anonymized_account @anonymized_account @anonymized_account Było gdzieś info o testach medycznych ?,0,99,10,info test medyczny
"@anonymized_account Ej, który raz zdajesz? Bo ja jutro idę drugi raz i mam już wylane bo to jakaś komedia jest. Na czym oblałaś?",0,128,23,ej zdajeć jutro iść drugi wylać komedia co oblać być
"@anonymized_account Piątek  też powinien być wolny, ina 100%",0,60,8,piątek wolny ina 100
@anonymized_account Zobaczymy w ogóle później jak pociągi i w tedy ewentualnie coś wykombinujemy 😂,0,98,14,zobaczyć ogół późno pociąg tedy ewentualnie wykombinujeć 😂
"@anonymized_account Może nie bezdomnemu, ale chciałam pomóc mu dorobić. Wyszło, jak wyszło 🙈😉",0,93,13,bezdomnem chcieć być pomóc dorobić wyjść wyjść 🙈 😉
@anonymized_account @anonymized_account @anonymized_account akurat Bukse chcieli zatrzymać ale on chciał iść do Włoch,0,117,13,akurat bukse chcieć zatrzymać chcieć iść włocha
@anonymized_account @anonymized_account @anonymized_account @anonymized_account tylko ten tytuł pozbawiony sensu,0,112,9,tytuł pozbawić sens
@anonymized_account Trzęsący się jak galareta  @anonymized_account bo sędzia na emeryturze zjadł parówkę,0,104,12,trzęsący galareta sędzia emeryturze zjadł parówka
"@anonymized_account Czyścieć dla klientów w stylu \""To był kryminał i miał taką niebieską okładkę\""",0,99,14,"czyścieć klient styl \""to kryminał taki niebieski okładkę\"
@anonymized_account 4 pkt 2 mecze na starcie niema co narzekać i minusowac graczy,0,81,13,4 punkt 2 mecz starcie niemy narzekać minusowac gracz
@anonymized_account @anonymized_account Co byś nie napisał kur wie lepiej @anonymized_account,0,93,10,by być napisać kur dobrze
@anonymized_account Przecież to ma same plusy 😂 chociaż jedna osoba mnie rozumie!!,0,82,12,sam plus 😂 chociaż osoba rozumieć
"@anonymized_account Ja K O C H A M nowy album i bardzo bym chciała usłyszeć to na żywo, więc co do tego, to nie mam żadnych wątpliwości",0,135,27,k c h metr nowy album chcieć usłyszeć żywo wątpliwość
@anonymized_account pracuje z jego synem.Mówił że będzie dobrze :),0,66,9,pracować synem.mówił
@anonymized_account @anonymized_account @anonymized_account Wg nich to normalne zachowanie. Może mu ta reklama zasłaniała widok ? 😂,0,131,16,według normalny zachowanie reklama zasłaniać widok 😂
@anonymized_account wyglądasz jakbyś do szkoły szła na lekcje :),0,64,9,wyglądać jakby być szkoła iść lekcja
"@anonymized_account @anonymized_account Czasu coraz mniej ale liczę na to ze dzisiejszy wynik tez zrobi swoje i kartka \"" brak biletów \"" dalej realna",0,150,23,czas mniej liczyć dzisiejszy wynik tez zrobić kartka brak bilet daleko realny
@anonymized_account Bo samo przejście CLJ na U-18 jest dla wielu kontrowersyjnym pomysłem.,0,90,12,sam przejście clj 18 kontrowersyjny pomysć być
Kto idzie ze mna na Kler halo halo,0,34,8,iść kler halo halo
"@anonymized_account @anonymized_account Mina wskazuje na to, że teraz Peszko powinien zadzwonić na antenie do Samuela i ten na pewno by odebrał 😁",0,145,22,min wskazywać peszko zadzwonić antena samuel pewno odebrać 😁
@anonymized_account Ale podszedł do Carrillo i widział to że mu chce ręke podać czy sobie to uroiłeś ?,0,102,18,podejść carrillo widzieć ręke podać uroić być
@anonymized_account @anonymized_account A pisał coś o mistrzu ?,0,63,8,pisać mistrz
@anonymized_account Czy to twoja @anonymized_account ??😁😁 Hehehehehe😁,0,69,7,😁 😁 hehehehehe 😁
@anonymized_account @anonymized_account To trzeba zapisać w pamięci telefonu😁😁😁😁,0,80,8,zapisać pamięć telefon 😁 😁 😁 😁
"@anonymized_account Nie wiesz, czy nie myślą, czy on odmawia.",0,61,9,wiedzieć myśleć odmawiać
RT @anonymized_account @anonymized_account Ty zdrajco von z Polski natychmiast wywalić do Berlina i Putina zakalo Polski,1,120,16,zdrajco von Polska wywalić berlin putinać zakalo polski
@anonymized_account Co roku to samo i wszyscy się nabieramy 😂,0,61,10,sam nabierać 😂
@anonymized_account a co jesteś jego agentem że taki poinformowany ? 😂@anonymized_account,0,89,11,być agent poinformować 😂
"@anonymized_account @anonymized_account Dzieciaku, a co Ciebie interesuje, co kto studiuje?",0,91,10,dzieciak interesować studiować
Dwukrotny hymn Polski. Ale duma! ❤💪#Stoch #TCS #Bischofshofen,0,61,8,dwukrotny hymn Polska duma ❤ 💪 stoch tcs bischofshofen
"@anonymized_account Miałam historie mediów i to była okropność, wiec nie wyobrażam sobie całej historii jako takiej, wiec podziwiam",0,131,18,mieć być historia media okropność wiec wyobrażać cały historia taki wiec podziwiać
@anonymized_account chodziło mi o to że chyba każdy się cieszył że Norwegia wygrała przez co mieliśmy większy handicap a nie tylko Kraków Arena :),0,146,24,chodzić chyba cieszyć norwegia wygrać mieć być duży handicap kraków arena
"@anonymized_account @anonymized_account @anonymized_account Iza - dziewczyna, cud, miód, malina 😁",0,97,10,iza dziewczyna cud miód malinać 😁
@anonymized_account @anonymized_account @anonymized_account Nie sądzę. Domyslam sie ze chodzi o oddzielne ppv z meczu.,0,118,14,sądzić domyslać chodzić oddzielny ppv mecz
@anonymized_account Obiecująco to on się zapowiadał w Polkowicach. W Wiśle jak dostawał szanse to nic nie pokazywał.,0,116,17,obiecująco zapowiadać polkowici wiśle dostawać szansa pokazywać
@anonymized_account Jak nie wycofasz swoich słów to wypierdalam...,0,66,8,wycofać swój słowo wypierdalać
@anonymized_account Pasuje mi do Ciebie ten obraz.,0,50,7,pasować obraz
@anonymized_account Według mnie mecz bez historii na 0-0,0,56,8,mecz historia 0 0
@anonymized_account słyszałem o plotkach ale chodzi mi o to że transfer tam po dobrym sezonie jest dla mnie zaskakujący.Ale ja się nie znam :),0,142,24,słyszeć być plotk chodzić transfer dobry sezon zaskakujący.aleć znać
"@anonymized_account Też w takiej chodzę, gdybyś był z podlasia byś rozumiał",0,75,11,taki chodza gdyby być podlasei by być rozumieć
O 18:30 następne zajęcia dopiero,0,32,5,18:30 następny zajęcia dopiero
Ja: nie mam znajomych\nTakże ja:\nKtoś: co tam? \nJa: *nie wyświetla*,0,69,10,znajomych\ntakże ja:\nktoś \nja wyświetla
@anonymized_account słoneczniki* no raczej wiem XD ale ogólnie w mieście się zastanawiam,0,88,12,słonecznik raczej wiedzieć xd ogólnie miasto zastanawiać
"RT @anonymized_account Panie @anonymized_account \nPoproszę o bana. Bo czuję się jakoś podle, że mnie ten zaszczyt nie dotknął. I koledzy się ze mnie…",0,150,23,pani \npoprosza ban czuć podle zaszczyt dotknąć kolega
"@anonymized_account @anonymized_account Te \"" wykrztalcony'' wiesz co to ortografia baranie.",1,92,10,wykrztalcić wiedzieć ortografia baranie
"@anonymized_account - To bardzo porządna dziewczyna. - Trudno, co robić.",0,72,10,porządny dziewczyna trudno robić
Jak uniknąć tych wnerwiajacych reklam na playerze,0,49,7,uniknąć wnerwiajacych reklama playerze
@anonymized_account @anonymized_account za drogi dla nas.Ciekawe czy ktoś w te bajki uwierzy.,0,93,12,droga nas.ciekawy bajka uwierzyć
Brytyjscy politycy apelują do władz o blokadę Nord Stream 2\nhttps://t.co/aMbyzZubNs\n#wieszwiecej,0,98,10,brytyjski polityk apelować władza blokada nord streamć 2\nhttps://t.co ambyzzubns\n#wieszwiecej
@anonymized_account A gdzie szalik Soplicy lub Pana Tadeusza ;-),0,64,9,szalik soplik tadeusza
Gdzie wy mieszkacie jak burza u was jest,0,40,8,mieszkać burza
@anonymized_account Kurwa  cały tt śmierdzi przez ciebie,1,56,7,kurwa tt śmierdzić
"@anonymized_account @anonymized_account Ale wiem, wiem. Do ZMP przyjmowali do 35 roku życia",0,91,12,wiedzieć wiedzieć zmp przyjmować 35 życie
"RT @anonymized_account @anonymized_account Ten to ma coraz wyzsze loty🤦‍♀️niebawem pewnie przybedzie Ci spraw, nie bedziesz mial czasu na pisanie bredni🙄",0,153,20,wyzsze lota 🤦 ‍ ♀ ️niebawe pewnie przybechać sprawa bedzieszeć mial czas pisać brednia 🙄
RT @anonymized_account @anonymized_account @anonymized_account Plujecie na Polskę to my będziemy pluć na was.,1,109,13,plujecie polska być pluć
@anonymized_account @anonymized_account Zamiast tego można znaleźć grafiki na różnych ekranach / telebimach w mieście.,0,118,14,zamiast znaleźć grafika różny ekran telebim miasto
@anonymized_account no to jak to jest że się nie da grać w kosza a się wygrywa z mistrzyniami Europy ?,0,102,20,dać grać kosz wygrywać mistrzyni Europa
RT @anonymized_account Bardzo uprzejmie proszę ABW o zainteresowanie się kontem tego człowieka: @anonymized_account A Was proszę o RT.,1,134,18,uprzejmie prosić abw zainteresować kont człowiek prosić
@anonymized_account Jak by był niewinny to by oczy wystawił a nie sędziego atakował,0,83,13,niewinny oko wystawić sędzia atakować
"@anonymized_account Brożek miej litość dla nas i strzel w końcu bramkę, bo jak widzisz kiko się nad tobą lituje 😀",0,113,20,brożka mi litość strzel koniec bramka widzieć kiko litować 😀
Biedny Mateo @anonymized_account wydupczony przez starego dziadzia  @anonymized_account,1,87,8,biedny mateo wydupczyć stary dziadzio
@anonymized_account @anonymized_account @anonymized_account @anonymized_account A co robi Szydło i za co bierze kasę?,0,117,13,robić szydło brać kasa
RT @anonymized_account Rząd zaostrzy kary za znęcanie się nad zwierzętami. Od 3-5 lat więzienia; obowiązkowa nawiązka do 100 tys zł. Więcej jutro w @anonymized_account,0,167,24,rząd zaostrzyć kara znęcać zwierzętami 3 5 rok więzienie obowiązkowy nawiązka 100 złoty jutro
@anonymized_account po co promujecie taką miernote ?,0,52,7,promujecie taki miernoty
"My Polacy Gowiny Ziobraki Sadurskie informujemy  śmieciaki, do pierwszego 20 tyś to mało, pokora polaki-śmieciaki dzielić na 12 śmieciaki",1,137,19,Polak gowina ziobrak sadurski informować śmieciaki pierwszy 20 tyś pokora polaki śmieciaki dzielić 12 śmieciaki
RT @anonymized_account znów pada nazwisko śp. Lecha Kaczyńskiego na litość Boską on nie żyje i nie ma jak się bronić ! #bezRetuszu,0,130,22,padać nazwisko śp lecha Kaczyński litość boski żyć bronić bezretusz
"@anonymized_account @anonymized_account Nic nie wydali, Gowin potwierdzi",0,72,7,wydać gowin potwierdzić
@anonymized_account Nie mam pojęcia. Ale ładnie pachnie.,0,56,7,pojęcie ładnie pachnieć
@anonymized_account Nah ale w takim cieplejszym płaszczyku szaliku i rękawiczkach a w ekstremalnych sytuacjach w czapce tez,0,123,17,nah taki cieplejszy płaszczyk szalik rękawiczka ekstremalny sytuacja czapka tez
"@anonymized_account są ważniejsze rzeczy niż przegrany mecz, ja np szukam miejsca w tramwaju gdzie nie śmierdzi żulem.Mission impossible...",0,139,18,ważny rzecz przegrany mecz na przykład szukać miejsce tramwaj śmierdzić żulem.mission impossibl
@anonymized_account Zbiera siły na ligę :),0,42,6,zbierać siła liga
RT @anonymized_account @anonymized_account Masz się czym martwić przyjdzie kolej i na ciebie cierpliwości😱😱😱,0,108,13,mieć co martwić przyjść kolej cierpliwość 😱 😱 😱
"@anonymized_account @anonymized_account Rozumiem, że czekają aż z pozostałych województw wyniosą Mazurkową na butach tak jak w Lublinie.",0,136,17,rozumieć czekać pozostały województwo wynieść mazurkowy but Lublin
"@anonymized_account @anonymized_account @anonymized_account Pytanie, ile mu obiecali, a nie ile płacą 😜",0,103,12,pytanie obiecać płacić 😜
@anonymized_account @anonymized_account @anonymized_account Pół godziny lotu i oczywiście business class,0,104,10,pół godzina lot oczywiście business class
@anonymized_account Niestety to bardzo częste kryteria wyboru.,0,62,7,niestety częsty kryterium wybór
"@anonymized_account @anonymized_account @anonymized_account Rozumiem, że jutro w sejmie powie to pani protestującym. Załgane  pisowskie skurwysyny.",1,147,15,rozumieć jutro sejm powiedzieć protestujący załgać pisowski skurwysyna
@anonymized_account ło jezu ale masz ulubieńca :) ale kiedyś mówiłaś dlaczego :),0,80,12,ło jezu mieć ulubieńca kiedyś mówiłaś
"@anonymized_account @anonymized_account @anonymized_account Mówię oczywiście o PiSie, nie może być inaczej",0,106,11,mówić oczywiście pis inaczej
"@anonymized_account Fiaskiem był wyjazd kasty do Brukseli,ponoć nie było zainteresowania europosłów nie mówię tu o zdradzieckich mordach.",0,137,17,fiask wyjazd kast bruksela ponoć zainteresowanie europosł mówić zdradziecki mord
@anonymized_account Piękna sprawa tak wejść w serial,0,52,7,piękny sprawa wejść serial
Jakie to proste. Udzielisz wywiadu Przeglądowi i już jesteś w sumie spoko 😁,0,75,13,prosty udzielić wywiad przegląd być suma spoko 😁
Banda trojga Misiło Kropiwnicki i Struzik żywy obraz III RP  czyli koryto złodziejstwo oraz kolaboracja  #Woronicza17,1,117,16,banda trojga misić kropiwnicki struzik żywy obraz III rp koryć złodziejstwo kolaboracja woronicza17
"@anonymized_account @anonymized_account @anonymized_account gorzej nie, ale po zmianach może być bez zmian.Chujowo ale stabilnie.",1,129,14,źle zmiana zmian.chujowo stabilć
"@anonymized_account @anonymized_account nie mam info, żeby był kontuzjowany",0,75,8,info kontuzjować
@anonymized_account Ty pieprzony hipokryto. Najpierw rozwaliliście OZE a teraz mówicie o energetyce wiatrowej? Chyba z własnych wiatrów.,0,136,17,pieprzić hipokryto najpierw rozwaliliście oze mówicie energetyka wiatrowy chyba własny wiatr
"@anonymized_account Słabo trzymałeś kciuki, bo podarował bramke Cracovii :)",0,75,9,słabo trzymać być kciuk podarować bramke cracovia
"@anonymized_account @anonymized_account Byłem zły że Macierewicz spierdolił, a później sie potwierdzilo, zrobil ludziom pieklo, a z tragedii parodię",0,148,18,być być zły Macierewicz spierdolić późno potwierdzilo zrobil człowiek pieklo tragedia parodia
RT @anonymized_account @anonymized_account Siły wolnościowe to też Pan? A to nie Pan kiedyś chciał pałować protestujących?,0,122,16,siła wolnościowy kiedyś chcieć pałować protestować
"@anonymized_account A kto wziął tych, co na kacu trenują? 😛",0,59,10,wziąć kac trenować 😛
"Jeśli ten mecz będzie jednak dalej tak wyglądał, to w 1/8 finału trzymam kciuki za Kolumbię.",0,92,16,mecz daleko wyglądać 1/8 finał trzymam kciuk kolumbia
"@anonymized_account @anonymized_account \"".... Wszystkim kibice Wisły \""",0,72,7,kibic wisła
Nie spodziewałem się że Cracovia sprawi mi tyle przyjemności w pucharach :),0,75,12,spodziewać być cracovia sprawić tyle przyjemność puchar
@anonymized_account to oglądnij sobie mecz z Wisłą to sobie przypomnisz,0,71,10,oglądnij mecz wisła przypomnić
@anonymized_account Pani Malarz trza być obiektywnym dziennikarką to ze legia gra piach to normalka nic dziwnego,0,112,16,malarz trz obiektywny dziennikarka legia grać piach normalka dziwny
"Wyścig o Plastusiowego Debila trwa.Walka jest zażarta. Walczą: Piasecki, Wielowiejska,Kidawa-Błońska,Król,Czuchnowski. Kto zwycięży?😁😁😁",1,135,12,wyścig plastusiowy debil trwa.walk zażarta walczyć piasecki wielowiejski kidawy błońska król czuchnowski zwyciężyć 😁 😁 😁
Steve Mandanda is crazy 😂\nhttps://t.co/47B5plJKo1,0,50,5,steve mandanda is craz 😂 \nhttps://t.co/47b5pljko1
@anonymized_account @anonymized_account @anonymized_account Poseł Misiło już dawno popadł w umysłowy niebyt😁😁,0,109,11,poseł misić dawno popaść umysłowy niebyt 😁 😁
"Maciej Kurzajewski daje trudne zadania ekspertom w studiu. Porównania: Pazdan vs D. Sanchez, Zieliński vs James, Krychowiak vs Quintero... 😂",0,140,20,maciej kurzajewski dawać trudny zadanie ekspert studio porównanie pazdan vs d sanchez zieliński vs James krychowiak vs quintero 😂
@anonymized_account ktoś nalał zepsute mleko w tryby dobrej zmiany,0,66,9,nalać zepsuć mleko tryb dobry zmiana
@anonymized_account @anonymized_account @anonymized_account Wakashimazu może by wyjął ;),0,88,8,wakashimaz wyjąć
@anonymized_account To jest tak oczywiste że wstyd dać lajka,0,60,9,oczywisty wstyd dać lajka
@anonymized_account Ja nie. Ale robiłem dzisiaj zakupy i spotkała mnie zabawna sytuacja w sklepie.,0,98,14,robić być zakupy spotkać zabawny sytuacja sklep
@anonymized_account @anonymized_account @anonymized_account I przestaje ci smakować padlina😀😀😀😀,0,95,8,przestawać smakować padlina 😀 😀 😀 😀
@anonymized_account @anonymized_account @anonymized_account Krzyż celtycki w Irlandii debilu ma kompletnie inne znaczenie niż u neofaszystów.,0,141,15,krzyż celtycki irlandia debil kompletnie znaczenie neofaszyst
"@anonymized_account @anonymized_account Miałam, ale to był krótki romans bez większych uniesień. A skoro nie widzę różnicy, to po co przepłacać :)",0,146,21,mieć być krótki romans duży uniesienie skoro widzieć różnica przepłacać
@anonymized_account Dziękuję. Spróbuję jeszcze dodatkowo z kaparami. Ta wersja ma tu wielu zwolenników.,0,103,13,dziękować spróbować dodatkowo kapara wersja zwolennik
@anonymized_account Ja miałam 4 lata przerwy więc mocno wyczekane 😊,0,67,10,mieć być 4 rok przerwa mocno wyczekać 😊
RT @anonymized_account ktos mi pomoze z matma??? PROSZW,0,55,8,pomoze matma proszw
@anonymized_account @anonymized_account Będą zwalniać więc szczęśliwcy będą mieli bardzo dużo czasu dla rodziny :P,0,114,14,zwalniać szczęśliwiec mieć czas rodzina :p
@anonymized_account @anonymized_account @anonymized_account Chyba cię do reszty powaliło,0,88,8,chyba reszta powalić
@anonymized_account Kurwa wali konia do ty pieniedzy @anonymized_account ?,1,74,9,kurwa wać koń pieniedza
gdybyś tylko wiedział\njak bardzo\nzainspirowałeś mnie\ndo życia,0,64,6,gdybyś wiedział\njak bardzo\nzainspirowałeś mnie\ndo życie
@anonymized_account Matko! Dzień bez Ciebie na tt to dzień stracony😁😁😁. Napisał bym więcej ale mi nie wypada na ogólnym😁😁😁😁,0,123,19,matko dzień tt dzień stracić 😁 😁 😁 napisać wypadać ogólny 😁 😁 😁 😁
"@anonymized_account @anonymized_account A do którego przeciwnika, jak miał dwóch?",0,81,9,przeciwnik dwa
"To co powinni teraz zrobić, to wesprzeć finansowo weteranów #PW1944 i rozkręcić jakąś solidną, nowoczesną akcję edu dla młodzieży. #TIGER",0,137,20,zrobić wesprzeć finansowo weteran pw1944 rozkręcić jakiś solidny nowoczesny akcja edua młodzież tiger
"@anonymized_account O, myślałam, że nikt już nie używa \""mnie\"" tylko \""mi\"".",0,77,11,"myśleć być nikt używać \""mnie\ \""mi\"
@anonymized_account Zelek a ty ligi plus ekstra nieogladasz?  tylko siatkówkę?  Ja też dzisiaj wybrałem ta opcje,0,112,16,zelka liga plus ekstra nieogladasz siatkówka wybrać być opcja
@anonymized_account @anonymized_account @anonymized_account Tak to jest jak ktoś nie wie do którego lekarza iść najpierw.,0,121,15,lekarz iść najpierw
RT @anonymized_account GŁOS LIAMA JEST PRZEPIĘKNY,0,49,6,głos liam przepiękny
"@anonymized_account @anonymized_account @anonymized_account Trójca święta: tommi, pawłowski i bielak 😂",0,102,10,trójca święto tommi pawłowski bielak 😂
❤️ Gintrowski do wierszy Herberta [*]\n\nhttps://t.co/0q4pYAqHLZ,0,64,6,❤ ️ gintrowski wiersz Herberta \n\nhttps://t.co/0q4pyaqhlz
"@anonymized_account Jezu, myślałam ze jakieś ccc czy coś :( tez bym chciała ale mam kurtkę bordowa wiec nie wiem czy to dobry pomysł xd",0,135,24,jezu myśleć być jakiś ccc teza chcieć kurtka bordowy wiec wiedzieć dobry pomysł xd
@anonymized_account jest moc. Dziękuję i wzajemnie 😉,0,52,7,moc dziękować wzajemnie 😉
@anonymized_account to w końcu chciałaś ten mecz oglądać czy zostałaś do tego zmuszona ?:P,0,90,14,koniec chciać być mecz oglądać zostać być zmuszć :p
@anonymized_account Spoko. Twoja sprawa. Również pozdrawiam.,0,60,6,spoko sprawa pozdrawiać
@anonymized_account Mogę ci wysłać zdjęcie na dm jak chcesz,0,59,9,móc wysłać zdjęcie dm chcieć
Już się z tata kłócę o auto XD,0,30,8,tat kłócić auto xd
@anonymized_account @anonymized_account Skoro nie potrafią sobie z takim czymś poradzić to bardzo dobrze że rezygnują,0,117,15,skoro potrafić taki coś poradzić rezygnować
"1:20.119. Najlepszy czas Williamsa. W głowach Sirotkina i Strolla zakłopotanie, a Lowe już szykuje argumenty. #Kubica",0,117,16,1:20 119 dobry czas williamsa głowa sirotkin strolla zakłopotanie lowy szykować argument kubica
"@anonymized_account @anonymized_account @anonymized_account @anonymized_account @anonymized_account Misiek jest na niekończącej się wojnie światów, nauki i Miśka",0,161,15,misieka niekończącej wojna świat nauka miśko
Dzieci do szkoły odwiezione? \nhttps://t.co/ByrZhHRwxe,0,54,5,dziecko szkoła odwiezione \nhttps://t.co byrzhhrwxe
"Widzę to:\n\""- Ile chcecie za Kante?\n- 100 milionów.\n- A jakbyśmy oddali wam Andre Gomesa?\n- 120 milionów\""",0,110,16,"widzieć to:\n\"" chcecie kante?\n 100 milionów.\n jakby być oddać andre gomesa?\n 120 milionów\"
@anonymized_account Ronaldo grał od 1 min czy na rezerwie?,0,58,9,ronaldo grać 1 minuta rezerw
"@anonymized_account @anonymized_account No to za Peszkę mógłby być, jako numer 20 w kadrze.",0,91,13,peszka móc by numer 20 kadr
@anonymized_account @anonymized_account @anonymized_account Delegatów i obserwatorów też już podali?,0,100,9,delegat obserwatór podać
@anonymized_account Lub kibiców w Gliwicach 😜,0,45,6,kibic gliwicach 😜
@anonymized_account 😉 A jakoś się potoczyła dalej ta kariera?,0,61,9,😉 potoczyć daleko karier
"Z tej informacji wynika, że Vadisa w dwumeczu z Jagiellonią nie będzie. \nhttps://t.co/HIXDigMeJN",0,97,13,informacja wynikać vadisa dwumecz jagiellonia \nhttps://t.co hixdigmejn
@anonymized_account a moim zdaniem na leczenie już za późno...,0,62,9,zdanie leczenie późno
"@anonymized_account @anonymized_account @anonymized_account @anonymized_account ,publicznie się chwali że chodził do burdelu za swoje pieniądze. Kozak",0,150,15,publicznie chwalić chodzić burdel pieniądz kozak
"@anonymized_account @anonymized_account No właśnie ten \""fenomen socjologiczny\"" dużo zrobił. Poza tym to dla mnie pierwszy wielki idol :)",0,138,18,"\""fenomen socjologiczny\ zrobić pierwszy wielki idol"
"@anonymized_account @anonymized_account Ja zwykle,Twoje życie musi być puste, że nie przychodzi Ci nic lepszego na myśl?",0,120,16,zwykle życie pusty przychodzić dobry myśl
@anonymized_account tylko wtedy może być argumentem.Chyba że mu każą po schodach cały czas biegać @anonymized_account @anonymized_account @anonymized_account @anonymized_account,0,177,18,argumentem.chyba każ schody czas biegać
"Ale że jak rocznik 00 ma teraz osiemnastki, ale stara jestem XD",0,63,12,rocznik 00 osiemnastka stary xd
@anonymized_account @anonymized_account @anonymized_account przebije bo mamy więcej strzelonych!,0,96,8,przebić strzelony
"Jak przeżyć te czasy populizmu, tępoty, klamstw, propagandy, wsteczniactwa, cywilizacyjnego upadku?",0,99,11,przeżyć czas populizm tępot klamstwo propaganda wsteczniactwo cywilizacyjny upadek
"Trochę głupio o 13:00 siedzieć w piżamie, pomyślałam, dlatego poszłam się położyć.",0,82,12,trochę głupio 13:00 siedzieć piżam pomyśleć być poszłam położyć
@anonymized_account @anonymized_account @anonymized_account to jednak król czy pinokio ?,0,88,9,król pinokio
No i brawo. Jutro set daje awans i zwycięstwo w grupie. Przy 0:3 liczą się małe punkty.,0,87,17,brawo jutro set dawać awans zwycięstwo grupa 0:3 liczyć mały punkt
@anonymized_account @anonymized_account wiem że nie ta pozycja.Napisałem ktoś pokroju Katki a nie że Katka.,0,107,14,wiedzieć pozycja.napisałem pokrój katka katka
"@anonymized_account Nigdzie nie mówiłam, że będą tylko złe 😉",0,60,9,nigdzie mówić być zły 😉
@anonymized_account a po co ktoś miałby dziś o nim pisać ? Coś zrobił ? Kupe ?,0,78,16,mieć by pisać zrobić kupe
Niepalenie to bardzo uciążliwa czynność.\n#7dzień😜,0,50,5,niepalenie uciążliwy czynność.\n#7dzień 😜
@anonymized_account @anonymized_account Są i to od dawna. Ilość ich wzrosła po wprowadzeniu 500+,0,96,13,dawny ilość wzrosnąć wprowadzić 500 +
Elektorat PiS dziękuje za troskę.Ale da sobie radę bez pomocy @anonymized_account i GW😁😁😁,0,89,13,elektorat pis dziękować troskę.ale dać rada pomoc gw 😁 😁 😁
"@anonymized_account @anonymized_account Widzę, że należysz do tych kulturalnych. Tylko masz problem tym minimum.",0,112,13,widzieć należeć kulturalny mieć problem minimum
"RT @anonymized_account @anonymized_account @anonymized_account Koń by się uśmiał, TVN24 i TVN wolne media? Bardziej perfidnego łgarstwa nie słyszałem.. 🤔",0,153,19,koń uśmieć tvn24 tvn wolny media perfidny łgarstwo słyszeć być 🤔
"@anonymized_account Opiekunowie dzieci mają około 2300, opiekun opłacane składki emerytalne, zejdź na ziemię",0,108,13,opiekunowa dziecko 2300 opiekun opłacać składka emerytalny zejdź ziemia
"@anonymized_account Nie dociera, że Polacy was nie chcą? Proszę poszerzyć swój horyzont, wygląda, jakby patrzyła pani przez dziurkę od klucza.",0,142,20,docierać Polak chcieć prosić poszerzyć swój horyzont wyglądać patrzyć dziurka klucz
Kiedy Christina wychodzi za mąż,0,31,5,christina wychodzić mąż
@anonymized_account No to rzut karny i czerwona kartka.,0,55,8,rzut karny czerwony kartka
@anonymized_account Maciek niechcial iść do legi bo tam biją pilkarzow wiec został w złej Wiśle gdzie kibole żądza a nie biją 😊,0,127,22,Maciek niechcial iść legi bić pilkarzow wiec zły wisł kibół żądz bić 😊
"@anonymized_account Jak się pamięta mecze o 3. miejsce (zazwyczaj się nie pamięta, wiadomo), to w nich różnie z tym bywa :P",0,123,21,pamiętać mecz 3 miejsce zazwyczaj pamiętać wiadomo różnie bywać :p
"@anonymized_account @anonymized_account @anonymized_account @anonymized_account @anonymized_account Wywiad tylko utwierdza w przekonaniu, że to kretyn.",0,151,13,wywiad utwierdzać przekonanie kretyn
"@anonymized_account Jutro możemy szybko zapomnieć o bajce niemiecko-antyWiślackiej. Śpiewając po meczu \""Lidera mamy....\""",0,122,13,"jutro móc szybko zapomnieć bajce niemiecki antywiślacki śpiewać mecz \""liderać"
@anonymized_account Jeszcze w nastepnej kolejce pewnie jakis piątek,0,67,8,nastepny kolejka pewnie piątek
"@anonymized_account Ale slyszysz i wyczuwasz wibracje, mozesz zamknąć oczy nie  boj się",0,87,12,slyszyć wyczuwać wibracja mozesz zamknąć oko boj
@anonymized_account Powiedzmy bez niepotrzebnych ceregieli: na Bałucki 😁😀😀😀,0,75,8,powiedzmy niepotrzebny ceregiel bałucki 😁 😀 😀 😀
@anonymized_account nie widze w tym nic śmiesznego :D,0,53,8,widze śmieszny d
Zamiast dać się wyłapać podjęli jedyną słuszną w tamtych czasach decyzję.Walkę że śmiertelnym wrogiem jakim była Armia Czerwona. Chwała im!!,0,140,20,zamiast dać wyłapać podjąć jedyny słuszny tamten czas decyzję.walkę śmiertelny wróg jaki armia czerwony chwała
"@anonymized_account Na zimę zawsze tak pęcznieje, latem jest 3x mniejsza.",0,73,10,zima pęczniać lato 3x mały
@anonymized_account Twoja sprawa jak się bawisz,0,47,6,sprawa bawić
@anonymized_account Jestem za. W PiSie zostanie 10 osób.,0,56,8,pis zostać 10 osoba
"@anonymized_account Nie cpaj marszu, mózg się gotuje od wrażeń",1,62,9,cpaj marsz mózg gotować wrażenie
RT @anonymized_account Wczoraj wiedziałem jak zachowa się kolorowa dzicz. Pisałem o tym. Dzisiaj nawet nie komentuję.\nhttps://t.co/RvDxc2Vuyg,0,142,16,wczoraj wiedzieć być zachować kolorowy dzicz pisać być komentuję.\nhttps://t.co rvdxc2vuyg
"RT @anonymized_account @anonymized_account PiS to komuniści wspierający nazistów, ONR to naziści wspierający komunistów.",1,120,13,pis komunista wspierać nazista onr nazista wspierać komunista
@anonymized_account Bayern marnie patrząc ze grają w przewadze,0,62,8,bayerna marnie patrzeć grać przewaga
@anonymized_account Stara gwardia. Jakie miłe twarze😁😁,0,54,6,stary gwardia miły twarz 😁 😁
"\""Eärendil z Gondoliny był moim ojcem, matką Elwinga, córka Diora, a wnuczka Lúthien z Doriath. Zaś Elendil, Isildur i Anárion...\"". #tired",0,139,21,"\""eärendil gondolina ojciec matka elwinga córka dior wnuczka lúthno doriath elendil isildura anárion tired"
"potrzebuję zajebistego, koronkowego, czarnego stanika ok, dziękuję",0,66,7,potrzebować zajebisty koronkowy czarny stanik dziękować
Ale tu to chyba Linetty odpuścił chłopa i Pazdan sam z dwoma został.,0,68,13,chyba linetty odpuścić chłop pazdan dwa
@anonymized_account @anonymized_account Z tym tramwajem to nie dajcie się nabrać. Lepiej idźcie na autobus lub inny przystanek.,0,127,17,tramwaj dać nabrać dobrze idźcie autobus przystanek
@anonymized_account @anonymized_account nie gra bo jest Jovanović i Guilherme,0,77,9,grać jovanović guilherme
"@anonymized_account @anonymized_account Duchem wielki, ciałem mały, niech nam żyje prezes, niech nam żyje dobra władza",0,118,15,duch wielki ciało mały żyć prezes żyć dobry władza
@anonymized_account o Wisłe to Ty się nie martw :) w czwartek mecz też o 18:30 ?,0,80,16,wisłe martwić czwartek mecz 18:30
RT @anonymized_account #LGDGOR Po starciu kibiców Górnika i Stalówki jeden z kibiców KSG ranny w szyję. Niepotw. info: to rana postrzałowa po inter…,0,148,23,lgdgor starciu kibic górnik stalówka kibic ksg ranny szyja niepotw info rać postrzałowy inter
@anonymized_account @anonymized_account @anonymized_account you made my day. Uwielbiam panikę w obozie władzy. Jeszcze trochę i postacie się na żądło.,0,150,19,you made day uwielbiać panika obóz władza trochę postać żądło
@anonymized_account @anonymized_account @anonymized_account nie chodzi mi o dyktowane wpisy ale nie może Pan pisać niektórych rzeczy.Taka praca.,0,144,17,chodzić dyktować wpis pisać niektóry rzeczy.tak praca
"jutro mam wolne więc pójdę na jakieś zakupy ciuchowe, poważnie potrzebuje sweterka, sukienki i spodni",0,101,15,jutro wolny pójść jakiś zakup ciuchowy poważnie potrzebować sweterka sukienka spodnie
"RT @anonymized_account @anonymized_account Wiem ze są wakacje,ale to nie zwalnia Pani od odrobiny myślenia.Tylko ze to nie przyzwyczajonym szkodzi...",1,149,19,wiedzieć wakacje zwalnia odrobina myślenia.tylko przyzwyczajony szkodzi
".@anonymized_account \""Napisałbym gdzieś, że mi dobrze bez mediów społecznościowych, ale nie mam gdzie\"". \nKazał Was pozdrowić ;-)",0,131,17,"\""napisałbym media społecznościowy gdzie\ \nkazać pozdrowić"
@anonymized_account @anonymized_account Wziął babę do burdelu to mu wybiła z głowy burdel na całe życie ;-),0,107,16,wziąć baba burdel wybić głowa burdel cały życie
@anonymized_account Czyli bez karnetu nie można ?,0,49,7,karnet
"@anonymized_account Wrzucony filmik to fake. Tam nie ma ani jednego z zawodników, o których piszecie :)",0,103,16,wrzucyć filmik fake jeden zawodnik piszecie
RT @anonymized_account Tym hajlującym człowiekiem jest Piotr Wacowski wieloletni i zaufany operator TVN\nhttps://t.co/HUeDyaORgq,0,128,13,hajlujący człowiek Piotr wacowski wieloletni zaufać operator tvn\nhttps://t.co huedyaorgq
"Usiadły same bez ochrony, przeciwstawić się głupocie, ideologii, oplute, ciąganie i skazane.  gdzie my żyjemy",0,109,15,usiaść sam ochrona przeciwstawić głupota ideologia oplute ciągać skazany żyć
@anonymized_account Przecież Cię widze na instagramie i fejsie Agatka 😂😂,0,72,10,widza instagram fejs agatko 😂 😂
@anonymized_account Uwielbiam Pani Dziadka. Serdecznie pozdrawiam.,0,66,6,uwielbiać dziadek serdecznie pozdrawiać
Niektóre pary są do siebie strasznie podobne 😳,0,46,8,niektóry para siebie strasznie podobny 😳
@anonymized_account Tak czy siak trzymam kciuki za Victorię. Obyśmy w końcu poszli w jej ślady 😜,0,96,16,siak trzymać kciuk victoria obyśmy koniec pojść ślad 😜
@anonymized_account I to ma być niezależny sędzia.,0,50,7,niezależny sędzia
Wyrabiał ktoś z was książeczkę sanepidowska? #rt #tweetme,0,57,8,wyrabieć książeczka sanepidowski tweetme
RT @anonymized_account Podobno ślina Krystyny Pawłowicz ma być przechowywana w Światowym Banku Nasion w Svalbard.\nJak wzór genetyczny czysteg…,1,143,18,podobno ślina krystyny pawłowicz przechowywać światowy bank nasiono svalbard.\njak wzór genetyczny czysteg
@anonymized_account @anonymized_account @anonymized_account @anonymized_account No to który punkt regulaminu został złamany ?,0,125,12,punkt regulamin złamać
"Pasowało by wreszcie przestać lizać się po jajach , podniecać ilością transferów i zwrócić uwagę na styl i wyniki bo jakaś świnia nas jebie",0,139,24,pasować wreszcie przestać lizać jaj podniecać ilość transfer zwrócić uwaga styl wynik świnia jebi
"@anonymized_account podziwiasz bo nie wiesz co to znaczy być z klubem na dobre i na złe.Łatwiej \""kibicować\"" Barcelonie.",0,121,18,"podziwiać wiedzieć znaczyć klub dobry złe.łatwi \""kibicować\ barcelonie"
"RT @anonymized_account @anonymized_account Jak tusk kradł moje pieniądze z ofe, wciskając, iż nie są to pieniądze Polaków, to nie słyszałem sprzeciwu",0,149,21,Tusk krąść pieniądz ofea wciskać pieniądz polak słyszeć być sprzeciw
@anonymized_account jeszcze lepsza ? Chyba że chodzi o wynik bo poziom meczu jest strasznie słaby,0,97,15,dobry chyba chodzić wynik poziom mecz strasznie słaby
@anonymized_account Czyżby Madryt brał przykład z Warszawy?,0,59,7,czyżby madryt brać przykład warszawa
RT @anonymized_account 14 procent! Schetyna będzie miał ciężki weekend\nhttps://t.co/U9NPmF4G1h,0,95,9,14 procent schetyna ciężki weekend\nhttps://t.co u9npmf4g1h
"Szkoda. Remis był blisko, ale tym razem to rywale skuteczniejsi. Nie składamy broni, powalczymy jak zawsze 👊",0,108,17,szkoda remis blisko raz rywal skuteczniejsi składać broń powalczyć 👊
Czemu wszystko w moim życiu jest takie beznadziejne,0,51,8,życie beznadziejny
@anonymized_account oczywiście że wyssany z palca.Kmiecikowi nie trafiło się jeszcze żadne info o Wiśle.,0,104,14,oczywiście wyssać palca.kmiecikowi trafić info wiśle
Lekarz się dziwił jak mogę funkcjonować z taka anemią,0,53,9,lekarz dziwić móc funkcjonować anemia
"@anonymized_account @anonymized_account Moze się mylić, byle w dobrą stronę 😀",0,77,10,mylić byle dobry strona 😀
"@anonymized_account @anonymized_account Nikt nikomu nie zabrania i nie zabraniał krytykować. Są jednak granice wszystkiego, a te były przekraczane.",0,147,18,nikt nikt zabraniać zabraniać krytykować granica wszystko przekraczać
@anonymized_account @anonymized_account Jak to co ? Maczety w dłoń i do walki! 😂,0,80,13,maczeta dłoń walka 😂
@anonymized_account @anonymized_account @anonymized_account @anonymized_account @anonymized_account Jak ci nie pasuje to nie przyjeżdżaj,0,136,12,pasować przyjeżdżaj
"A w rozmowie z panią Gersdorf MO dziś się jąka i jakaś taka inna.Nie napastliwa, jakaś wyciszona.",0,97,17,rozmowa pani gersdorf mo jąki inna.nie napastliew wyciszyć
Teraz słucham  macie na czym słuchać? Blaze away i  koncert z NOSPR Miuosh Smolik,0,81,14,słuchać mieć co słuchać blaze awaya koncert nospr Miuosh smolik
P chciał mi załatwić prace im overwhelmed,0,41,7,pan chcieć załatwić praca overwhelmed
@anonymized_account I tak wszystko wina Stuhra i TVN,0,52,8,wino stuhra tvn
@anonymized_account @anonymized_account Dla Pana @anonymized_account to nie istotne. On wszystko połączy z Tuskiem. Dla niego to nie problem.,0,141,18,istotny połączyć tusk problem
Mój pan od anielskiego tez jest z lubuskiego!!!,0,47,8,anielskiy teza lubuski
@anonymized_account @anonymized_account 8 klasa? To reforma już weszła? :-),0,75,9,8 klasa reforma wejść
@anonymized_account Kostala też nie ma :(,0,41,6,kostal
"Kuzynka dała mi unfollow na instagramie, o ty zła kobieto",0,57,10,kuzynka dać unfollow instagrama zły kobieto
@anonymized_account Dobra zmiana działa i są efekty,0,51,7,dobry zmiana działać efekt
#NAME?,0,6,1,nam
@anonymized_account Zostawiaj! I praktyczniejsze niż klasyczne rude :),0,70,8,zostawiaj praktyczniejsze klasyczny rudy
Coraz mniejszy uśmiech u Pana Czaputowicza,0,42,6,mniejszy uśmiech czaputowicz
Karma. Za mecz z Polską.,0,24,5,karma mecz polska
"@anonymized_account Ze złością, acha, cha cha, ale ci w mózg wypaliło",1,69,11,złość achać chać Cha mózg wypalić
@anonymized_account @anonymized_account U mnie podobnie było.Teraz ok😁,0,70,7,podobnie było.teraz 😁
"@anonymized_account Kiedyś miałem 180 tyś, skasowałem i spadło do 317 , także się zastanów",0,90,14,kiedyś mieć być 180 tyś skasować być spaść 317 zastan
@anonymized_account @anonymized_account ta 400 tys euro.Nie wierz we wszystko co ci mówią.,0,90,12,400 euro.nie wierz mówić
@anonymized_account @anonymized_account Też jesteście z @anonymized_account w fc bo po każdej interwencji mi zwracacie uwage żebym nie zapomniał klaskać :P,0,155,20,jesteście fc każdy interwencja zwracacie uwage żeby być zapomnieć klaskać :p
"Strasznie miłe kiedy się wraca do domu,  zmęczonym pada na łóżko i zanim głowa dotknie poduszki, pies i kot już się na Ciebie gramolą. 🐕🐱 ❤",0,139,26,strasznie miły wracać dom zmęczony padać łóżko zanim głowa dotkć poduszek pies kot gramolyć 🐕 🐱 ❤
@anonymized_account @anonymized_account mamy młodego wychowanka który się dobrze spisywał ale Wdowczyk chce być mądrzejszy od wszystkich,0,136,16,młody wychowanek spisywać wdowczyk mądrzejszy
@anonymized_account „ich opinii na temat moralnej kondycji matki sprawcy” 😉,0,75,10,opinia temat moralny kondycja matka sprawca 😉
@anonymized_account to teraz pytanie czy Magiera robi odprawy po polsku i angielsku ?,0,85,13,pytanie magiera robić odprawa polski angielski
@anonymized_account Znowu nie wziąłeś pigułek i ci jebie...,1,59,8,wziąć być pigułka jebie
"@anonymized_account @anonymized_account No udało się. 2 lata przygotowań, wydane miliony. Światło się świeci a flaga wisi. Gratulacje!",0,134,17,udać 2 rok przygotowanie wydać milion światło świecić flaga wisieć gratulacja
@anonymized_account Wasz nowy nabytek ? :),0,42,6,nowy nabytek
@anonymized_account a Leśnodorski wstał i zaczął klaskać...,0,59,7,leśnodorski wstać zacząć klaskać
"@anonymized_account @anonymized_account Bonkowski, udział Wąsika i kolegów w aferze reprywatyzacyjnej",0,101,10,bonkowski udział wąsik kolega afer reprywatyzacyjny
"@anonymized_account Myślisz, że któryś z sędziów, których nie było w 1/8 i nie ma w 1/4, jeszcze coś dostanie?",0,110,19,myśleć któryś sędzia 1/8 1/4 dostać
"@anonymized_account Rodakom? Którym? Tym \""bolszewikom\""? Oj zabolały Rodaków Pańskie słowa. Nie tak to powinno wyglądać.",0,121,15,"rodak \""bolszewikom\ oj zabolać rodak pański słowo wyglądać"
"@anonymized_account Mów, że to sztuka nowoczesna, a jak się komuś nie podoba, to znaczy, że się nie zna.",0,104,18,mówić sztuka nowoczesny ktoś podobać znaczyć znać
"@anonymized_account @anonymized_account Jeśli @anonymized_account prowadzi Kawę to już nie kawa,to Lura☹️☹️☹️☹️☹️",0,113,11,prowadzić kawa kawa lura ☹ ️ ☹ ️ ☹ ️ ☹ ️ ☹ ️
@anonymized_account o jakiej grupie ludzi mówisz ? Tacy co tak narzekają to przychodzą tylko na Lecha i Legie,0,109,18,jaki grupa człowiek mówić taki narzekać przychodzić lecha legia
@anonymized_account @anonymized_account Dusić do ostatniego oddechu. Brawo. Gratuluję.,1,86,8,dusić ostatni oddech brawo gratulować
@anonymized_account @anonymized_account @anonymized_account @anonymized_account @anonymized_account co ma Dolha do tego ? Nie było żadnej sprawy o taki kontrakt,0,160,18,dolha żaden sprawa kontrakt
@anonymized_account Obronił wczoraj sam na sam.,0,47,6,obronić wczoraj
"@anonymized_account @anonymized_account Pisze się \""napiętego grafiku\"" nieuku",0,78,7,"pisać \""napięty grafiku\ nieuk"
"@anonymized_account Dziadek się wycwanił. Kupił lekką deseczkę, na której układa. Jak trzeba przenosi ją ze stołu do innego pokoju ;-)",0,134,20,dziadek wycwanić kupić lekki deseczka układać przenosić stół inny pokój
@anonymized_account ciekawe czy jeszcze dużo ludzi się złapie na nieudolnego dziennikarza który publikuje zmyślone listy,0,120,15,ciekawy człowiek złapać nieudolny dziennikarz publikować zmyślone list
Dobra idę jutro odebrać prawko w końcu,0,38,7,dobry iść jutro odebrać prawko koniec
"@anonymized_account To wszędzie najzdolniejsi idą wyzej. MOSP, Łomża czy Wigry chetnie zagrają.",0,95,12,wszędzie najzdolniejszy iść wyzy mosp łomża wigra chetnie zagrać
@anonymized_account W sumie u mnie tez 😬😂,0,41,7,suma tez 😬 😂
RT @anonymized_account And the #OperaAwards2018 Director of the Year is...\n\nMariusz Trelinski!,0,96,11,and the operaawards2018 director of the year is \n\nmariusz trelinski
"RT @anonymized_account Okrzyknięty przez kolegów z partii i sąsiada debilem,wmawia innym choroby psychiczne.#Woronicza17",0,120,13,okrzykniąć kolega partia sąsiad debil wmawiać inny choroba psychiczne.#woronicza17
@anonymized_account @anonymized_account to jest sport.Przynajmniej zagracie o medale a Wisła co ? Nie ma jej,0,108,15,sport.przynajmniej zagracie medal wisnąć
"@anonymized_account Niestety obrazki będą też zielone, czarne i brunatne.",0,73,9,niestety obrazek zielony czarny brunatny
@anonymized_account @anonymized_account Nazwisko tego babska😁😁😁😁. Bo Wczoraj był na MO😁😁😀,0,89,10,nazwisko babsko 😁 😁 😁 😁 wczoraj mo 😁 😁 😀
RT @anonymized_account @anonymized_account @anonymized_account Zostaliście dziś zmiażdżeni 😂😂😂\nPiS wyrwał wam aortę na żywca.,0,126,13,zostaliście zmiażdżyć 😂 😂 😂 \npis wyrwać aorta żywca
@anonymized_account będzie zmiana godziny niedzielnego meczu ze względu na mecz piłkarzy ?,0,90,12,zmiana godzina niedzielny mecz wzgląd mecz piłkarz
@anonymized_account @anonymized_account mój to chyba Mistrz_Pawlak ale głowy sobie nie dam uciąć a nie mam teraz czasu sprawdzić :),0,131,19,chyba mistrz_pawlak głowa dać uciąć czas sprawdzić
Dajcie mi link do carpool karaoke z Ari,0,39,8,dać linkć carpool karaoke ari
@anonymized_account O kurcze a co tam,0,37,6,kurcze
"@anonymized_account @anonymized_account tyle że my nic z tego nie mamy, Niemcy policzyli wszytko wraca do nich",0,110,16,tyle niemiec policzyć wszytko wracać
@anonymized_account i jak kogo macie obok?,0,42,6,kto mieć
@anonymized_account Głupi gnój nie wie że to się nie sprawdza.Ale za to wróci do niego. @anonymized_account 👍👍👍👍👍,1,113,17,głupi gnój sprawdza.ala wrócić 👍 👍 👍 👍 👍
"@anonymized_account Z wypadku zrobiono morderstwo, z morderstwa zrobiono kult, z kultu zrobiono religię",0,103,13,wypadek zrobić morderstwo morderstwo zrobić kult kult zrobić religia
@anonymized_account od kilku lat tak mówicie,0,44,6,rok mówicie
@anonymized_account I słusznie.  Zakompleksieni malkontenci nie muszą oglądać😁😀😀,1,80,8,słusznie zakompleksiony malkontent musieć oglądać 😁 😀 😀
"Jezus kocha pedofili, nekrofili a nawet @anonymized_account",1,59,7,jezus kochać pedofić nekrofić
"dobrze ze nigdy nie wydalam pieniędzy na te zjebane legginsy galaxy, w krzyze, dropsy, pączki itd XD",0,100,17,wydalać pieniądz zjebać leggins galaxy krzyze dropsy pączek i tak dalej xd
@anonymized_account @anonymized_account Ty masz zaległości w rozwoju mózgu,1,74,8,mieć zaległość rozwój mózg
@anonymized_account Prosimy o więcej szczegółów :),0,50,6,prosić szczegół
@anonymized_account Ja też nazywam. I jeszcze nacjonalistyczną hołotą niegodną tego miejsca.,1,92,11,nazywać nacjonalistyczny hołota niegodny miejsce
"@anonymized_account Tez tak zrobię i tak muszę iść do biura karier po papierki na praktyki, dzięki ✌🏻✌🏻",0,103,17,tez zrobić musieć iść biuro karier papierka praktyka dzięki ✌ 🏻 ✌ 🏻
@anonymized_account Co chcesz przez to powiedzieć?,0,50,6,chcieć powiedzieć
@anonymized_account A co mieli grać w szachy na treningach sztuk walki ?,0,72,12,mieć grać szachy trening sztuka walka
"@anonymized_account @anonymized_account W sumie to nie jest jedyne zdjęcie na którym widać, że coś je łączy",0,107,16,suma jedyny zdjęcie widać łączyć
@anonymized_account @anonymized_account @anonymized_account musi tak mówić bo inaczej zostałby bez pracy :),0,107,12,mówić inaczej zostać by praca
Kto w dłuższej perspektywie bardziej przyczynia się do poprawy sytuacji w kraju?,0,80,12,długi perspektywa przyczyniać poprawa sytuacja kraj
"Gnojowicą,  tego nie da się zmyć",0,32,6,gnojowica dać zmyć
@anonymized_account @anonymized_account Alves był bardzo w stylu Guardioli 😛,0,76,9,alves styl guardiola 😛
@anonymized_account @anonymized_account Are you human or computer? You know only that stupid frase?,0,99,13,are you human or computera you know only that stupid frase
RT @anonymized_account @anonymized_account Taki sam niemiecki baran ja ty😆😆😆,1,76,9,niemiecki baran 😆 😆 😆
"@anonymized_account @anonymized_account Lepiej niech się ksiądz zajmuje swoimi kolegami, tymi, których komuna i SB przygarnęła.",0,127,15,dobrze ksiądz zajmować swój kolega ten komunaa sb przygarnąć
@anonymized_account @anonymized_account Brakuje w tej wyliczance najważniejszego - Grzegorza Mielcarskiego :),0,109,11,brakować wyliczanka najważniejszy grzegorz mielcarskiy
THIS IS WHY I LOVE THE INTERNET 😂😂😂\n\nhttps://t.co/obxKCqhOwH,0,62,8,this is why love the Internet 😂 😂 😂 \n\nhttps://t.co obxkcqhowh
@anonymized_account Gospodarz ponosi winę za normy stadionu wiec skoro jednych honorujemy za skrojenie flagi to wszystkich trzeba ;-),0,133,18,gospodarz ponosić wina norma stadion wiec skoro jeden honorujem skrojenie flaga
@anonymized_account cieszy mnie każda porażka Bourges od kiedy nie chciało im się przylecieć na czas do Krakowa,0,111,17,cieszyć każdy porażka bourges chcieć przylecieć czas kraków
ALE ZAJEBIŚCIE BO JAK ZROBIĘ PREZENTACJĘ WYJEBANĄ W KOSMOS TO NIE BĘDĘ MUSIAŁA ZDAWAĆ EGZAMINU USTNEGO NA MEDIACH WSPÓŁCZESNYCH LOVE,0,132,20,zajebiść zrobić prezentacja wyjebać kosmos musieć zdawać egzamin ustny media współczesny lovee
"@anonymized_account nie masz wyjścia, trzeba zapierdalać",0,56,6,mieć wyjście zapierdalać
"@anonymized_account Jesteś dzielny, do przodu, tylko sie nie rozpij, jestes pelnowartościowym obywatelem",0,104,12,być dzielny przód rozpij jestes pelnowartościowy obywatel
nina ok jakie piękne imię,0,25,5,nina piękny imię
@anonymized_account Jasne. A Szyszko wydaje zezwolenia,0,54,6,jasny szyszko wydawać zezwolenie
"Krotko i na temat🖒\n\nWojciech Sumliński zatrzymany na lotnisku w Londynie. \""Policja pyta o ekstremistyczne poglądy\""\n\nhttps://t.co/gfZ3U8lyqT",0,145,15,"krotko temat 🖒 \n\nwojciech sumliński zatrzymać lotnisko Londyn \""policja pytać ekstremistyczny poglądy\""\n\nhttps://t.co gfz3u8lyqt"
Ja pierdole dawno nie widziałem takiego gówna,0,45,7,pierdole dawno widzieć być taki gówno
@anonymized_account Abonament to sobie jakiś wybiorę :) O telefon mi chodzi głównie.,0,84,12,abonament wybrać telefon chodzić głównie
"De Burgos Bengoetxea to sędzia, który wyrzucił Cristiano Ronaldo w Superpucharze z Barceloną, po czym ten musiał pauzować 5 (?) meczów.",0,135,21,de burgos bengoetxea sędzia wyrzucić cristiać ronaldo superpuchara barcelony co musieć pauzować 5 mecz
RT @anonymized_account kasa rządzi światem i wpływy a przydzielenie Rosji organizacji mundialu to dobitny na to przykład ! #bezRetuszu,0,134,19,kasa rządzić świat wpływy przydzielenie rosja organizacja mundial dobitny przykład bezretusz
RT @anonymized_account „Ta aktorka ma 20 lat?!?! Jaka stara!!” \n\nChyba musimy się już do grobu pakować roczniku 98 😂👌🏻,0,120,19,aktorka 20 rok jaki stary \n\nchyba musieć grób pakować rocznik 98 😂 👌 🏻
"@anonymized_account Nie gonimy, bo niewiele wychodzi. Odkrycie się już teraz to byłoby samobójstwo.",0,99,13,gonić niewiele wychodzić odkrycie być by samobójstwo
"@anonymized_account @anonymized_account Mentalnościowo murzyn do kwadratu, dlatego taki czarny",1,94,9,mentalnościowo murzyn kwadrat czarny
@anonymized_account @anonymized_account @anonymized_account Jak narazie to masz przywidzenia co nie zmienia faktu że cały czas jesteś idiotą.,1,141,17,narazie mieć przywidzenie zmieniać fakt czas być idiota
"RT @anonymized_account @anonymized_account Ta rozwalił,  to pozostałości po tej patologi PO",0,91,11,rozwalić pozostałość patologa
"@anonymized_account Widzę, że wróciłeś uduchowiony po procesji, natchniony prawdą i chrześcijańską miłością bliźniego.",0,118,13,widzieć wrócić być uduchowiić procesja natchnić prawda chrześcijański miłość bliźni
@anonymized_account @anonymized_account Pewnie skończy sie na biszkoptach które wcinałaś na meczu :D,0,100,12,pewnie skończyć biszkopta wcinać być mecz d
Kurw to wina dobrej zmiany,0,26,5,kurw wina dobry zmiana
"@anonymized_account Nie tłumacz, nie tłumacz. Dostaliście w dupę i tyle.",0,72,10,tłumacz tłumacz dostaliśt dupa tyle
@anonymized_account przegonił tak wyraźnie jak Celtic swoich przeciwników w lidze szkockiej,0,91,11,przegonić wyraźnie celtic swój przeciwnik liga szkocki
@anonymized_account @anonymized_account A może brodaty z KOD to żyd?,0,68,9,brodata kod żyd
"\""Malowany ptak\"". Dawno nie czytałam czegoś z takim stężeniem okrucieństwa na 1000 znaków. \""Gra o tron\"" to przy tym przebieżka z procą. Brrr😧",0,144,23,"\""malować ptak\ dawno czytać być coś taki stężeć okrucieństwo 1000 znak \""grać tron\ przebieżka proc brrr 😧"
@anonymized_account Skandal! @anonymized_account porywa dzieci! Cała Polska widziała!,0,85,8,skandal porywać dziecko Polska widzieć
@anonymized_account jakby się okazało że nie mają dużo kasy to chociaż jest szansa na normalnie zarządzany klub.Z Cupiałem było to niemożliwe.,0,142,21,okazać kasa chociaż szansa normalnie zarządzać klub.z cupiać być niemożliwy
Punkt do lidera po tej kolejce.,0,31,6,punkt lider kolejka
@anonymized_account WISŁA KRAKÓW !!🔝🏆💪 brawo za dzisiejszy mecz :),0,66,9,wisła kraków 🔝 🏆 💪 brawo dzisiejszy mecz
"@anonymized_account \""CR7 przynajmniej realnie coś bolało\"" 😂😂😂 Chyba duma, że sędzia nie dał się na to nabrać 😂😂😂",0,114,18,"\""cr7 przynajmniej realnie bolało\ 😂 😂 😂 chyba duma sędzia dać nabrać 😂 😂 😂"
@anonymized_account Co to za marsz zjechali sie z calej Polski bylo ich tylko piec tysiecy,0,90,15,marsz zjechać caleko polski piec tysiecy
@anonymized_account Szukamy chętnych xd tylko nie wiem co Twój rachunek za telefon na to XD,0,91,15,szukać chętny xd wiedzieć rachunek telefon xd
@anonymized_account nieobrobiony. Na youtube będzie jutro.,0,58,6,nieobrobiić youtube jutro
@anonymized_account no to już problem firm bukmacherskich że robią takie idiotyczne zakłady,0,91,12,problem firma bukmacherski robić idiotyczny zakład
"@anonymized_account Chorwaci przerżną w końcówce dogrywki, wiadomo.",0,67,7,chorwata przerżny końcówka dogrywka wiadomo
@anonymized_account wśród tych wydarzeń był mecz Wisły czy tylko Katka z Agą były ?:),0,85,14,wydarzenie mecz wisły katka aga
@anonymized_account Tez tak zareagowałam X D,0,44,6,tóz zareagować być x d
nie czaje ludzi co jeżdżą do szkoły pociągiem mi by się nie chciało XD,0,70,14,czawać człowiek jeździć szkoła pociągiem chcieć xd
@anonymized_account A może wszystko zależy od tego dalszego ciągu...yyy ciągnięcia ....,0,87,11,zależeć dalszego ciąg yyy ciągnięcie
@anonymized_account polubił niedawno profil Wisły na fb.Wśród ulubionych ma też Legie :),0,88,12,polubić niedawno profil wisła fb.wśród ulubiony legi
@anonymized_account Nie no jak takie coś umie to pan piłkarz.,0,61,10,umieć piłkarz
"@anonymized_account @anonymized_account Kolejny przykład, że to radio dla gimbazy.",0,82,9,kolejny przykład radio gimbaz
@anonymized_account Spójrz na koszulki Parmy - możesz mieć solidną konkurencję 😜,0,80,11,spójrz koszulka parma móc mieć solidny konkurencja 😜
@anonymized_account @anonymized_account @anonymized_account @anonymized_account @anonymized_account znają i to dobrze.Za to niektórzy nie znają się na żartach.,0,159,16,znać dobrze.za niektóry znać żarto
Jak zdam prawko to będę błagać rodzine żeby mi się dołożyli do nissana k12 ten samochodzik jest taki mały i fajny xdq,0,117,22,zdać prawko błagać rodzine dołożyć nissać k12 samochodzik mały fajny xdq
"@anonymized_account @anonymized_account O! Paweł na TT, dzień dobry ;-)",0,71,9,paweł tt dzień dobry
@anonymized_account @anonymized_account no i jak tam humorek ? Będą 2 starty w pucharach a na liście już Szachtior i Skendija.100 % eurowpierdoli,0,145,22,humorek 2 starta puchara lista szachtior skendijać 100 eurowpierdola
Mama zamówiła mi na urodziny czekoladowego torta 😍,0,50,8,mama zamówić urodziny czekoladowy tort 😍
Jak można robić unf spree,0,25,5,robić unf spree
@anonymized_account @anonymized_account Żaluzje sobie palancie koszulkę SS i.idz na marsz nazioli.,1,98,11,żaluzja palancie koszulka ss i.idz marsz naziola
the rain będzie miało nowy sezon? po co XD,0,42,9,the rain mieć nowy sezon xd
RT @anonymized_account gdybyś tylko wiedział\njak bardzo\nzainspirowałeś mnie\ndo życia,0,87,8,gdybyś wiedział\njak bardzo\nzainspirowałeś mnie\ndo życie
@anonymized_account po wczorajszych wpisach wydaje mi się że nie będziesz chyba smutna z tego powodu :),0,103,16,wczorajszych wpise wydawać być chyba smutny powód
@anonymized_account @anonymized_account @anonymized_account @anonymized_account jeśli będzie 2-bramkowe lub wyższe zwycięstwo to kupie 5 biletów #12bohater #DerboweWyzwanie,0,172,16,2 bramkowy wysoki zwycięstwo kupa 5 bilet 12bohater derbowewyzwanie
Coś sobie sprawdzam. Scrollujcie dalej.,0,39,5,sprawdzać scrollujcie daleko
"@anonymized_account Cialem maly, wielki duchem jak prezes",0,57,7,cial maly wielki duch prezes
RT @anonymized_account @anonymized_account Borys Dupka i Lisek sami po 5 tysięcy egzemplarzy kupili dla statystyk😂,0,114,15,borys dupka lisek sam 5 tysiąc egzemplarz kupić statystyka 😂
@anonymized_account @anonymized_account No ja nie kojarze xD,0,60,7,kojara xd
miałam też się dzisiaj spotkać z Adą ale J przyjeżdza po mnie o 19:30 więc chyba bym się nie wyrobiła,0,101,20,mieć być spotkać ada j przyjeżdz 19:30 chyba wyrobić
"@anonymized_account Kto będzie pił te mleko, gdzie będą jeździły tiry, meble, okna ty maly kogucie",0,98,15,pić mleko jeździć tir mebel okno maly kogucie
Dobra wódka w środku tygodnia ma zapach urlopu na żądanie.,0,58,10,dobry wódka środek tydzień zapach urlop żądanie
".@anonymized_account Dwukrotnie zamówili szkła o złej wadzie, raz uszkodzili przy montażu. Czekam miesiąc. Zero poczucia winy. Odradzam.👎😡",0,138,17,dwukrotnie zamówić szkło zły wadza uszkodzić montaż czekać miesiąc zero poczucie wina odradzać 👎 😡
"@anonymized_account To jest ten moment, gdy zaczynamy poważny futbol, czyli Ekstraklasa i eliminacje europejskich pucharów 😎",0,124,16,moment zaczynać poważny futbol ekstraklasa eliminacja europejski puchar 😎
@anonymized_account @anonymized_account Jak narazie to śledczy tą panią się zajmują. Oby skutecznie.,0,100,12,narazie śledczy ten pani zajmować oby skutecznie
@anonymized_account Leczy kontuzjowanego Achillesa w Białymstoku.,0,65,6,leczyć kontuzjowany achilles białymstoku
"@anonymized_account @anonymized_account @anonymized_account @anonymized_account @anonymized_account @anonymized_account Chyba nie sądzisz, że to przypadek 😉",0,156,13,chyba sądzić przypadek 😉
"@anonymized_account Nie wiem nie wiem, po ile są? Co zostało?",0,61,10,wiedzieć wiedzieć zostać
@anonymized_account Masz faszystowskie zabędy. Oczekuję swastyki w profilowym,1,77,8,mieć faszystowski zabąd oczekywać swastyka profilowy
@anonymized_account Teraz niech pojedzie do Australii. Tam Aborygeni o niczym innym nie mówią tylko o łamaniu konstytucji w Polsce.,0,131,19,pojechać australia aborygić niczym inny mówić łamać konstytucja Polska
"@anonymized_account @anonymized_account @anonymized_account Mówi że jaka szczęka taka prezydentura i nie będzie mył, zjeb jeden",0,127,15,mówić jaki szczęka prezydentura mył zjeb
RT @anonymized_account jebać studia idę spać kurwa ja pierdole,0,62,9,jebać studia iść spać kurwa pierdola
w tym semestrze znowu będę mieć prawo,0,37,7,semestr mieć prawo
"Nowe chodnikowe powiedzonko brzmi:\n\nPierdolisz jak Morawiecki, realy.\n\n@anonymized_account @anonymized_account \n\nHybryda głupoty.",1,135,10,nowy chodnikowy powiedzonko brzmi:\n\npierdolić morawiecki realy.\n\n \n\nhybryda głupota
@anonymized_account Coś musze mieć zjebanego YouTube chyba bo niechula mi jaki wynik,0,84,12,musze mieć zjebanego youtuby chyba niechula wynik
"@anonymized_account Łukaszewicz, co Wy tam palicie?",0,51,6,łukaszewicz palicie
Danielle Campbell to moja girl crush,0,36,6,danielle campbell girl crush
@anonymized_account Jeszcze Ci trochę zostało do wystalkowania 😂,0,64,8,trochę zostać wystalkować 😂
"Co tu robić, zasmrodziła cały tt",0,32,6,robić zasmrodzić tt
@anonymized_account @anonymized_account A co się stało dla.nich w Katowicach? Kompletnie nic. Policja zatrzymała 9 osób - wyłącznie antyfaszystów.,0,146,18,stać dla.ni katowicach kompletnie policja zatrzymać 9 osoba wyłącznie antyfaszyst
Wczoraj wiedziałem jak zachowa się kolorowa dzicz. Pisałem o tym. Dzisiaj nawet nie komentuję.\nhttps://t.co/RvDxc2Vuyg,0,119,14,wczoraj wiedzieć być zachować kolorowy dzicz pisać być komentuję.\nhttps://t.co rvdxc2vuyg
Czuję fetorek. Czy to aby nie od konta @anonymized_account ?,0,60,10,czuć fetorek konto
RT @anonymized_account Pan Poseł Andruszkiewicz znowu masakruje lewaków i ubeków! Szanuję. #Woronicza17,1,103,12,poseł andruszkiewicz masakrować lewak ubek szanować woronicza17
"@anonymized_account @anonymized_account @anonymized_account @anonymized_account @anonymized_account nie ma lekarzy, nie ma sądów, nic nie ma ale  jest pisdzielstwo",1,163,17,lekarz sąd pisdzielstwo
"RT @anonymized_account @anonymized_account Jaki pracodawca, takie obowiązki. Cóż srebrniki kuszą. Wiesz li ty lisie co na końcu z Judaszem się stało?",0,149,21,pracodawca obowiązek cóż srebrnik kuszą wiedzieć li lisąć koniec judasz stać
@anonymized_account Ciekawe czy wpiszą do stenogramów 😆,0,55,7,ciekawy wpisić stenogram 😆
"@anonymized_account @anonymized_account Wyłącz mnie z tej dyskusji z faszyzującymi ultrasem yntylygentem rydzykowo-pisbolszewickiego i jego \""odbiorcow\"".",0,154,15,"wyłącz dyskusja faszyzujący ultras yntylygent rydzykowy pisbolszewickiy \""odbiorcow\"
"@anonymized_account @anonymized_account Przeczytaj, jakiego meczu to dotyczy.",0,77,7,przeczytać jakiy mecz dotyczyć
Chyba ze.... podłączę telefon przez bluetooth i będzie grać?? 🧐🧐,0,64,10,chyba podłączyć telefon bluetooth grać 🧐 🧐
@anonymized_account Przyjechałeś pajacu wyprowadzić kolejne miliony za granicę?,1,79,8,przyjechać być pajac wyprowadzić kolejny milion granica
@anonymized_account Wstępniak na 50 👍\nGazetka reklamowa.,0,57,6,wstępniak 50 👍 \ngazetka reklamowy
@anonymized_account @anonymized_account Jakie problemy z FB? Czyżby ścięło zasięg linków o mniej więcej 2/3? 😜,0,110,15,problem fb czyżby ściąć zasięg link mało 2/3 😜
RT @anonymized_account ja: *bierze rutinoscorbin*\nja: odporność na pełnej kurwie,0,81,9,brać rutinoscorbin*\nja odporność pełny kurwa
Coś się pali koło mojego domu,0,29,6,palić koło mój dom
@anonymized_account @anonymized_account Haha od razu do reprezentacji 😂,0,71,8,hahy raz reprezentacja 😂
"@anonymized_account @anonymized_account Wybaczcie, ale odłączam się od rozmowy, gdzie zły wynik tłumaczy się brakiem chęci. :)",0,126,16,wybaczcie odłączać rozmowa zły wynik tłumaczyć brak chęć
@anonymized_account ten hashtag można różnie interpretować :),0,61,7,hashtag różnie interpretować
@anonymized_account @anonymized_account obstawiam że nawet Gabovs jest wyżej od Bobana 😂,0,88,11,obstawiać gabovs wysoko boban 😂
"@anonymized_account Wszystkiego niemozna zrobić już, oby jego kariera szła w takim tempie jak po opuszczeniu Cracovii",0,117,16,wszystko niemozny zrobić oby karier iść taki tempo opuszczeć cracovia
@anonymized_account Hehehehehe.A pani@anonymized_account jak zwykle w gigantycznej formie intelektualnej😁😁,1,106,9,hehehehehe.a zwykle gigantyczny forma intelektualny 😁 😁
@anonymized_account @anonymized_account Sami sobie zgotowaliście ten los,0,72,7,sam zgotowaliście los
@anonymized_account Ale on to by z psami pływał 😁,0,49,9,pies pływać 😁
"Chcę już swój plan, chcę wiedzieć czy serio mam prawo i historię i erystykę noooooo",0,83,15,chcieć swój plan chcieć wiedzieć serio prawo historia erystyka noooooo
"Jak zauważył i podesłał mi Darek Gryko, Jagiellonia remisem w Kielcach ustanowiła nowy klubowy rekord meczów (8) bez porażki na wyjazdach.",0,138,21,zauważyć podesłać darek gryko jagielloć remis kielcach ustanowić nowy klubowy rekord mecz 8) porażka wyjazd
"@anonymized_account @anonymized_account @anonymized_account To jest moment, gdy należałoby spojrzeć, gdzie są Milik z Grosickim",0,127,14,moment należeć by spojrzeć milik grosicki
@anonymized_account @anonymized_account @anonymized_account a Portugalia jak zagrała ?,0,86,8,portugalia zagrać
Dzisiaj brat przyjeżdża z dziećmi na obiad wiec zrobię zupę pieczarkową a na drugie powiem tacie żeby kupił pierogi,0,115,19,brat przyjeżdżać dziecko obiad wiec zrobić zupa pieczarkowy drugi powiedzieć tata kupić pieroga
@anonymized_account To opublikuj ty załgana mendo pisowska. Łżesz jak całe twoje środowisko.,1,92,12,opublikuj załgać mendo pisowsko łżesz cały środowisko
@anonymized_account Weź bocie spierdalaj z mojego tajmlajnu,1,59,7,wziąć bot spierdalaj mój tajmlajnu
@anonymized_account @anonymized_account @anonymized_account tak tak bedzie frekwencja 5-6 tys bo na sr obrony w PP grał Czekaj z Kujawą + Buchalik...,0,149,21,frekwencja 5 6 sr obrona pp grać czekaj kujawa + buchalik
@anonymized_account jakbym jutro był to robimy foty 💪 haha :),0,61,10,jakby być jutro robić fota 💪 hahy
@anonymized_account coś się tam znajdzie ? W takim razie ja będę grzebał w śmietniku bo bede może ostatni wybierał :),0,117,20,znaleźć taki grzebać śmietnik ostatni wybierać
@anonymized_account 20017 ? :D no to najlepszego :D,0,51,8,20017 d dobry d
nie ma fal\nnie ma fal\nnie ma fal,0,34,7,fal\nnie fal\nnie fala
@anonymized_account @anonymized_account Wypad kłamco i oszuście z mojego miasta,1,79,9,wypada kłamco oszuść mój miasto
@anonymized_account Czy to jest  jednostk plywająca?,0,52,6,jednostk plywający
"RT @anonymized_account @anonymized_account aww 🤗 mam na imię agata, a Ty?paznokcie umalowałam na zwykły lakier przezroczysty",0,124,16,awwa 🤗 imię agate paznokcie umalować być zwykły lakier przezroczysty
@anonymized_account @anonymized_account a może po to żebyście pkt zdobywali ?,0,77,10,żebyśt punkt zdobywać
@anonymized_account @anonymized_account No to będzie wtedy walkower.,0,68,7,walkower
"@anonymized_account nie mogę przekopiować linka, coś się zacięło.",0,65,8,móc przekopiować linka zaciąć
@anonymized_account @anonymized_account @anonymized_account Fakt. Przecież drugiego takiego kreatyna w całej galaktyce nie ma,0,125,13,fakt drugi taki kreatyna cały galaktyka
Taka ciekawostka: Pamięć złotej rybki trwa zaledwie trzy sekundy. To by wiele tłumaczyło.,0,89,13,ciekawostka pamięć złoty rybka trwać zaledwie trzy sekunda tłumaczyć
Chyba słońce przygrzalo w Warszawie zabardzo,0,44,6,chyba słońce przygrzalo warszawa zabardzo
"@anonymized_account Co za jełop z tego typa, brak słów. Przemawia do idiotów ale jest ich coraz mniej.",1,102,17,jełop typa brak słowo przemawiać idiot mniej
@anonymized_account @anonymized_account Wg pisowskiej sprawiedliwości. A kto wam.wierzy bando złodziei i oszustów,1,113,12,według pisowski sprawiedliwość wam.wierzyć bando złodziej oszust
"@anonymized_account Asystentem? Jeśli chodzi Ci o to, że stoi przy linii i tylko czeka na to, co zrobi Messi, to ok.",0,116,21,asystent chodzić stać linia czekać zrobić messi
dostałam propozycję pracy ale ludzie chcą fakturę a ja nie mam działalności założonej,0,85,13,dostać być propozycja praca człowiek chcieć faktura działalność założyć
@anonymized_account Wislak Pawełek wam pomógł ;-),0,49,6,wislak pawełka pomóc
"@anonymized_account To pochowajcie ich tam razem, byle głęboko i raz na zawsze.",0,79,12,pochowajcie razem byle głęboko
@anonymized_account Czy tylko ja tego nie dostałam,0,50,7,dostać być
"Jest na Twitterze ktokolwiek, kto nie wrzucił tu alkoholowego żartu o Finlandii? #kreatywność",0,93,13,twitter wrzucić alkoholowy żart finlandia kreatywność
@anonymized_account @anonymized_account @anonymized_account Konkretnie! Jaką macie propozycję dla Tarnowa. Czekam na odpowiedź. Dzisiaj.,0,136,13,konkretnie jaki mieć propozycja tarnowy czekać odpowiedź
@anonymized_account Kiedyś była taka audycja Dobranocka dla dorosłych. Myślę że @anonymized_account znalazłby tam dla ciebie idealną posadę😁😁,0,141,17,kiedyś audycja dobranocki dorosły myśleć znalazć by idealny posada 😁 😁
@anonymized_account @anonymized_account @anonymized_account no skoro ty tak mówisz to na pewno tak będzie haha,0,110,14,skoro mówić pewno hahy
"Kiedy dostajesz 500+, jesteś szcześliwy, w końcu redystrybucja dochodu i jedziesz na upragnioną wycieczkę @anonymized_account",0,125,15,dostajesz 500 + być szcześliwy koniec redystrybucja dochód jedziesz upragniyć wycieczka
KURWA ŻEBY CHUSTECZEK HIGIENICZYCH W DOMU NIE BYŁO???,0,53,8,kurwa chusteczek higieniczy dom
RT @anonymized_account jeśli nie mogę wyglądać tak jak\n•perrie edwards\n•troian bellisario\nto what’s the point of existing?,0,125,15,móc wyglądać jak\n•perrie edwards\n•troian bellisario\nto what s the point of existing
@anonymized_account Chciałabym je kiedyś zobaczyć w oryginale na żywo.,0,70,9,chcieć by być kiedyś zobaczyć oryginał żywo
"@anonymized_account Oficjalne info o transmisji meczu Spartak - Legia pojawiło się w poniedziałek, czyli dzień przed meczem.",0,124,17,oficjalny info transmisja mecz spartak legia pojawić poniedziałek dzień mecz
@anonymized_account @anonymized_account Konkretnie ilu Ukraińców uzyskało w Polsce status uchodźcy w ostatnich dwóch latach?,0,124,14,konkretnie ile ukraińców uzyskać Polska status uchodźcya ostatni dwa rok
Moja odporność to takie dno totalne i chciałabym wreszcie przestać chorować co chwile,0,85,13,odporność dno totalny chcieć by być wreszcie przestać chorować chwila
"@anonymized_account Nie wiem, ale przecież ich nie połamią. Takie treningi tylko na plus im wyjdą i zmotywują do jeszcze cięższej pracy.",0,136,21,wiedzieć połamiyć trening plus wyjdą zmotywować cięższej praca
@anonymized_account Mam trochę innych znajomych ;-),0,51,6,trochę znajomy
@anonymized_account @anonymized_account @anonymized_account @anonymized_account @anonymized_account Kasa się skończyła i próbujesz się załapać na kontrakt na wierszówki ?,0,170,17,kasa skończyć próbujieć załapać kontrakt wierszówka
p o p y t a j c i e \nW i e m \nZ e \nT a m \nJ e s t e s c i e \nhttps://t.co/QLATAtPuaS,0,89,29,pan pan y t j c e \nw e metr \nza e \nt metr \nj e s t e s c e \nhttps://t.co qlatatpuas
"@anonymized_account @anonymized_account @anonymized_account Czapki z głów, zerwałeś się ze smyczy",0,97,10,czapka głowa zerwać być smycz
@anonymized_account @anonymized_account @anonymized_account @anonymized_account @anonymized_account Czasem spokojny czasem nie 😂,0,128,10,spokojny 😂
@anonymized_account Może to coś z ciśnieniem w oku? Najlepiej to się wybrać do okulisty 💁,0,89,15,ciśnien oku dobrze wybrać okulista 💁
@anonymized_account @anonymized_account Przecież TS dzierżawi ta ziemię umowa na 99 lat zgadza się czy nie?,0,107,15,ts dzierżawić ziemia umowa 99 rok zgadzać
@anonymized_account @anonymized_account gdyby Wisła dalej grała to by na pewno były pytania o felietony :),0,106,15,wisła daleko grać pewno pytanie felieton
@anonymized_account Tak jest. Dostałem to samo😀😀😀,0,49,6,dostać być sam 😀 😀 😀
"RT @anonymized_account Dudelange niby takie cwaniaki, a ciekawe czy byliby tacy mądrzy w dwuboju rzut młotem-skoki narciarskie",0,126,17,dudelange niby cwaniak ciekawy być by taki mądry dwubój rzut młot skok narciarski
@anonymized_account Solorz oszczędności robi na obuwiu 2 pracowników jedno obuwie polsat zchodzi na psy,0,103,14,solorz oszczędność robić obuwiu 2 pracownik obuwie polsata zchodzić pies
RT @anonymized_account czy wam też po 18 roku życia dni tak szybko lecą?,0,72,13,18 życie dzień szybko lecieć
@anonymized_account W sumie to dobrze wiedzieć ze ktoś jeszcze tak ma tbh,0,73,12,suma wiedzieć tbh
Zayn jest tak utalentowany że to aż przechodzi ludzkie pojęcie,0,62,10,zayn utalentowany przechodzić ludzki pojęcie
@anonymized_account @anonymized_account zdziwiłbym się jakby poszedł do kolejnego klubu z kłopotami finansowymi :),0,114,13,zdziwiłbym pójść kolejny klub kłopota finansowy
@anonymized_account @anonymized_account szkoda że smudzie nie wyliczaliście sukcesów i tego jak długo potrafi utrzymać posade,0,125,15,szkoda smudzie wyliczaliść sukces długo potrafić utrzymać posade
"@anonymized_account No kurde,! Jestem pod wielkim wrażeniem przenikliwości ,trafnosci ocen. Umysł ze wszech miar wysoce analityczny.",0,132,16,kurdy wielki wrażeniem przenikliwość trafnoscić ocena umysł wszech miara wysoce analityczny
"@anonymized_account Cha, cha, cha, ma epatować Srebrną, co jest z tobą?",0,71,11,chać chać chać epatować srebrny
@anonymized_account albo o tym jak uniknąć odpowiedzialności za korupcje @anonymized_account @anonymized_account,0,112,11,uniknąć odpowiedzialność korupcja
"@anonymized_account Tak nawet teraz, w dodatku dwa odcinki!",0,59,8,dodatek odcinek
Wiecie co? Jest mi ogromnie przykro i mam dosyć sama siebie,0,59,11,wiedzieć ogromnie przykro dosyć siebie
@anonymized_account @anonymized_account @anonymized_account Hahahaha no kto inny mógł skomentować frekwencje Wisły,0,114,11,hahahahy móc skomentować frekwencja wisła
"Z kibelka można jeść, uwierzcie na słowo",0,40,7,kibelki jeść uwierzcie słowo
Mówię szczerze czarny chuj nie ma wstępu,0,40,7,mówić szczerze czarny chuj wstęp
@anonymized_account Ofc Jakubiak i jego wizualizacja Ellen 😂😂😂,0,62,8,ofc jakubiak wizualizacja ellen 😂 😂 😂
Tylko głośno X (with 2 Chainz \u0026amp; Saudi) wykonawcy ScHoolboy Q\nhttps://t.co/XlRfuSFc0k,0,94,11,głośno x with 2 chainz \u0026amp saudi wykonawca schoolboy q\nhttps://t.co xlrfusfc0k
"Generalnie, to mam w dupie powstanie.",0,37,6,generalnie dupa powstać
RT @anonymized_account Transmisja TVN 24 z przejazdu sędziego Tulei autobusem do rzecznika dyscyplinarnego przejdzie do historii. Historii szajby.,0,146,18,transmisja tvn 24 przejazd sędzia tulei autobus rzecznik dyscyplinarny przejść historia historia szajby
Po prostu czuje się upokorzony i wkurwiony! Nie akceptuje takiej gry!,0,69,11,prosty czuć upokorzyć wkurwion akceptować taki gra
"potrzebuję czerwonych szpilek, to byłby 100 pkt do pewności siebie",0,66,10,potrzebować czerwony szpileka być by 100 punkt pewność siebie
@anonymized_account @anonymized_account @anonymized_account Kobieto twoja aktywność polega wyłącznie na braniu kasy podatników. W tym jesteś nie do pokonania.,1,158,18,kobieto aktywność polegać wyłącznie branie kasa podatnik być pokonać
@anonymized_account @anonymized_account Złodziei posadzić gdzie ich miejsce. W pierdlu.,0,87,9,złodziej posadzić miejsce pierdel
@anonymized_account @anonymized_account @anonymized_account Nie ten zestaw. On jest na etapie Gerberów.,0,103,11,zestaw etap gerbery
@anonymized_account @anonymized_account @anonymized_account No i o holokauście Żydów oczywiście,0,95,9,holokauśta żyd oczywiście
"Kościół =kara jestem pogrzeb, albo wesele, cierpię strasznie, w nic nie wierzę co mówi kutas z ambony",1,101,17,kościół = kara pogrzeb wesele cierpieć strasznie wierzyć mówić kutas ambona
@anonymized_account Yerri Mina pewnie wskoczy za tydzień.,0,57,7,yerri min pewnie wskoczyć tydzień
"@anonymized_account @anonymized_account @anonymized_account A z kim ty się na łby pozamieniałeś, że tak pierdzielisz?",0,117,14,kto łeb pozamieniać być pierdzielić
@anonymized_account @anonymized_account Bardzo wiarygodne 😂 tylko pogratulować rzetelności 👏,0,92,9,wiarygodny 😂 pogratulować rzetelność 👏
placki ziemniaczane \u0026gt;\u0026gt; placki z jabłkami,0,56,6,placki ziemniaczać \u0026gt;\u0026gt placki jabłka
@anonymized_account @anonymized_account @anonymized_account @anonymized_account Czyli co widzimy się na stadionie z kostka brukowa??,0,132,13,widzieć stadion kostek brukowy
"@anonymized_account Wiec koleś wyświetlił ale nie odpisał, także 🤷‍♀️",0,69,9,wiec koleś wyświetlić odpisać 🤷 ‍ ♀ ️
@anonymized_account Całkiem inaczej mecz się ogląda ( sytuacje meczowa)  jak nie ma weryfikacji Var,0,99,14,całkiem inaczej mecz oglądać sytuacja meczowo weryfikacja var
@anonymized_account @anonymized_account na obu stronach chyba gra :),0,68,8,oba strona chyba grać
"Rozjebałem narodowców, rozjebałem narodowców, kiedyś koledzy, punkowcy, , rozjebałem narodowców",0,95,10,rozjebać być narodowec rozjebać być narodowec kiedyś kolega punkowca rozjebać być narodowec
@anonymized_account A kiedy zagrał dobry mecz w lidze ?,0,55,9,zagrać dobry mecz liga
@anonymized_account @anonymized_account Na Euro 2012 został powołany zresztą kosztem Glika 😜,0,92,11,euro 2012 powołać zresztą koszt glika 😜
@anonymized_account @anonymized_account Też chcę wiedzieć czy ktoś odebrał,0,74,8,chcieć wiedzieć odebrać
"Czaicie, że zapomniałam hasła do poczty do tego stopnia, że muszę zadzwonić na infolinię, żeby mi konto odblokowali XD",0,118,19,czaić zapomniać być hasło poczta stopień musieć zadzwonić infolinia konto odblokować xd
@anonymized_account To nie stały fragment gry.,0,46,6,stać fragment gra
@anonymized_account @anonymized_account @anonymized_account @anonymized_account @anonymized_account @anonymized_account @anonymized_account @anonymized_account Jaki ty kurwa debil jesteś\n...,1,191,13,kurwa debil Jesteś\n
RT @anonymized_account @anonymized_account @anonymized_account @anonymized_account Hi hihi a co ty za baran jesteś?,1,115,13,hi hihi baran być
Kurwa jak ja nienawidzę pomnkików,0,33,5,kurwa nienawidzić pomnkik
"@anonymized_account @anonymized_account Trzymali się za ręce, waleczni i sprawiedliwi",0,85,9,trzymać ręka waleczny sprawiedliwić
Zbojkotować Mundial w tym dzikim kraju. To tak jak byśmy jechali grać w piłkę w tz. państwie islamskim.,1,103,18,zbojkotować mundiala dziki kraj by być jechać grać piłka tz państwo islamski
@anonymized_account Kurwa! Co to jest? Bo nie kumam?😂😂😂😂😂😂😂😂,0,60,8,kurwa kumać 😂 😂 😂 😂 😂 😂 😂 😂
@anonymized_account lekki problem to my mamy teraz :) wtedy byłby mega problem :P,0,81,13,lekki problem być by mega problem :p
@anonymized_account @anonymized_account @anonymized_account Współpraca z mediami i inicjatywa sponsorska.,0,105,9,współpraca media inicjatywa sponsorski
I NIENAWIDZĘ JAK KTOŚ TRZASKA NO NIE ZDZIERŻĘ TEGO CO CI TE DRZWI W ŻYCIU ZAWINIŁY,0,82,16,nienawidzić trzaski zdzierżęeć drzwi życie zawinić
"@anonymized_account @anonymized_account @anonymized_account Oho. Tak czułam, że jest zbyt pięknie...",0,100,10,oho czuć być zbyt pięknie
@anonymized_account to po co były te akcje dla obywatelstwa dla Buricia ? Poza tym nikt nie zakazuje żeby w Lechu grali zawodnicy z okolic,0,138,24,akcja obywatelstwo burić nikt zakazować lech grać zawodnik okolica
Napisać do faceta czy nie?? Bo ja bym napisała ale nie wiem czy to nie dziwne bo jakby kontakt nam się urywa a ja tego nie chce help,0,132,28,napisać facet napisać wiedzieć dziwny kontakt urywać help
@anonymized_account Łączoną włącz na TVP Sport :P,0,49,7,łączony włącz tvp sport :p
"@anonymized_account No jak się przegląda twetera to się nie dziwię, ale tak żeby widzieć w tym przyjemność to trochę chore i masochistyczne😁😁😁😀😁",1,144,22,przeglądać tweter dziwić widzieć przyjemność trochę chory masochistyczny 😁 😁 😁 😀 😁
@anonymized_account To jest chore śmierc wrogom ojczyzny,1,56,7,chory śmierc wrog ojczyzna
"@anonymized_account @anonymized_account @anonymized_account zacytuję klasyka: \""Jak to się stało ? Nie wiem.Czasem tak bywa.\""",0,126,14,"zacytować klasyk \""jak stać wiem.czasem bywa.\"
@anonymized_account No to ładnie naściemniali :),0,48,6,ładnie naściemniać
Pan Poseł Andruszkiewicz znowu masakruje lewaków i ubeków! Szanuję. #Woronicza17,1,80,10,poseł andruszkiewicz masakrować lewak ubek szanować woronicza17
Dobre sprawdzone studio tatuażu w Gorzowie/ Bydgoszczy/ Toruniu? #rt #tweetme,0,77,10,dobry sprawdzić studio tatuaż gorzowie/ bydgoszczy/ toruniu tweetme
@anonymized_account @anonymized_account To niesa frekwencję które mogą zachwycać,0,80,8,niesać frekwencja zachwycać
@anonymized_account @anonymized_account Liverpool dzisiaj był mega mocny.,0,73,7,liverpool mega mocny
"pieknie nawiązanie do nacjonalizmów 1814, do geopolityki, znaczenia ue, no panie troche rozumu trzeba, trochę rozumu",0,116,16,piekć nawiązanąć nacjonalizm 1814 geopolityka znaczenie UE pani troche rozum trochę rozum
@anonymized_account @anonymized_account Czyli nadal pieprzy jak potłuczony,0,74,7,nadal pieprzyć potłuczyć
RT @anonymized_account chce jakiegos cukier ojca bo mi kasy brakowac zaczyna,0,76,11,jakiegos cukier ojciec kasa brakowac zaczynać
"@anonymized_account Wszyscy wymienieni na stronie, na podstronie 'osiągnięcia'",0,78,8,wymienieć strona podstronie osiągnięcie
"@anonymized_account Nie, ale dostałam starter ze zniżkami XDDD",0,62,8,dostać być starter zniżke xddd
Wyglądasz jakbyś codziennie pił - świadoma  opłata za wieczory,1,62,9,wyglądać jakby być codziennie pić świadoma opłata wieczór
"@anonymized_account Jak nie za grę, to za wynik, ale dobrze, że wymagasz od siebie więcej 😁😜",0,92,16,gra wynik wymagać siebie 😁 😜
@anonymized_account @anonymized_account @anonymized_account I dlatego tyle lat bez medalu 😛,0,91,10,tyle rok medal 😛
@anonymized_account @anonymized_account @anonymized_account serio ?! Wielkie dzięki łaskawco,0,92,8,serio wielki dzięki łaskawco
@anonymized_account premedytacją ? Zobacz sobie na powtorke.Nie dyskutuje dalej bo widze że jakiś zaślepiony fan Arsenalu,0,121,16,premedytacja zobaczyć powtorke.nie dyskutować daleko widze zaślepić fan arsenal
"@anonymized_account @anonymized_account @anonymized_account @anonymized_account @anonymized_account Z tego, co mi się wydaje, to przez agencję.",0,143,14,wydawać agencja
@anonymized_account Skład taki ze podejrzewam wpierdol w pn Nawalka uspiony nieważne kto jak gra skład ten sam,0,110,17,skład podejrzewać wpierdol pn nawalka uspić nieważny grać skład
@anonymized_account Liczna tzn? Masz dokładniejsze info?,0,56,6,liczny to znaczy mieć dokładny info
"@anonymized_account Zaraz się obudzi jakiś purysta językowy, że tak się nie mówi.",0,81,12,zaraz obudzić purysta językowy mówić
@anonymized_account @anonymized_account @anonymized_account @anonymized_account Na derbach leser będzie podobno lał piwo na C a na D Norbert na koszt firmy ;-),0,159,21,derbe leser podobno lać piwo c d norbert koszt firma
@anonymized_account Przy bramce się nie popisał.,0,48,6,bramka popisać
piosenka Julki Wieniawy mi mocno weszła i cały czas ją śpiewam uh,0,65,12,piosenka julka wieniawa mocno wejść czas śpiewać uh
"RT @anonymized_account Generalnie, to mam w dupie powstanie.",0,60,8,generalnie dupa powstać
@anonymized_account @anonymized_account W 4. kolejce Lubin to takie sobie ułatwienie,0,84,10,4 kolejka lubina ułatwieć
@anonymized_account Qwa! Wypiłem kawę przed chwilą.Bardzo dobra kawę.Nie chcę jej zwracać. A swoją drogą to świetny środek na wywołanie wymiotów.,0,145,20,qwa wypić być kawa chwilą.bardzo dobro kawę.nie chcieć zwracać swój droga świetny środek wywołać wymiota
Pączek bez nadzienia jest beznadziejny.,0,39,5,pączka nadzieć beznadziejny
chciałabym nosić te śliczne delikatne koronkowe staniki ale mam za duże cycki X D,0,81,14,chcieć by być nosić śliczny delikatny koronkowy stanik duży cycki x d
@anonymized_account Gdzie była transmisja na żywo z losowania ?,0,63,9,transmisja żywo losowanie
"@anonymized_account @anonymized_account np Belgia, Serbia, Kazachstan.W Holandii i Grecji są jakieś dziwne playoffy o wejscie do europejskich pucharow",0,150,18,na przykład belgia serbia kazachstan.w holandia grecja jakiś dziwny playoff wejst europejski pucharow
@anonymized_account A muslalam ze tylko UKW ma jakieś problemy xd,0,65,10,Muslalam ukw jakiś problem xd
@anonymized_account @anonymized_account a jak tam siatkówka ?:),0,63,7,siatkówka
"@anonymized_account The originals jeszcze, jak interesują cię pamiętniki wampirów, o albo lie to me, mentalista, eye candy to złoto i diamenty tez!",0,147,22,the originals interesować pamiętnik wampir lie me mentalisty eye canda złoto diament tez
"@anonymized_account Jak każda sprzedajna kurew. Zaczyna jak ją alfons wyszuka i pracuje dotąd, aż będą na nią klienci.",1,118,18,każdy sprzedajny kurew zaczynać alfons wyszuko pracować dotąd klient
"@anonymized_account @anonymized_account Hahaha, ale żyjemy w zjebany świecie i Jackowski i @anonymized_account a przez nich i ja",0,128,17,hahaha żyć zjebać świat jackowski
@anonymized_account Obejrzyj mecz chociaz raz :),0,48,6,obejrzyj mecz chociaz
@anonymized_account Małeckiemu należy się ławka. Może to go zmotywuje do lepszej gry.,0,85,12,małeckiy należeć ławka zmotywować dobry gra
"@anonymized_account Pamiętaj, ze ja daleko do ciebie nie mam 😂",0,62,10,pamiętać 😂
"@anonymized_account @anonymized_account @anonymized_account e tam, patriota ze mnie",0,83,8,e patriota
"@anonymized_account To jest niszczenie mienia, takie samo jakby na ścianie pani domu ktos napisał  \""tu mieszka durna baba\""",0,124,18,"niszczyć mienie sam ściana dom napisać \""tu mieszkać durny baba\"
@anonymized_account @anonymized_account @anonymized_account @anonymized_account spodoba Ci się to 😂,0,99,9,spodobać 😂
Oto utwór specjalnie dla Ciebie… Mróz (Panzerfast) wykonawcy TEDE\nhttps://t.co/WNpu6JgNoh,0,90,9,utwór specjalnie Mróz panzerfast wykonawca tede\nhttps://t.co wnpu6jgnoh
Dzisiaj o 18 Strefa Kibica w Radiu Akadera! Zapraszamy!,0,55,9,18 strefa kibica radio akader zapraszać
@anonymized_account ustawa IPN spiera Ukrainę? Ty Czaputowiczu ty,0,65,8,ustawa ipn spierać ukraina czaputowicz
"@anonymized_account @anonymized_account yyyy, coś tu ewidentnie nie gra :P",0,74,9,yyyy ewidentnie grać :p
"@anonymized_account @anonymized_account chyba nie miałeś się czego przyczepić, nie przesadzajmy :)",0,98,11,chyba mieć być co przyczepić przesadzać
"@anonymized_account Bo w gazecie pisze, że od 13 sierpnia dopiero xdd",0,69,11,gazeta pisać 13 sierpień dopiero xdd
@anonymized_account Kiedy naoglądałam się Sabriny i myślałam że to Salem,0,72,10,naoglądać być sabrina myśleć być sal
P do mnie przychodzi dzisiaj,0,28,5,pan przychodzić
@anonymized_account @anonymized_account Kobieta będzie mieć pretensje o kolejność 😂,0,83,9,kobieta mieć pretensja kolejność 😂
@anonymized_account Wy narobiliscie 30miliardow dlugow za waszych rzadow #oddajciekase,0,86,9,narobiliscie 30miliardow dlugow waszych rzadow oddajciekase
Paweł Raczkowski sędzią meczu Roma - Viktoria w LM. Wow.,0,56,10,paweł raczkowski sędzia mecz ra viktoria lm wow
@anonymized_account O czy bredzisz idiotko! Przypisujesz innym własne zaprzaństwo? Wizytówka małości...,1,103,11,bredzić idiotko przypisujesz inny własny zaprzaństwo wizytówka małość
@anonymized_account wesoło to będzie jutro po meczu na Twoich urodzinach :D,0,75,11,wesoło jutro mecz twój urodzine d
"@anonymized_account @anonymized_account Z tego co wiem, to tak.",0,63,8,wiedzieć
"@anonymized_account I to jest wielki wyczyn, bez wątpienia.",0,59,8,wielki wyczyn wątpienie
"@anonymized_account Taki miałam właśnie, teraz kupiłam z catrice",0,64,8,mieć być kupić być catrica
@anonymized_account Mecze o punkty to nie czas na eksperymenty!!!! 😂,0,68,10,mecz punkt czas eksperyment 😂
"@anonymized_account Spokojnie, spokojnie. Ostatnio też mieli być silniejsi.",0,75,8,spokojnie spokojnie ostatnio mieć silniejszy
"@anonymized_account Nie sądzę, ale nie czytałam.",0,48,6,sądzić czytać być
"@anonymized_account Tylko nie widzę tutaj żadnej pary. O ile pedofilia to faktycznie zboczenie, to homoseksualizm w żadnym razie.",0,129,18,widzieć żaden para pedofilia faktycznie zboczenie homoseksualizm żaden
Onr nie jest the best,0,21,5,onr the best
Może zamiast pakowania milionów w promocje pisu PKO zainwestowałoby w jakieś lepsze zabezpieczenia?  Śmiech na sali,0,115,16,zamiast pakować milion promocja pis pkoa zainwestowałoba jakiś dobry zabezpieczenie śmiech sala
@anonymized_account @anonymized_account Nieprawda. Zlagodzenie jest tylko przy nieudanej próbie zagrania piłki.,0,111,11,nieprawda zlagodzenie nieudany próba zagrać piłka
@anonymized_account A po czym odreagowywali przed pierwszym meczem eliminacji?,0,78,9,co odreagowywać pierwszy mecz eliminacja
"@anonymized_account Dla WHU to był wartościowy sparing przed ligą, którą rozpoczną za tydzień.",0,94,13,whua wartościowy sparing liga który rozpocząć tydzień
"@anonymized_account @anonymized_account Jednego już Niemcy bili, a teraz Rosjanie? To to spisek jakiś...",0,104,13,jeden niemiec bić rosjanin spisek
"Na takiego @anonymized_account to bym sagłosował, a on teraz wymięka",0,68,10,taki sagłosować wymięka
"@anonymized_account dziękuję 😍 udało mi się w końcu, bo rok to wszystko trwało",0,78,13,dziękować 😍 udać koniec rok trwać
@anonymized_account @anonymized_account @anonymized_account A co nam dała tamta rewolucja ?,0,91,10,dać tamten rewolucja
Dawid Podsiadło w radiu to ja w radiu,0,37,8,Dawid podsiadć radio radio
"@anonymized_account Powiedziałbym, że odwrotnie. 😉 Dopasowalismy się do kabaretu zaproponowanego przez Japonię.",0,111,12,powiedzieć by być odwrotnie 😉 dopasowalisć kabaret zaproponowanego japonia
@anonymized_account @anonymized_account szacunek też za to jak w zeszłym sezonie popisali się fair play w meczu z Jagiellonią 👏,0,127,19,szacunek zeszły sezon popisać fair play mecz jagielloni 👏
"@anonymized_account @anonymized_account @anonymized_account Przewijam tą rozmowe i nie widzę, że coś takiego napisałeś, więc niczego nie powtórzyłem.",0,149,17,przewijać ten rozmowy widzieć taki napisać być nic powtórzyć być
"Jestem tak wkurzona dzisiaj, bez kija nie podchodź",0,50,8,wkurzyć kij podchodź
@anonymized_account @anonymized_account @anonymized_account @anonymized_account @anonymized_account Przecież płaci tylko kibic reszta liczy tylko na zysk,0,153,14,płacić kibic reszta liczyć zysk
"@anonymized_account Z tego co widzę, to może trafić na Gruzinów i Ormian :)",0,75,13,widzieć trafić gruzin ormiana
RT @anonymized_account @anonymized_account Tak Kamila wasze zachowanie w Sejmie i pod Sejmem nosi znamiona choroby psychicznej!,1,127,16,Kamila zachowanie sejm sejm nosić znamię choroba psychiczny
"@anonymized_account Tam powinien być podpis \""Marian! Nie mam się w co ubrać\"".",0,79,12,"podpis \""marian ubrać\"
"@anonymized_account Jak porachujesz, skoro liczyć nie umisz?",0,60,7,porachować skoro liczyć umić
"@anonymized_account @anonymized_account Zaległości były, ale ważne czy były wezwania do zapłaty z których się klub nie wywiązał.",0,128,17,zaległość ważny wezwanie zapłata klub wywiązać
RT @anonymized_account W Wojsku Polskim jest moc! Polacy mogą być dumni ze swoich obrońców Ojczyzny! Wszystkim dziękuję za wspaniałą #WIELKADEFILA…,0,147,20,wojsko polski moc Polak dumny swój obrońca ojczyzna dziękować wspaniały wielkadefilać
@anonymized_account @anonymized_account @anonymized_account Matka Boska była półką i Jezus też.,0,95,10,matka boski półka Jezus
@anonymized_account @anonymized_account A niby z jakiego powodu? Żeby mogła sprawować swój urząd? Chyba żart!,0,109,14,niby jaki powód móc sprawować swój urząd chyba żart
@anonymized_account No to Pan i koledzy macie z głowy. Przesrane tak reszta życia pod górkę.,0,92,15,kolega mieć głowa przesrać reszta życie górka
@anonymized_account @anonymized_account czytał to ktos przed publikacją ?,0,73,8,czytać publikacja
BONG BONG BONG BONG BONG BONG BONG BONG,0,39,8,bong bong bong bong bong bong bong bong
@anonymized_account @anonymized_account Co ma Pan Ziobro? Nie przy śniadaniu bo się niespodziewanie udławić można.,0,114,14,ziobro śniadanie niespodziewanie udławić
@anonymized_account @anonymized_account Jak.mam coś do kogoś to do tego kogoś mówię a nie w próżnię.,0,100,15,jak.mać ktoś ktoś mówić próżnia
"@anonymized_account od tygodnia w Krakowie ? Ciekawe bo instagram Borovicanina, który przebywa teraz na Cyprze mówi co innego",0,125,18,tydzień krakowie ciekawy instagram borovicaninać przebywać cypra mówić inny
"@anonymized_account @anonymized_account @anonymized_account @anonymized_account Teraz jest próba zrzucenia wszystkiego na zawodnika, że on nie chciał zostać.",0,157,16,próba zrzuceć wszystko zawodnik chcieć zostać
"@anonymized_account @anonymized_account @anonymized_account Ja mam wrażenie, że nikt za niego dużej kasy nie da i 1-1,5 mln za niego zarobimy.",0,142,20,"wrażenie nikt duży kasa dać 1 1,5 milion zarobić"
@anonymized_account screen zrobiony.Po sezonie go przypomne.,0,60,6,screenyć zrobiony.po sezoć przypomny
"@anonymized_account @anonymized_account Smokowski mówił że Wisła ma piłkarzy 3 sortu, a Wieszczycki deprecjonował dobrą prace Kiko",0,130,16,smokowski mówić wisła piłkarz 3 sort wieszczycki deprecjonować dobry praca kiko
@anonymized_account jak mogła nam to zrobić :(,0,46,7,móc zrobić
@anonymized_account Raptem wszyscy mają amnezję i muszą czytać przedruki. Trzeba łykać magnez,0,93,12,raptem amnezja musieć czytać przedruk łykać magnez
@anonymized_account @anonymized_account Proszę oglądnąć powtórkę bez komentarza bo komentarz daje wiarę sędziemu ale przecierz boguskiego zachaczono w polu karnym,0,162,19,prosić oglądnąć powtórka komentarz komentarz dawać wiara sędziemu przecierz boguski zachaczić pole karny
@anonymized_account potępiam po prostu takie zachowanie.Chodzi mi o zawodników.Nigdzie nic o Legii nie pisałem ani nie obrażałem.,0,129,17,potępiać prosty zachowanie.chodzi zawodników.nigdzie legia pisać być obrażać być
@anonymized_account @anonymized_account Jak zwykle piwo zamiast mózgu,1,69,7,zwykle piwo zamiast mózg
Web wykonawcy Thee Oh Sees\nhttps://t.co/YIN6Gm0XZg,0,51,5,web wykonawca they oh sees\nhttps://t.co yin6gm0xzg
"@anonymized_account Progres ma 1 trudny mecz, ale za to jest w bardzo słabej formie.",0,84,14,progres 1 trudny mecz słabej forma
@anonymized_account @anonymized_account Niech @anonymized_account machnie \n się za mizulmana to zaraz zmieni zdanie😁😁😁. Kompletne zglupienie😁😁,0,143,15,machć \n mizulmać zaraz zmienić zdanie 😁 😁 😁 kompletny zglupienie 😁 😁
"@anonymized_account @anonymized_account Żeby się dwa razy zastanowić, po co tam jechać, jak można w fajne miejsce za 3 dychy 😁",0,126,20,raz zastanowić jechać fajny miejsce 3 dych 😁
#Wypozyczeni Widzew - Resovia 2:1.\nMarcin Pigiel poza kadrą gospodarzy.,0,72,9,wypozyczić widzew resovia 2:1.\nmarcin pigiel kadra gospodarz
@anonymized_account @anonymized_account Na 'Tylko Liga Mistrzów się liczy' można zakończyć bezsensowną dyskusję.,0,112,12,liga mistrz liczyć zakończyć bezsensowny dyskusja
@anonymized_account I cały czas pracuje z tym zespołem,0,54,8,czas pracować zespół
@anonymized_account @anonymized_account To pewnie Mojica z Girony wskoczy do 11.,0,80,10,pewnie mojica giron wskoczyć 11
@anonymized_account @anonymized_account Jak na amice to i tak sporo.,0,68,9,amika sporo
"@anonymized_account @anonymized_account @anonymized_account walczą ze sobą, mają wątpliwości, ręczę za nich",0,107,11,walczyć wątpliwość ręczyć
"@anonymized_account Były, ale w grze, a nie konkursach jedenastek.",0,66,9,gra konkurs jedenastek
@anonymized_account Nie ma celnego strzału. Spalony 😀,0,53,7,celny strzał spalić 😀
"@anonymized_account @anonymized_account To tylko Twoje życzenia, nikt nie zapowiadał wzmocnień",0,94,10,życzenie nikt zapowiadać wzmocnienie
"@anonymized_account @anonymized_account Dobrze że wieś robi się bogata, wywiozą was na rozrzutnikach i gównem zasypią",0,117,15,wieś robić bogata wywioza rozrzutnik gówno zasypać
@anonymized_account Napisałem że się zastanowię. Noe pali się,0,61,8,napisać być zastanowić noe palić
"@anonymized_account Zjeby idą na starcie, żadnych ustępstw, żadnych wątpliwości",1,79,9,zjeby iść starcie ustępstwo wątpliwość
"@anonymized_account tworzą precedens,  chcą iść na wojnę, rękawica została rzucona",0,82,10,tworzyć precedens chcieć iść wojna rękawica zostać rzucić
No to się debil Duda popisał na sam początek. Przyszedł po zakończeniu hymnu.,1,77,13,debil dud popisać początek przyjść zakończyć hymno
@anonymized_account mam beke z takich ludzi.Niech jeszcze napisze że zarabia za mało w stosunku do Lewandowskiego.,0,114,16,beke ludzi.niech napisać zarabiać stosunek lewandowski
@anonymized_account @anonymized_account @anonymized_account a korona jak tam w pucharach ? A no tak nigdy nie przegraliście tam meczu,0,133,18,koron puchare przegraliść mecz
"Jakieś dzikie krzyki mnie z dołu dochodzą \""Yes!\"". A więc już 1:0 dla Cracovii?",0,80,14,"jakiś dziki krzyk dół dochodzić \""yes!\ 1:0 cracovia"
"RT @anonymized_account #słowoNaNiedzielę \nZaprawdę powiadam Wam,aby wykastrować księdza,trzeba ministranta w podbródek kopnąć.\nAmen.",1,134,12,słowonaniedziela \nzaprawdę powiadać wykastrować ksiądz ministrant podbródek kopnąć.\namen
"@anonymized_account O pani z lewej się nie wypowiem,ale pan z prawej faktycznie jakaś wołżańska uroda,albo nawet uralska nie wołżańska.",0,135,19,lewy wypowie prawy faktycznie wołżański uroda uralski wołżański
RT @anonymized_account jedyne co mi w życiu wyszło to drut ze stanika,0,69,12,jedyny życie wyjść drut stanik
@anonymized_account Skąd te kluby biorą pieniądze na finansowanie działalności?  Bo może chodzi bardziej o kluby przy każdej szkole itp,0,135,19,klub brać pieniądz finansować działalność chodzić klub każdy szkoła i tym podobne
"Ciagle śmieci trzeba wynosić bo nie lubie jak mi przypominają, że  środowisko tym aluminium zanieczyszczam",0,106,15,ciagle śmieć wynosić lubie przypominać środowisko aluminium zanieczyszczać
"@anonymized_account To musi być ogromne zaskoczenie, że jest tylko jeden mistrz Anglii 😜",0,88,13,ogromny zaskoczenie mistrz anglia 😜
@anonymized_account A o Sadloku już coś wiadomo ?,0,49,8,sadlok wiadomo
"@anonymized_account \""Gdy wszyscy wiedzą, że coś jest niemożliwe, przychodzi ktoś, kto o tym nie wie, i to robi”.",0,113,18,"\""gdy wiedzieć niemożliwy przychodzić robić"
@anonymized_account @anonymized_account A skąd on wie jak jest w innych klubach ? Niech się wypowiada o klubach w których grał.,0,127,20,klub wypowiadać klub grać
@anonymized_account Jak legia nieprzejdzie tych amatorów to sadiku będzie na ustach za niewykorzystanie tej setki,0,113,15,legia nieprzejdzie amator sadik usta niewykorzystać setka
@anonymized_account Może nie ma na kogo głosować.,0,49,7,kto głosować
"@anonymized_account Tak, z tego co widziałam masz go na instagramie i fejsie ale nic już nie mówię XD",0,101,18,widzieć być mieć instagram fejs mówić xd
Dziś posłowie totalnej zbojkotowali Woronicza? To  wielka strata dla wszystkich nie móc usłyszeć posła Halickiego lub Kierwinskiego. ☹️☹️☹️,0,139,18,poseł totalny zbojkotować woronicz wielki strata móc usłyszeć poseł halickiy kierwinskiy ☹ ️ ☹ ️ ☹ ️
@anonymized_account @anonymized_account @anonymized_account od paru lat słysze o sponsorze więc tym bardziej szacunek że przez pare lat się nieujawnił...,0,153,19,parę rok słyszeć sponsora szacunek pary rok nieujawnić
Widzieliście kiedyś siebie we śnie? Bo ja nie,0,45,8,widzieć być kiedyś siebie sen
"@anonymized_account @anonymized_account Mógł, ale jakoś nie chce mi się wierzyć, że tak to wyglądało.",0,101,14,móc wierzyć wyglądać
Czy ktoś może mi zrobić zdjęcie wśród słoneczników proszę?,0,58,9,zrobić zdjęcie słonecznik prosić
"Od dziś klęskę w wyborach samorządowych mierzymy w Guziałach.\n\nJaki: 2,5 Guziała\nPiS: 1,85 Guziała i 4 Żalki",0,111,16,"klęska wybory samorządowy mierzyć guziałach.\n\njak 2,5 guziała\npis 1,85 guziać 4 żalka"
@anonymized_account @anonymized_account Jak zwykle najwięcej do powiedzenia mają pisowskie sieroty po komunie.,0,110,12,zwykle najwięcej powiedzieć pisowski sierota komun
RT @anonymized_account @anonymized_account Przykładnie ukarać i obciążyć kosztami odnowy elewacji..,0,99,10,przykładnie ukarać obciążyć koszt odnowy elewacja
"A dla Rosji szacunek. Oni mogą powiedzieć, że wycisnęli maxa ze swojego potencjału. Jak my na Euro 2016.",0,104,18,rosja szacunek powiedzieć wycisnąć maxa swój potencjał euro 2016
@anonymized_account No to masz wybaczone :) powodzenia jutro :),0,63,9,mieć wybaczyć powodzenie jutro
RT @anonymized_account @anonymized_account Tobie muszą nieźle płacić za to gówno pomyj.Nikt normalny dzień w dzień by nie dał rady .,1,132,20,musieć nieźle płacić gówno pomyj.nikt normalny dzień dzień dać rada
@anonymized_account @anonymized_account @anonymized_account Tak jest. Ale Macierewicz jest jednym i drugim.,0,107,11,Macierewicz drugi
@anonymized_account Jarkacz wsiekły na Beata wystarczy nie kraść,0,64,8,jarkacz wsiekły beato wystarczyć kraść
@anonymized_account Po prostu czekamy dalej na tę zapowiadaną bombę atomową,0,75,10,prosty czekać daleko zapowiadać bomba atomowy
@anonymized_account A w czym problem bo akurat niejestem w temacie?,0,67,10,co problem akurat niejest temat
"@anonymized_account @anonymized_account @anonymized_account Bo to ciekawa i fascynująca osobowość, pełna wewnętrznego piękna i ciągle nieodgadniona",0,147,15,ciekawy fascynujący osobowość pełny wewnętrzny piękny ciągle nieodgadnić
"@anonymized_account Właśnie sobie pomyślałem, jak bardzo na podstawowym kursie prezenterskim w TVP prowadzący by zaorał tę rozmowę.",0,131,17,pomyśleć być podstawowy kurs prezenterski tvp prowadzić zaorać rozmowa
@anonymized_account @anonymized_account a ile bramek strzelił Sanogo w 1.lidze ?,0,80,10,Bramek strzelić sanogo 1.lidze
RT @anonymized_account Akcja policji w budynkach Wisły Kraków ma związek z śledztwem dotyczącym kradzieży flag GKS Katowice. @anonymized_account @anonymized_account,0,164,19,akcja policja budynek wisła kraków związek śledztwo dotyczącym kradzież flaga gks katowica
@anonymized_account O nie ja tez miałam sprzątnąć swój ale jakoś nie mogę się zebrać,0,84,14,tez mieć być sprzątnąć swój móc zebrać
"@anonymized_account Nie bucz, i tak śmierdzisz",1,46,6,bucz śmierdzić
"@anonymized_account Chyba mógł, zawiesinka i to gdzieś na piąty metr.",0,69,10,chyba móc zawiesinka piąty metr
@anonymized_account Chyba ze ona cie wykończyła 😀,0,49,7,chyba wykończyć 😀
@anonymized_account @anonymized_account Wieteska już nie jest mlodziezowcem,0,75,7,wieteski mlodziezowcem
Transmisja TVN 24 z przejazdu sędziego Tulei autobusem do rzecznika dyscyplinarnego przejdzie do historii. Historii szajby.,0,123,16,transmisja tvn 24 przejazd sędzia tulei autobus rzecznik dyscyplinarny przejść historia historia szajby
"@anonymized_account @anonymized_account Nie wiem czy mają świetnie czy nie, wiem kto ich chciał rozpiżdżyć w drobny mak.",0,120,17,wiedzieć świetnie wiedzieć chcieć rozpiżdżyć drobny mak
@anonymized_account @anonymized_account Czekam teraz na Twittera. Czas najwyższy.,0,81,8,czekać twitter czas najwyższy
"@anonymized_account A co do tego meczu to wczoraj był, Machester United z Tottenhamem i go jednak nie oglądałam",0,111,18,mecz wczoraj machester united tottenham oglądać być
RT @anonymized_account @anonymized_account jest to dobra informacja dla tych co okradali  Polskę od 89  roku  Irlandia da im wolność,0,132,19,dobry informacja okradać polska 89 Irlandia dać wolność
@anonymized_account @anonymized_account Nie szkoda czasu?😁😁😁 A teraz kto jest?,0,78,9,szkoda czas 😁 😁 😁
@anonymized_account @anonymized_account Tak Krzysiu powiedział ? Teraz kolejnego będzie zwalniał ?,0,98,11,krzysiu powiedzieć kolejny zwalniać
@anonymized_account @anonymized_account No spałem 2.5 godziny 😉,0,63,7,spać być 2 5 godzina 😉
@anonymized_account @anonymized_account @anonymized_account A co już całą kase przegrałeś w kasynie ?,0,101,12,cały kase przegrać być kasyna
"@anonymized_account Musi być pierwszy w okopie, nie straszne mu bombardowania, zuch",1,83,11,pierwszy okop straszny bombardowanie zuch
@anonymized_account dlaczego szkoda ? Chciał więcej zarabiać to będzie.Chyba nie uwierzyłeś w bajki że tam ma większe szanse na granie ?,0,136,21,szkoda chcieć zarabiać będzie.chyba uwierzyć być bajka duży szansa granie
@anonymized_account @anonymized_account ale co to za płacze że piłka jest najpopularniejszym sportem i ludzie wolą to oglądać niż bieganie ?,0,140,20,płakać piłka najpopularniejszym sport człowiek woleć oglądać biegać
"@anonymized_account a jak to będzie po polsku i czy do wieczora zdążę, wliczając popołudniową drzemkę? 😉",0,104,16,polski wieczor zdążę wliczać popołudniowy drzemka 😉
"@anonymized_account Dwa dni później do Wielkopolski zawitajcie, tam będzie meczycho 😁",0,85,11,dzień późno wielkopolska zawitajcie meczycho 😁
"@anonymized_account To też było zaplanowane, chcieliśmy ich uniknąć w półfinale i jednych wywalić już wtedy ze strefy medalowej.",0,128,18,zaplanować chcieć być uniknąć półfinał jeden wywalić strefa medalowy
@anonymized_account @anonymized_account Wystarczy wsadzić przeciwnikowi palec w dupe i już można zostać legendą 😂,1,113,14,wystarczyć wsadzić przeciwnik palec dupe zostać legenda 😂
@anonymized_account Pogba nie był na pozycji spalonej.,0,54,7,pogba pozycja spalony
@anonymized_account Tez wczoraj byłam na randce która trwała cały dzień Xd,0,74,11,tez wczoraj być być randka trwać dzień xd
"@anonymized_account Dwa najwieksze siury internetu, co za przewrotność",0,70,8,najwieksz siura internet przewrotność
"@anonymized_account @anonymized_account @anonymized_account Od dzisiaj zamiast dzień dobry, będę mówił przepraszam @anonymized_account",0,134,12,zamiast dzień dobry mówić przepraszać
@anonymized_account Niewydaje mi się żeby zszedł z kontraktu ważnego od tak ale po wygaśnięciu czemu nie,0,104,16,niewydawać zszedł kontrakt ważny wygaśnięcie
@anonymized_account My nie graliśmy z Huraganem pierwszą drużyną :),0,67,9,grać być huragan pierwszy drużyna
"@anonymized_account @anonymized_account Masz moje pieniądze, masz mi je oddać. Koniec kropka",0,92,11,mieć pieniądz mieć oddać koniec kropek
"@anonymized_account @anonymized_account Caly majątek oddałem, dzieci też swój mają przekazać",0,92,10,majątek oddać być dziecko swój przekazać
@anonymized_account @anonymized_account A może jednak syrop ? 😂,0,63,8,syrop 😂
@anonymized_account @anonymized_account bądź wyrozumiała :) jak na Hiszpana mówi całkiem nieźle :),0,98,12,bądź wyrozumiać hiszpan mówić całkiem nieźle
Największym wygranym pierwszej połowy Szymon M.#JAGWIS,0,54,6,duży wygrany pierwszy połowa szymon m.#jagwisa
@anonymized_account czyli uważasz że Tuchel sam zrezygnował z Mchitarjana na rzecz Bendera ?,0,92,13,uważać tuchel zrezygnować mchitarjana rzecz bender
"Aż sobie zrobię test z geografii na stolice państw, ciekawe ile pamiętam",0,72,12,zrobić test geografia stolika państwo ciekawy pamiętać
@anonymized_account @anonymized_account Dużo czasu zalęgło Ci to odkrycie,0,73,8,czas zalęgnąć odkrycie
Nieoficjalnie: Trybuna za bramką na Lechu w następnym sezonie będzie nosiła nazwę Curva Dość.,0,93,14,nieoficjalnie trybunać bramka lech następny sezon nosić nazwa curvo
"TVP Info pociesza po łomocie w Gdańsku i Krakowie: \""W dużych miastach mieszka tylko 15 proc. Polaków\""",0,103,17,"tvp info pocieszać łomota gdańsk krakowie \""w duży miasto mieszkać 15 procent polaków\"
"@anonymized_account Stirlitz wpadł do studni i cudem się z niej wydostał. \""Cudów nie ma\"" - pomyślał i na wszelki wypadek wlazł z powrotem.",0,140,23,"stirlitz wpaść studnia cud wydostać \""cud ma\ pomyśleć wszelki wypadek wlazć powrót"
"Wiele kapitalnych zdjęć dziś się pojawiło. 👏 dla ekipy @anonymized_account @anonymized_account @anonymized_account Grzegorz Jakubowski, @anonymized_account",0,155,15,kapitalny zdjęcie pojawić 👏 ekipa grzegorz jakubowski
"@anonymized_account zapuść grzywkę. Niech nonszalancko opada na brew, a część kosmyków filuternie łaskocze płatek ucha.",0,119,15,zapuść grzywka nonszalancko opadać brew część kosmyk filuternąć łaskoczy płatek ucho
@anonymized_account Całkowicie zmieniony tekst wypowiedzi publikowany przez Mazurek.,0,84,8,całkowicie zmienić tekst wypowiedź publikować mazurek
@anonymized_account @anonymized_account @anonymized_account @anonymized_account Bo mecz 80 minut trwał ;),0,105,10,mecz 80 minuta trwać
"@anonymized_account To wydaje mi się, że tak, bo to jest chyba dla każdej osoby spełniającej obowiązek szkolny do 21 roku życia",0,127,21,wydawać chyba każdy osoba spełniający obowiązek szkolny 21 życie
"@anonymized_account @anonymized_account jeszcze trochę, z naciskiem na jeszcze.",0,79,8,trochę nacisk
RT @anonymized_account @anonymized_account A kiedy napiszecie  ile HGW kamienic przewaliła w Warszawie?,0,103,12,napiszeć hgw kamienica przewalić Warszawa
@anonymized_account @anonymized_account Btw. Hiszpański dziennikarz z Marki (2010) wtedy na Ronaldo zagłosowal.,0,111,12,btw hiszpański dziennikarz marka 2010 ronaldo zagłosowal
"@anonymized_account @anonymized_account @anonymized_account @anonymized_account Kasiur, jeszcze Cię zacznę posądzać, że wolisz Hajtę z Kołtoniem oglądać 😜",0,154,16,kasiur zacząć posądzać wolić hajtę kołton oglądać 😜
@anonymized_account co to jest ? Bo się nie znam :P,0,51,10,znać :p
Sanchez chciał Kane'a osiodłać czy co? Co za kretyn,0,51,9,sanchez chcieć kane'a osiodłać kretyn
"@anonymized_account Dalej jest taki sam, tylko wygrywać przestał.",0,65,8,daleko wygrywać przestać
"@anonymized_account @anonymized_account @anonymized_account Pewnie z 12 mld całość, ale grosz do grosza",0,103,12,pewnie 12 miliard całość grosz grosz
"@anonymized_account Wspaniale się udało. Dzięki, że to zorganizowałeś 🤗👏💪",0,73,9,wspaniale udać dzięki zorganizować być 🤗 👏 💪
@anonymized_account Pamiętaj że alkohol pity z umiarem nie szkodzi nawet w dużych ilościach,0,91,13,pamiętać alkohol pity umiar szkodzić duży ilość
@anonymized_account @anonymized_account @anonymized_account A złodziej Andruszkiewicz już kasę zwrócił?,0,103,9,złodziej andruszkiewicz kasa zwrócić
Bramki we Włoszech są chyba jakieś inne niż w kadrze.,0,53,10,bramka włoszech chyba jakiś kadr
"@anonymized_account W całym sezonie, jednak Cracovia ściągnęła wszystkich młodych z jedynki na większość meczów wiosną",0,118,15,cały sezon cracovia ściągnąć młody jedynka większość mecz wiosna
@anonymized_account zrób sobie prezent na Gwiazdkę.,0,51,6,zrobić prezent gwiazdka
"@anonymized_account Każdy tak powinien z pisdzielstwem i będzie,  było sobie pisdzielstwo",0,89,11,pisdzielstw pisdzielstwo
"@anonymized_account Tam znowu protest czy po prostu jest ich tak mało, że nie ma sensu prowadzić dopingu ? 😂",0,108,19,protest prosty sens prowadzić doping 😂
@anonymized_account @anonymized_account o dziękuje.Szczerze mówiąc nie wiem o co się tak przypierdoliłeś ale spoko :),0,117,15,dziękuje.szczerze mówić wiedzieć przypierdolić być spoko
@anonymized_account @anonymized_account Drzazga to dopiero kandydat na napastnika.Może go wypożyczą do I ligi.,0,110,13,drzazga dopiero kandydat napastnika.może wypożyczyć liga
"@anonymized_account @anonymized_account Synku, jakby nie takie dziadki jak ja to byś dzisiaj na czynach partyjnych popierdzielał a nie bredził ma Twitterze",0,155,21,synek dziadka by być czyna partyjny popierdzielać bredzić twitterz
"@anonymized_account Za 4, napisałam ci coś na dm",0,48,8,4 napisać być dm
@anonymized_account Ok juz serce dałem poprzednikowi słonko tak grzalo ze w link niechcialo się wejść ;-),0,105,16,serce dać być poprzedniek słonko grzalo linka niechcialo wejść
@anonymized_account @anonymized_account @anonymized_account Nie Lech - Jaga? 😮,0,78,8,lech Jaga 😮
@anonymized_account @anonymized_account @anonymized_account A kiedy ty zdasz egzamin na zwrot ukradzionej kasy za kilometrówki?,1,127,14,zdać egzamin zwrot ukradziony kasa kilometrówka
"A powtórka dlatego, że oprócz Robbena byli też w polu karnym obrońcy Hoffenheim.",0,80,13,powtórka oprócz robben pole karny obrońca hoffenheim
@anonymized_account Noo! Niezłe nogi!! Czekam na więcej😁😁😁😁. Pozdrawiam z rana😁😁,0,80,10,noo niezły noga czekać 😁 😁 😁 😁 pozdrawiać rano 😁 😁
@anonymized_account @anonymized_account @anonymized_account @anonymized_account Poproszę o dowody na to dobro a nie populistyczne hasła.,0,136,14,poproszeć dowód dobro populistyczny hasło
"Kto zna większa szmatę nie ważne w którą stronę  większą niż @anonymized_account niech da znać,  powiedz @anonymized_account",1,124,17,znać duży szmata ważny który strona duży dać znać powiedzieć
Mam mood na sushi i film,0,24,6,mood sushi film
Time wykonawcy Wszystkie Wschody Słońca\nhttps://t.co/8VAKQrEep9,0,64,5,time wykonawca wschód słońca\nhttps://t.co/8vakqreep9
@anonymized_account Wiadomo ze wiara umiera ostatnia ale nic dobrego niewroze jadze,0,83,11,wiadomo wiara umierać ostatni dobry niewroze jaga
@anonymized_account W windzie na plakacie widzę Hanię. A jak ja widzę to inni też. A kto widział Budę? No to jak Buda ma wygrać z Hanką?,0,136,26,winda plakat widzieć hania widzieć inny widzieć budę buda wygrać hanka
"@anonymized_account @anonymized_account @anonymized_account @anonymized_account Dokładnie. Pierwszy etap w listopadzie, drugi w grudniu.",0,136,12,dokładnie pierwszy etap listopad drugi grudzień
@anonymized_account No spadniemy bo nie będzie Wolskiego haha a jakby był to gralibyśmy o mistrza prawda ? @anonymized_account,0,126,18,spadniemy wolski hahy gralibyśmy mistrz prawda
"Kapuś pogania kapusia, kiła i mogiła komuna wraca ,",0,51,9,kapuś pogać kapuś kić mogiła komun wracać
@anonymized_account też to widze.Żyj dalej w świecie w którym to Legia jest najlepsza na świecie a słaba gra to wynik gry w pucharach.,0,134,23,widze.żyj daleko świat legia najlepsza świat słaby grać wynik gra puchar
TAK W OGÓLE TO H CHCIAŁ SIĘ DZISIAJ SPOTKAĆ ALE ZNOWU GO OLAŁAM XD,0,66,14,ogół h chcieć spotkać olać być xd
@anonymized_account @anonymized_account Niech opowie Polsce dlaczego za jego rządów upadły nasze stocznie a niemiecka żadna!!!,0,126,15,opowiedzieć Polska rząd upaść stocznie niemiecki
@anonymized_account @anonymized_account Z tym Panem nie mam szans :(,0,68,9,pan szansa
@anonymized_account ale tu pewnie kwestie zdrowotne zadecydowały.,0,65,7,pewnie kwestia zdrowotny zadecydować
@anonymized_account Pellet i mniej o patriotyzmie a więcej o gospodarce,0,71,10,pellet mało patriotyzma gospodarka
"@anonymized_account @anonymized_account Obrońca zachował sie jak dzban, ale pilka od Franka przeszła.",0,101,12,obroniec zachować dzban pilka franek przejść
Podobno mają wprowadzić maseczki antysmogowe ze specjalnym otworkiem na papierosa.,0,82,10,podobno wprowadzić maseczka antysmogowy specjalny otworkie papieros
@anonymized_account @anonymized_account No właśnie sprzątam przecież 😎,0,70,7,sprzątać 😎
Nieodwracalne zmiany wykonawcy Kaliber 44\nhttps://t.co/PYzh9OQKIs,0,66,5,nieodwracalny zmiana wykonawca kaliber 44\nhttps://t.co pyzh9oqkis
"@anonymized_account Podlasie za stanowczą interwencją, wszyscy z babcią herod @anonymized_account",0,97,10,podlas stanowczy interwencja babcia herod
"@anonymized_account @anonymized_account Załatwcie jeszcze zdjęcie czaszki, zobaczymy co jest w środku",0,101,11,załatwcie zdjęcie czaszek zobaczyć środek
"@anonymized_account Myślałam do dziś, że to tylko w dowcipach 😃",0,63,10,myśleć być dowcipa 😃
@anonymized_account Tym w sejmie też? Banda hipokrytów i złodziei.,0,66,9,sejm banda hipokryta złodziej
"@anonymized_account @anonymized_account @anonymized_account Zero bezwzgledne- -273,15 stopni celsjusza juz nizej umiejscowic sie nie da",0,135,14,"zero bezwzgledny -273,15 stopień celsjusz nizej umiejscowice dać"
"@anonymized_account Myślę, że Rio Ave to i przyjemnie, i do ogrania.",0,68,11,myśleć rio ave przyjemnie ogranie
"@anonymized_account Pierwszy sukces już za Wami! Nie pomyliłeś stroju z \""Kolorowym piątkiem\"" 😀 \nTrzymam kciuki!",0,114,15,"pierwszy sukces pomylić być strój \""kolorowy piątkiem\ 😀 \ntrzymać kciuk"
@anonymized_account Co na to @anonymized_account @anonymized_account i reszta drużyny  pierścienia?,0,99,10,reszta drużyna pierścieć
@anonymized_account Serio chcecie cichego stadionu ?,0,52,6,serio chcet cichy stadion
@anonymized_account skąd ja to znam XDD,0,39,6,znać xdd
O kurcze skąd tyle unfollow :/,0,30,6,kurczy tyle unfollow
@anonymized_account Skandal! Na treningach sztuk walki się biją!,0,64,8,skandal trening sztuka walka bić
@anonymized_account czyli dopasowała się do wczorajszego poziomu nowej drużyny,0,78,9,dopasować wczorajszy poziom nowy drużyna
@anonymized_account @anonymized_account @anonymized_account Tyle co Wy. Żegnam 😂😂😂,0,82,8,tyle żegnam 😂 😂 😂
Poisonous Darts wykonawcy Ghostface Killah\nhttps://t.co/ne5G2qn3OE,0,67,5,poisonous darts wykonawca ghostfaca killah\nhttps://t.co ne5g2qn3oe
@anonymized_account Naczelny miał więcej polotu od PR owca,0,58,8,naczelny polot pr owiec
"@anonymized_account Ja już nic nie rozumiem, taką bieda a ziemia po 70 tyś, a płody się nie sprzedają",0,101,18,rozumieć taki bieda ziemia 70 tyś płody sprzedawać
@anonymized_account @anonymized_account Bezpiecznie to będzie dopiero wtedy jak PiS zostanie pogoniony a razem nimi ich koledzy z ONR i MW.,0,139,20,bezpiecznie dopiero pis zostać pogoniyć razem kolega onr mw
"@anonymized_account @anonymized_account @anonymized_account @anonymized_account @anonymized_account Sam widzisz, kiedy to się pojawiło.",0,135,11,widzieć pojawić
@anonymized_account @anonymized_account @anonymized_account Może podłub w jakimś kompie.,0,88,8,podłub jakiś komp
@anonymized_account no i po co było się wkurwiać :),0,51,9,wkurwiać
To przemówienie ocalałego z Holokaustu Żyda Edwarda Mosberga poruszyło miliony serc! Posłuchajcie i podajcie dalej!\nhttps://t.co/DG19gCQiyt,0,140,15,przemówienie ocalały holokaust żyda edward mosberga poruszyć milion serce posłuchajć podajta dalej!\nhttps://t.co dg19gcqiyt
"To tylko garstka kapitalnych zdjęć autorstwa ekipy @anonymized_account  💪Marek Dusza, @anonymized_account @anonymized_account G. Jakubowski. #2lataPAD",0,150,15,garstka kapitalny zdjęcie autorstwo ekipa 💪 Marek dusza g jakubowski 2latapad
"@anonymized_account Przytrzymaj ikonkę nagrywania na trochę i powinno ci wyskoczyć okno dialogowe i dotknij tam, ze chcesz nagrywać z dźwiękiem",0,143,20,przytrzymaj ikonka nagrywanie trochę wyskoczyć okno dialogowy dotknij chcieć nagrywać dźwiękie
@anonymized_account w policji i na stacjach benzynowych to samo,0,63,9,policja stacja benzynowy sam
@anonymized_account @anonymized_account @anonymized_account lovekrakow to jest poczytny portal ?,0,96,9,lovekrakow poczytny portal
No to wracamy do testowania szrotu,0,34,6,wracać testować szrot
Obserwowałam ludzi w knajpie i część  cały wieczór spędziła sprawdzając Twittera. W sumie bez sensu wychodzić z domu.,0,117,18,obserwować być człowiek knajpa część wieczór spędzić sprawdzać twitter suma sens wychodzić dom
"@anonymized_account No ok, udobruchałeś mnie, ale więcej nie proś",0,65,9,udobruchać być proś
@anonymized_account Prawdziwy mistrz Polski powinien być wylaniany po 14 kolejkach potem już tylko drukowanie pod legie,0,119,16,prawdziwy mistrz Polska wylaniać 14 kolejka potem drukowanie legia
czy PO już przeprosiło za swojego fanatyka Ryszarda Cybę czy on też był chory psychicznie ? #woronicza17,0,104,17,przeprosić swój fanatyka ryszard cyba chory psychicznie woronicza17
@anonymized_account @anonymized_account Szybko się nauczył polskiego :),0,71,7,szybko nauczyć polski
@anonymized_account @anonymized_account @anonymized_account @anonymized_account A jak tam twoje kochanki? Wykorzystujesz czy już nie?,1,133,13,kochanka wykorzystujesz
"@anonymized_account No właśnie ja też nad tym myśle, chociaż do Warszawy mam strasznie daleko ale bardzo mnie kusi bo kocham nowy album",0,135,22,myśle chociaż warszawa strasznie kusić kochać nowy album
@anonymized_account Borys Dupka i Lisek sami po 5 tysięcy egzemplarzy kupili dla statystyk😂,0,91,13,borys dupka lisek sam 5 tysiąc egzemplarz kupić statystyka 😂
Rycze dzisiaj od rana i aż mnie samą to wkurwia,0,47,10,ryczy rano sam wkurwiać
"@anonymized_account A to ja przepraszam, nie miałam wczoraj czasu na TT 😎",0,73,12,przepraszać mieć być wczoraj czas tt 😎
"Co tak wyje w tle to @anonymized_account @anonymized_account @anonymized_account wyciszyć, w końcu mnie olśniło",0,111,14,wyć tło wyciszyć koniec olśnić
"Dziadek:\n- Kupiłem sobie te buty w '83 w Kuwejcie, nie chcesz może? Nienoszone.\n- ... \n❤😉",0,92,15,dziadek:\n kupić być but 83 kuwejt chcieć nienoszone.\n \n ❤ 😉
"@anonymized_account Ciekawa jestem czy trafiłaś, jedno Ci powiem że może nie wyglada, ale jest najsłodszym człowiekiem na tej planecie 😂😊",0,137,20,ciekawy trafić być powiedzieć wygladać słody człowiek planet 😂 😊
@anonymized_account @anonymized_account jak był w Wiśle to był co chwile wyśmiewany a teraz nagle by go chcieli 😂,0,113,18,wiśle chwila wyśmiewać nagle chcieć 😂
"@anonymized_account @anonymized_account @anonymized_account Tak na pewno piłkarze robili zdjęcia murawy, bo jest równa 😂",0,120,14,pewno piłkarz robić zdjęcie murawa równy 😂
@anonymized_account I przy okazji jakąś współprace załatwić xD,0,62,8,okazja jakiś współpraca załatwić xd
"Góralski za Milika. Liczba zawodników ofensywnych nie musi oznaczać nastawienia zespołu, a odzyskajmy w końcu ten środek pola.",0,126,18,góralski milik liczba zawodnik ofensywnych oznaczać nastawienie zespół odzyskać koniec środek pole
"@anonymized_account tak, np Lech w zeszłym sezonie.A Legia tak ucieka że w ostatniej kolejce miała pełno w gaciach bo Piast mógł ich przegonić",0,142,23,na przykład lech zeszły sezonie.a legia uciekać ostatni kolejka mieć pełno gaci piast móc przegonić
@anonymized_account @anonymized_account @anonymized_account @anonymized_account Dzięki zebranym 180 tys mamy spokój do zimy ? Bez przesady 😂,0,140,16,dzięki zebranym 180 spokój zima przesada 😂
"@anonymized_account Tak, z dedykacją dla ciebie.",0,48,6,dedykacja
Co na to Herod śmierdziuszka @anonymized_account,0,48,6,herod śmierdziuszka
@anonymized_account @anonymized_account @anonymized_account idzie ocieplenie :) jest +5 a po derbach będzie +8 :),0,113,14,iść ocieplenie +5 derba +8
@anonymized_account @anonymized_account Oj GW i N cudowna...wy to macie pojebane w tych glówkach,1,96,13,oj gw n cudowny mieć pojebać glówka
"@anonymized_account Musiałeś sie położyć żeby zrobić zdjęcie tej pary, szanuję",0,78,10,musieć być położyć zrobić zdjęcie para szanować
"RT @anonymized_account Zamieszanie wokół Tomasza Zimocha co najmniej takie, jakby ktokolwiek jeszcze słuchał relacji z meczów w radiu.",0,134,18,zamieszanie wokół tomasz zimochać mało słuchać relacja mecz radio
@anonymized_account Wszystko klubowymi kontami dam już przed meczem.,0,68,8,klubowy kont dać mecz
"Pierwszy ban, historyczny tego smrodu nie zniosę @anonymized_account",0,68,8,pierwszy ban historyczny smród zniosę
@anonymized_account Z tamtego Adama dziś już nic nie zostało. Ale czepianie się go za brata i ojca osobiście nie popieram,0,121,20,tamten adam zostać czepiać brat ojciec osobiście popierać
"@anonymized_account Najrozsądniej, ale sporo osób wybrało urokliwy spacer widlostradą.",0,86,9,rozsądnie sporo osoba wybrać urokliwy spacer widlostrada
"@anonymized_account 3. Nie, bo to jest coś, za co trzeba wziąć odpowiedzialność, a nie zrzucić ją na innych.",0,108,18,3 wziąć odpowiedzialność zrzucić
@anonymized_account @anonymized_account Widziałeś jakiś tekst na ten temat?,0,75,8,widzieć być tekst temat
"@anonymized_account Sam kolego mówiłeś kto jest patriotą a kto nie uczelnia sama decyduje, kto ma psychiczne odejście",0,117,17,kolego mówić być patriota uczelnia decydować psychiczny odejść
"Po maturze, chodziliśmy na carpaccio z tuńczyka.",0,48,7,matura chodzić być carpaccio tuńczyka
@anonymized_account a moim zdaniem spadły dwie drużyny które najbardziej zasłużyły,0,82,10,zdanie spaść drużyna bardzo zasłużyć
"@anonymized_account Skala upadku. Kiedyś w błysku fleszy, dziś oglądany przez kilkanaście osób.",0,95,12,skala upadek kiedyś błysk flesz oglądać kilkanaście osoba
"RT @anonymized_account @anonymized_account @anonymized_account Reporter TVN nie dostał 20k za heilowanie, czyli wychodzi że jest jedynym nazistą na tej imprezie.",0,161,20,reporter tvn dostać 20k heilować wychodzić jedyny nazista impreza
@anonymized_account Bo stary chłop nie jest taki stary jak stara baba :D,0,72,12,stary chłop stary stary baba d
@anonymized_account on ?! Widać że się nie znam na urodzie haha ;),0,66,12,widać znać uroda hahy
"@anonymized_account @anonymized_account W tytule jest, że został pobity, a w tekście nic takiego nie ma 😂",0,105,16,tytuł pobity tekst taki 😂
@anonymized_account Są tam karpie? Może parę słów na temat tego jeziora?😉,0,73,11,karpać parę słowo temat jezioro 😉
"@anonymized_account Mieć instruktora z tylu, może Ci to zredukuje stres i będziesz się pewnie czuła?",0,100,15,mieć instruktor tyle zredukywać stres być pewnie czuć
@anonymized_account Z Legią w Warszawie zawsze gramy w niedziele o 18 a u siebie zawsze w piątek o 20:30 :P,0,107,20,legia Warszawa grać niedziela 18 siebie piątek 20:30 :p
@anonymized_account Drugi myślnik to raczej do spółki stadionowej.,0,66,8,drugi myślnik raczej spółka stadionowy
@anonymized_account @anonymized_account pewnie ranking Fifa bedzie decydowal,0,76,7,pewnie ranking fifa decydowal
@anonymized_account @anonymized_account Ale oby legia mistrzem niebyla,0,70,7,oby legia mistrz niebylać
@anonymized_account @anonymized_account Hehehehehe!No czego to ludzie nie wymyślą😀😀😀😀😀,0,86,8,hehehehehe co człowiek wymyślą 😀 😀 😀 😀 😀
"W żywe ocze manipulują, kurwa @anonymized_account @anonymized_account nie zaglądamy",0,83,9,żywy oczy manipulować kurwa zaglądać
Ej ci co mieszkają nad morzem to wygrali życie,0,46,9,ej mieszkać morze wygrać życie
"@anonymized_account Jesteś tak spięty, rów mentalnościowy miedzy nami, luzuj kolego",0,83,10,być spiąć r mentalnościowy luzuj koly
"@anonymized_account W Dukli i Sparcie biegali napastnicy po 185-195 centymetrów wzrostu, a jutro już za późno :(",0,112,17,dukli sparcie biegać napastnica 185 195 centymetr wzrost jutro późno
"@anonymized_account Nie wstydzimy się za Polskę, a za @anonymized_account",0,73,9,wstydzić polska
Cały czas mam w głowie jego ostatnia wiadomość i nie potrafię zapomnieć,0,71,12,czas głowa ostatni wiadomość potrafić zapomnieć
@anonymized_account Mi tam nowy trener odpowiada można stwierdzić że rezerwowym składem rozjechal slask ;-) i oby tak dalej,0,123,18,nowy trener odpowiadać stwierdzić rezerwowy skład rozjechal slask oby daleko
@anonymized_account Franek Smuda czyni cuda ;-),0,47,6,franka smuda czynić cud
"Synek zrobił piękną kopkę, taki byl po zmeczony że musiałam go przytrzymać bo by upadł",0,86,15,synek zrobić piękny kopka zmeczyć musieć być przytrzymać upaść
- Co jest na początku Pana Tadeusza? \n- Akcyza.,0,48,9,początek tadeusza \n akcyzać
@anonymized_account No to zdecydowanie trafilam 🙈,0,49,6,zdecydowanie trafilam 🙈
@anonymized_account Kolejna łże jak bura suka,1,45,6,kolejny łże bura suka
@anonymized_account to chyba się zarejestrować musze bo jestem pewny wygranej @anonymized_account  @anonymized_account,0,118,12,chyba zarejestrować musz pewny wygrany
@anonymized_account @anonymized_account Eeee!!  #Tok FM więcej wiary w swój elektorat!😁😁,0,88,10,eeee tok fm wiara swój elektorat 😁 😁
@anonymized_account I to również jest duża niespodzianka :),0,59,8,duży niespodzianka
Losowanie II rundy Ligi Europy przesunięte na 14:20.,0,52,8,losowanie ii runda liga Europa przesuniąć 14:20
"@anonymized_account Polacy też wiedzą, że jednym z największych debili jest niejaki Ziemkiewicz.",1,96,12,Polak wiedzieć duży debić niejak ziemkiewicz
@anonymized_account Policzyli hajs i brakuje 1 grosza ;-),0,57,8,policzyć hajsa brakować 1 grosz
"@anonymized_account @anonymized_account @anonymized_account Low kick, kolano łokieć, blacha na czoło i stara leży",1,113,13,low kick kolać łokieć blacha czoło stary leżeć
@anonymized_account I skwarki zamiast skórki pomarańczowej.,0,59,6,skwarka zamiast skórka pomarańczowy
@anonymized_account @anonymized_account Na wymioty mi się zebrało. Ffeeeer,0,74,8,wymioty zebrać ffeeeer
"@anonymized_account Paaaanie, przecież to było marzenie, żeby taką parę stworzyć w Jadze :D",0,91,13,paaaanie marzeć taki parę stworzyć jaga d
@anonymized_account Dobra idę juz spać powodzenia o vice ci życzę bo mistrz wiesz ze do nas należy,0,98,17,dobro iść spać powodzenie vice życzyć mistrz wiedzieć należeć
"Jak tak dalej będą grali Chorwaci i Duńczycy, to proszę wybaczyć, ale publikacja wywiadu z Lukasem Klemenzem nieco się opóźni 😁",0,127,21,daleko grać chorwata duńczyk prosić wybaczyć publikacja wywiad lukas klemenz nieco opóźnić 😁
@anonymized_account wreszcie ktoś mnie rozumie! 👍,0,49,6,wreszcie rozumieć 👍
@anonymized_account Byle nie na ścianach zacnego Instytutu. #ArystokracjaTynku,0,78,8,byle ściana zacny instytut arystokracjatynek
@anonymized_account @anonymized_account Ale intuicja Pana nie zawiodła ostatecznie ;-),0,86,9,intuicja zawiość ostatecznie
"@anonymized_account @anonymized_account @anonymized_account @anonymized_account @anonymized_account No to podasz ten bilans czy sobie uświadomiłeś, że się kompromitujesz ?",0,171,17,podać bilans uświadomić być kompromitujeć
"@anonymized_account To jest chore, wszyscy o @anonymized_account",0,64,7,chory
"@anonymized_account @anonymized_account Oby prędzej, duszę się  w tym pisowskim sosie",0,85,10,oby prędko duszeć pisowski sos
"@anonymized_account Ja jestem na dziennikarstwie, potrzebujesz tylko coś do notatek i ewentualnie teczki na jakieś kserówki",0,123,16,dziennikarstwo potrzebować notatka ewentualnie teczka jakiś kserówka
"@anonymized_account Całe wyrwane... jak nie klamki to gniazda, autko z mojego miasta jest, przestępczość lvl 15190",0,114,16,cały wyrwać klamka gniazda autko mój miasto przestępczość lvl 15190
@anonymized_account może jeszcze dogoni Australie :),0,52,6,dogonić australie
@anonymized_account @anonymized_account chyba nie to konto tylko to @anonymized_account,0,87,9,chyba konto
"@anonymized_account Tak, ale to mocno ogranicza pulę odbiorców, a temat ważny.",0,78,11,mocno ograniczać pula odbiorca temat ważny
"@anonymized_account Niech nam żyje prezes Kaczyński, niech nam zyje dobra władza",0,80,11,żyć prezes Kaczyński zyć dobry władza
@anonymized_account Czyli jednak nie jest takim geniuszem na jakiego się kreuje.,0,80,11,taki geniusz jaki kreować
Klasyczny Jarmolenko. Zejście z prawego skrzydła do środka i techniczny strzał lewą nogą.,0,89,13,klasyczny Jarmolenko zejść prawy skrzydło środek techniczny strzał lewy noga
"@anonymized_account Przebijam. Gimnastyka, 2h basenu i 9 dzień głodówki 😎",0,73,10,przebijam gimnastyka 2h basen 9 dzień głodówka 😎
@anonymized_account Podcięła sobie żyły o ile dobrze pamietam,0,61,8,podciąć żyła pamietać
"@anonymized_account Młodszym to chyba nie, zazwyczaj facet jest ode mnie starszy lmao",0,85,12,młody chyba zazwyczaj facet od stary lmao
"@anonymized_account @anonymized_account @anonymized_account Jaki, debilu, nie wierzysz słowom swojego idola?",0,108,10,debil wierzyć słowo swój idol
@anonymized_account była chociażby na meczu ze Śląskiem i na finale z Artego,0,76,12,chociażby mecz śląskie finał arty
@anonymized_account a w kolejnych fajnie jakby grał na lewej za Sadloka @anonymized_account,0,91,12,kolejny fajnie grać lewy sadloka
"RT @anonymized_account @anonymized_account @anonymized_account Nie powinno sie nic zmienić, 1szy mecz w Białymstoku, ale oficjalne potwierdzenie wszystkich terminó…",0,164,18,zmienić 1szy mecz białymstoku oficjalny potwierdzenie terminó
A później do pracy znowu pfe,0,28,6,późno praca pfe
@anonymized_account O kurwa ale jesteś głupi,1,44,6,kurwa być głupi
@anonymized_account @anonymized_account @anonymized_account @anonymized_account W top 10 ale chyba najbogatszych malopolan a nie Polaków,0,136,14,top 10 chyba bogaty malopolana polak
"@anonymized_account Cala tępa swolocz z mojego miasta też tam pojechala , po prostu tępa do potęi entej",0,103,17,tępa swolocz mój miasto pojechalać prosty tępa potęi enty
@anonymized_account @anonymized_account @anonymized_account No to kiedy się mijamy ? No i macie lepszego trenera 😂👏,0,115,15,mijać mieć dobry trener 😂 👏
Idę robić makijaż i biegnę na uczelnię,0,38,7,iść robić makijażin biegnę uczelnia
RT @anonymized_account @anonymized_account @anonymized_account Niech opowie Polsce dlaczego za jego rządów upadły nasze stocznie a niemiecka żadna!!!,0,149,17,opowiedzieć Polska rząd upaść stocznie niemiecki
"@anonymized_account Mówimy o przywiązaniu do nazwisk, a nie, czy ktoś zawinił :)",0,80,12,mówić przywiązaniu nazwisko zawinić
@anonymized_account A ja się pytam jakim prawem???? Ją też wybrał Suweren!,0,74,11,pytać jaki prawo wybrać suweren
"@anonymized_account Nie sądzę, ale informacji żadnej nie posiadam na ten temat.",0,79,11,sądzić informacja żaden posiadać temat
@anonymized_account @anonymized_account i tory też były złe.,0,60,7,tor zły
RT @anonymized_account @anonymized_account Nie największą konpromitacją w powojennej historii to był Pana udział w obalaniu Premiera Olszewskiego. #N…,1,150,18,największą konpromitacja powojenny historia udział obalać premier olszewskiy n
"Często jedziemy gdzieś  i akurat idą do kościoła, te same myśli kłębią się nam w glowach, często o tym gadamy",0,109,20,jechać akurat iść kościół sam myśl kłębić glow gadać
"@anonymized_account Zieliński gra wyżej, w miejsce Grosika.",0,59,7,Zieliński grać wysoko miejsce grosik
"@anonymized_account Wiem, wiem, bardzo Ci dziękuje za odpowiedź, muszę się wybrać w wolnej chwili do lekarza, jeszcze raz dzięki x",0,130,20,wiedzieć wiedzieć dziękować odpowiedź musieć wybrać wolny chwila lekarz dzięki x
@anonymized_account no to słaby z ciebie dziennikarz,0,52,7,słaby dziennikarz
"@anonymized_account @anonymized_account Socjologia - dobre narzędzie, jedno z tych, wykorzystywanych do robienia przez KK ludziom wody z mózgu.",1,143,18,socjologia dobry narzędzie wykorzystywać robić kk człowiek woda mózg
@anonymized_account @anonymized_account Przecież Wisła ma bardzo dobrą bazę. Możesz powiedzieć czego ci tam brakuje ?,0,117,15,wisła dobry baza móc powiedzieć co brakować
"@anonymized_account @anonymized_account Ile ty masz lat, 12 nie więcej na 100%",0,78,11,mieć rok 12 100
@anonymized_account @anonymized_account @anonymized_account @anonymized_account Nie włączaj telewizji. Żadnej. Już nic ci nie pomoże.,0,133,13,włączać telewizja żaden pomóc
"Wassermannówna kłamie, mówiąc, że „przyszła do polityki”. Ona przyjechała na trumnie ojca.",1,90,12,wassermannówny kłamać mówić przyjść polityka przyjechać trumn ojciec
"@anonymized_account Piłka nożna dla kibiców, nie dla dziennikarzy czy trenerów",0,78,10,piłka nożny kibic dziennikarz trener
@anonymized_account ale napisał Pan że po podziale pkt :)  @anonymized_account,0,78,10,napisać podział punkt
"@anonymized_account Nie wiem, na co mieli pomysł w drugiej połowie, ale na pewno nie na strzelenie zwycięskiego gola z gry 😛",0,124,21,wiedzieć mieć pomysł drugi połowa pewno strzelenie zwycięskiego gol gra 😛
"@anonymized_account @anonymized_account @anonymized_account @anonymized_account @anonymized_account @anonymized_account @anonymized_account Oj tam, dyskusja zwykła 😉",0,165,12,oj dyskusja zwyknąć 😉
@anonymized_account Uczciwie? Dorwaliście się do żłobu i okradacie państwo na miliony złotych. O dewastacji instytucji państwowych nie wspomnę.,0,143,18,uczciwo dorwaliście żłób okradacie państwo milion złoty dewastacja instytucja państwowy wspomnę
"@anonymized_account Takie było moje wrażenie, że sporo długich do rywala. Jakbyśmy zobaczyli skuteczność długich podań, to byśmy wiedzieli.",0,139,18,wrażenie sporo długi rywal jakby być zobaczyć skuteczność długi podanie by być wiedzieć
@anonymized_account A co z rozumem? Bo jakoś marnie widzę po Pana kontaktach z @anonymized_account  w TVPis.,0,108,16,rozum marnie widzieć kontakt tvpis
Ale miałam głupi sen i cant,0,27,6,mieć być głupi sen cant
@anonymized_account Skąd wiesz? Ucięłam logo 🧐,0,46,6,wiedzieć ucięć być logo 🧐
@anonymized_account jeju czuje taka ulgę ze szok 😁,0,50,8,Jeju czuć ulga szok 😁
@anonymized_account @anonymized_account Nic nie wiesz kobieto o Wielkiej Brytanii i nie wypowiadaj się na nieznane ci tematy.,0,125,17,wiedzieć kobieto wielki brytania wypowiadać nieznany temat
jutro spędzę cały dzień z H,0,27,6,jutro spędzić dzień h
"@anonymized_account Dobra, cicho sza, przemilczany to",0,53,6,dobry cicho sza przemilczać
@anonymized_account @anonymized_account może dlatego że dostali po mordzie nie tylko na boisku ?,0,96,13,dostać mord boisko
@anonymized_account Na Michaliku pewnie też się przejadą jak na Vestenickim.,0,76,10,michalik pewnie przejechać vestenicki
@anonymized_account @anonymized_account a kto rozmawia o zmianie trenera ?,0,74,9,rozmawiać zmiana trener
@anonymized_account @anonymized_account @anonymized_account Proszę poszukać tweeta z sobotniego wieczoru.,0,105,9,prosić poszukać tweet sobotni wieczór
Ludzie się dziwnie na mnie patrzą jak mam szalik i rękawiczki ALE MI JEST ZIMNO OK,0,82,16,człowiek dziwnie patrzeć szalik rękawiczka zimno
@anonymized_account Genetyczny patriota handluje w siedzibie MON?,0,65,7,genetyczny patriota handlować siedziba mon
"@anonymized_account Żurowska, Ziętara, Szott.Zobaczymy czy trafię :)",0,68,7,żurowski ziętara szott.zobaczymy trafia
"@anonymized_account @anonymized_account @anonymized_account Od Rumunów zawsze w łeb, więc się nie nastawiam :D",0,110,13,rumun łeb nastawiać d
RT @anonymized_account Okno na świat najskuteczniej zasłania Gazeta... Polska.\nCo wspaniale wykorzystuje PiS trzymając swe owieczki w cywilizacyjn…,0,148,17,okno świat skutecznie zasłaniać gazeta polska.\nco wspaniale wykorzystywać pis trzymać swój owieczka cywilizacyjn
@anonymized_account Chcesz Klubowe na jutro na 15:30? 😁,0,55,8,chcieć klubowy jutro 15:30 😁
@anonymized_account no jeśli się kierujecie statystykami to niech wam będzie.Ale Wisła w sez zasadniczym nie grała na maxa bo miała jeszcze eurolige,0,148,22,kierujeta statystyek będzie.ale wisłać sez zasadniczy grać maxa mieć eurolige
"#słowoNaNiedzielę \nZaprawdę powiadam Wam,aby wykastrować księdza,trzeba ministranta w podbródek kopnąć.\nAmen.",1,111,10,słowonaniedziela \nzaprawdę powiadać wykastrować ksiądz ministrant podbródek kopnąć.\namen
"@anonymized_account Ja mam uczulenie na dobrą zmianę, ale to dłuższa historiac",0,78,11,uczulenie dobry zmiana dłuższa historiac
@anonymized_account @anonymized_account @anonymized_account a Ty zapewniałeś już jakiś czas temu że jest zwolniony więc chyba sobowtór prowadzi drużyne,0,151,18,zapewniać być czas zwolnić chyba sobowtór prowadzić drużyny
"Dziadek: \n- Robię porządek na dysku, są tu Twoje stare dokumenty. Potrzebujesz czy usunąć?\n- A jakie?\n- Np. \""Klasóweczka z mszaków\"" z 2001 😂",0,145,23,"dziadek \n robić porządek dysk stary dokument potrzebować usunąć?\n jakie?\n na przykład \""klasóweczka mszaków\ 2001 😂"
@anonymized_account Maść na ból dupy podwójna,0,45,6,maść ból dupa podwójny
"@anonymized_account @anonymized_account Chodzi przecież o słowa, że nie gra nie z powodów sportowych, a nie że będzie chciał odejść.",0,132,19,chodzić słowo grać powód sportowy chcieć odejść
A dziś dzień bez stanika miłe Panie!!!😁😁😁😁,0,42,7,dzień stanik miły pani 😁 😁 😁 😁
"@anonymized_account Dziura w budżecie, więc tak trzeba spłacać kary :)",0,70,10,dziura budżet spłacać kara
@anonymized_account dlatego gracie na licencji Amiki ?,0,54,7,grać licencja amik
@anonymized_account Pan kończył architekturę czy może jest Pan fanem przedwojennych Niemiec?,0,92,11,kończyć architektura fan przedwojennych niemiec
@anonymized_account Sędzia MUSI swoje poglądy polityczne zostawić w domu.. I nie MOŻE występować za lub przeciw politykom!,0,122,17,sędzia pogląd polityczny zostawić dom występować przeciw politykom
"@anonymized_account nie przepadam za komediami romantycznymi, ale ten film, dla mnie, jest absolutnie doskonały!",0,112,14,przepadać komedia romantyczny film absolutnie doskonać
@anonymized_account No i teraz mozna nabrac podejrzeń po tej jego akcji w meczu z wami 😂 gratulacje za mistrza 👏,0,112,20,nabracć podejrzenie akcja mecz 😂 gratulacja mistrz 👏
"@anonymized_account Wspaniale! Za to wyróżnienie serdecznie dziękuję i myślę, że wszyscy wuzetzetowcy są Panu Prezydentowi wdzięczni!",0,133,16,wspaniale wyróżnienie serdecznie dziękować myśleć wuzetzetowiec pan prezydent wdzięczny
@anonymized_account @anonymized_account @anonymized_account Zarząd ma na celu dobro klubu a nie upublicznianie poufnych informacji które by zaszkodzily Wiśle,0,157,18,zarząd cel dobro klub upubliczniać poufny informacja zaszkodzily wisł
"RT @anonymized_account @anonymized_account No pewnie zamiast dac na cele społeczne ,to lepiej przelać na prywatne konta jak to robił poprzedni rząd",0,147,21,pewnie zamiast dac cel społeczny dobrze przelać prywatny konto robić poprzedni rząd
"@anonymized_account @anonymized_account @anonymized_account No jasne, przecież nie mam słuchu",0,93,9,jasny słuch
@anonymized_account Na szczęście jeszcze nie znam całego internetu na pamięć.,0,77,10,szczęście znać cały internet pamięć
RT @anonymized_account @anonymized_account O jakiej większości mówimy mistrzu..?,0,80,8,jaki większość mówić mistrz
RT @anonymized_account Diler wydający rachunek za narkotyki po płatności kartą kredytową. Tego jeszcze nie było. Misiło i wszystko jasne.#Woronic…,0,146,19,diler wydający rachunek narkotyk płatność karta kredytowy misić jasne.#woronic
@anonymized_account Aklimatyzacja trwa krócej za 5 razem niż za pierwszym taki brlek we Włoszech szybciej się   ogarnie niż w Krk.,0,130,20,aklimatyzacja trwać krótko 5 razem pierwszy brlka włoszech szybko ogarć krk
"Spółka srebrna kapitał  7 mln,  w zarządzie sekretarka i kierowca Jarkacza",0,74,11,spółka srebrny kapitał 7 milion zarząd sekretarka kierowca jarkacza
"@anonymized_account @anonymized_account @anonymized_account Nigdzie to nie zostało wyszczególnione i nie wiem, co to ma do rzeczy.",0,130,16,nigdzie zostać wyszczególnić wiedzieć rzecz
@anonymized_account Jaga 2008-2010 31 meczów bez wygranej na wyjazdach w Ekstraklasie.,0,86,11,jag 2008 2010 31 mecz wygrana wyjazd ekstraklasa
"@anonymized_account @anonymized_account @anonymized_account Śliczny , kochany nasz premier, jak z obrazka",0,105,11,śliczny kochać premier obrazek
@anonymized_account @anonymized_account Oczywiście zawsze jestem realista obiektywnym poza jednym wyjątkiem.... WISŁA,0,117,11,oczywiście realista obiektywny wyjątek wisła
@anonymized_account @anonymized_account @anonymized_account @anonymized_account zobaczymy co da się zrobić :) najpierw musze je naostrzyć :),0,140,15,zobaczyć dać zrobić najpierw muy naostrzyć
"Pani @anonymized_account zaorana,  wstyd za takich prawników jak Pani, to mówią internety, przecież  to takie ważne",0,115,16,zaorać wstyd prawnik mówić interneta ważny
@anonymized_account @anonymized_account mowa o tej dupie ?:),1,60,7,mowa dupa
"@anonymized_account @anonymized_account Widzę, że niektórym puszczają zwieracze,ale jakaś kultura obowiązuje. A hanys to brzmi dumnie😁😁😁",0,136,15,widzieć niektóry puszczać zwieraczy kultura obowiązywać hanys brzmieć dumnie 😁 😁 😁
@anonymized_account Ale pomijana w czym ?,0,41,6,pomijać co
"@anonymized_account @anonymized_account Naprawimy wszystko, po to jesteśmy",0,74,7,naprawić być
asocjacja intymna władzy z księdzem Rydzykiem jest przerażająca,0,63,8,asocjacja intymny władza księdz rydzykie przerażający
@anonymized_account no to już wiemy o ile Twój portfel się skurczy :P a za reszte zapłacisz kartą MasterCard ?:),0,112,19,wiedzieć portfel skurczyć :p reszte zapłacić karta mastercarda
@anonymized_account zamieszczanie takich zdjęć podczas gdy ja jestem na sucharach powinno być zabronione :),0,107,14,zamieszczanie zdjęcie suchara zabroniyć
"@anonymized_account Im starszy tym bardziej inteligentny inaczej. A wydawałoby się, że niżej upaść się nie da.",1,110,16,stary inteligentny inaczej wydawać by nisko upaść dać
@anonymized_account ciekawe jak sobie w Ruchu poradzi.Bo w Wiśle to słabiutko grał.,0,83,12,ciekawy ruch poradzi.bo wiśle Słabiutko grać
"RT @anonymized_account #Woronicza17 kradli rano, kradli w południe, kradli wieczorem, kradli w nocy, przez cały czas kradli i kłamali",0,133,19,woronicza17 kraść rano kraść południe kraść wieczór kraść noc czas kraść kłamać
Panowie @anonymized_account @anonymized_account @anonymized_account \n\nnie raczyliście dziś przybyć na pogrzeb gen. #ŚciborRylski-ego.\n\nJesteście żenujący,0,157,13,pan \n\nnie raczyliście przybyć pogrzeb generał ściborrylski ego.\n\njesteście żenujący
@anonymized_account I jeszcze 5* Mariotta dla Kempy,0,51,7,5 mariotta kempa
RT @anonymized_account @anonymized_account w politykę to sie bawi Pierwsza Prezes SN....nie zauważyła Pani????,1,110,13,polityka bawić pierwszy prezes sn zauważyć
@anonymized_account Ile biletów dla gości? Czy zakaz mają?,0,58,8,bilet gość zakaz
"RT @anonymized_account Jeszcze żaden Polak nie wystąpił w meczu gwiazd NBA, nie licząc Mietka Paciaciaka ;) Pomóżmy Marcinowi Gortatowi być 1…",0,142,21,polak wystąpić mecz gwiazda nba liczyć mietka paciaciak pomóżmy marcin gortat 1
"P zabrał mnie dzisiaj na spacer i pograliśmy w siatkówkę trochę 😂 w sumie czuje się znacznie lepiej, nie podziękowałam mu nawet za to",0,133,24,p zabrać spacer pograć być siatkówka trochę 😂 suma czuć znacznie dobrze podziękować być
"@anonymized_account  spokojnie, 4 wystarczy do pomocy, do pomalowania jest mieszkanie, nie pół bloku. @anonymized_account @anonymized_account @anonymized_account",0,161,16,spokojnie 4 wystarczyć pomoc pomalować mieszkanie pół blok
"@anonymized_account @anonymized_account @anonymized_account @anonymized_account O rany, niezły szok to musiał być :/ Mam nadzieję że nic się nikomu nie stało.",0,158,20,rana niezły szok musieć nadzieja nikt stać
@anonymized_account @anonymized_account @anonymized_account Za bardzo słupki spadły i Prezes was zjebał?,0,104,11,słupek spaść prezes zjebać
@anonymized_account W Polsce mamy ruch prawostronny i zawsze jak masz możliwość to musisz zmienić pas na prawy,0,110,17,Polska ruch prawostronny mieć możliwość musieć zmienić pas prawy
"W każdej z czterech grup będzie walka o zwycięstwo premiowane awansem do CLJ. Bardzo potrzebne rozwiązanie, brawo.",0,114,17,każdy cztery grupa walka zwycięstwo premiować awans clj potrzebny rozwiązanie brawo
"Uuuu tvtime mówi, że we wtorek nowy odcinek diagnozy",0,52,9,uuuu tvtime mówić wtorek nowy odcinek diagnoza
"@anonymized_account Widzę, że MO jest pani ulubienicą😁😁😁",0,56,7,widzieć mo ulubienica 😁 😁 😁
@anonymized_account @anonymized_account Dobrze ze z legia niegracie bo z legia by gola uznali,0,93,13,legia niegracie legi gol uznać
"Był taki Pan, który się plątał po placyku w Wwa. Mowił, że znał Himilsbacha i Maklakiewicza. \nPotem tylko ciszej dodawał: Ale nie osobiście.",0,141,23,plątać placyk wwa mowić znać himilsbach maklakiewiczać \npot ciszy dodawać osobiście
@anonymized_account 100 % i wiecej nie  pierdol,0,47,7,100 wiecej pierdol
@anonymized_account Dla mnie new balance to cuda,0,48,7,New balance cud
@anonymized_account Minęło trochę czasu i dalej cisza.,0,54,7,minąć trochę czas daleko cisza
@anonymized_account @anonymized_account U mnie też wyświetla właściwe kolory 😊,0,78,9,wyświetla właściwy kolor 😊
"@anonymized_account @anonymized_account Olałeś ludzi po raz kolejny. Krzywoprzysięzca, oszust i kłamca - z takimi ludźmi się nie spotykam.",1,138,18,olać być człowiek kolejny krzywoprzysięzca oszust kłamca taki człowiek spotykać
"@anonymized_account Zależy jak na to spojrzeć. Z jednej strony akredytacja, z drugiej wyjazd za swoje $$$ 😉",0,107,17,zależeć spojrzeć jeden strona akredytacja drugi wyjazd $ $ $ 😉
@anonymized_account co Ty przeprowadziłaś się do Budapesztu ?:),0,63,8,przeprowadzić być budapeszt
@anonymized_account Oczywiście pisze to z szacunku do jego PLN dawał z miłości nie z chęci zysku żeby ktoś źle nieodebral mojego tweeta,0,135,22,oczywiście pisać szacunek pln dawać miłość chęć zysk źle nieodebral mój tweet
@anonymized_account @anonymized_account @anonymized_account Nawet jak się nie uda obronić mistrza to przynajmniej wygra ktoś kto budzi sympatie :),0,146,18,udać obronić mistrz przynajmniej wygrać budzić sympatia
@anonymized_account Bo generalnie tak się robi,0,46,6,generalnie robić
@anonymized_account A co to za facet obok Grzesia?😁😁,0,52,8,facet grześ 😁 😁
@anonymized_account Aaaa myślałam ze gdzies na żywo,0,51,7,aaaa myśleć być żywo
@anonymized_account @anonymized_account @anonymized_account @anonymized_account Niemozemy być fabryką piłkarzy darmowych bo z takich piłkarzy niema nic dla Wisły,0,161,17,niemozemy fabryka piłkarz darmowy piłkarz niemy wisła
@anonymized_account @anonymized_account A w którym kościele głową jest Chrystus?,0,80,9,kościół głowa chrystus
@anonymized_account @anonymized_account Abnegacja rozdziału kościoła od państwa,0,79,7,abnegacja rozdział kościół państwo
@anonymized_account Ten 8% czy 23%? 😜,0,37,6,8 23 😜
"@anonymized_account Czyli Włodzimierz Lubanski jest kontuzją, która odebrała Polakowi mundial?",0,94,10,włodzimierz lubanski kontuzja odebrać polak mundial
"@anonymized_account Śląsk, Pomorze - o co chodzi?",0,49,7,śląska pomor chodzić
@anonymized_account To widocznie oglądaliśmy dwa różne mecze 😉,0,62,8,widocznie oglądać być różny mecz 😉
"@anonymized_account @anonymized_account @anonymized_account PiS to kolorowa partia, wspiera lgbt,  liberalizuje ustawę aborcyjną, rozdział kościoła od państwa",0,158,16,pis kolorowy partia wspierać lgbt liberalizować ustawa aborcyjny rozdział kościół państwo
@anonymized_account @anonymized_account @anonymized_account @anonymized_account @anonymized_account @anonymized_account Niestety nie widziałem Cię na stadionie xD,0,162,13,niestety widzieć być stadion xd
@anonymized_account @anonymized_account @anonymized_account szczególnie 2 mecz w Bydgoszczy,0,91,8,szczególnie 2 mecz bydgoszcz
"@anonymized_account @anonymized_account Ale tą są chamy bez traktorów, pisdzielstwo z miasta, cham jebany od marketingu końmi chce się zajmować,",1,144,19,ten cham traktor pisdzielstwo miasto chać jebać marketing końmi zajmować
@anonymized_account Ładnie się nazywasz. Niestety tylko tyle bo to oczyma piszesz do twojego imienia nijak nie przystaje.,0,121,17,ładnie nazywać niestety tyle oko piszesz twój imię nijak przystawać
"@anonymized_account To nie wymóg, dzięki blokowaniu prywatyzacji poczty, to standard.",0,85,10,wymóg dzięki blokować prywatyzacja poczta standard
@anonymized_account @anonymized_account @anonymized_account @anonymized_account @anonymized_account Na chwile obecna jest dokładnie 15 dni opóźnienia i tego się trzymajmy,0,170,17,chwila obecny dokładnie 15 dzień opóźnienie trzymać
@anonymized_account mogę oddać samego zainteresowanego jeśli chcesz,0,67,7,móc oddać sam zainteresowanego chcieć
@anonymized_account @anonymized_account @anonymized_account A kto inny ma się bić? Każdy zwyciezca ligi wojewódzkiej gra w barazach.,0,132,16,bić zwyciezca liga wojewódzki grać baraz
"@anonymized_account @anonymized_account A te zajęcia to z czego były?? Domyślam się, że z anatomii.😁😁😁😁",0,103,14,zajęcia co domyślać anatomia 😁 😁 😁 😁
@anonymized_account Już od pięciu lat tak spędzam wieczory 20 X.,0,64,10,pięć rok spędzać wieczór 20 x
"RT @anonymized_account Pasowało by wreszcie przestać lizać się po jajach , podniecać ilością transferów i zwrócić uwagę na styl i wyniki bo jaka…",0,145,23,pasować wreszcie przestać lizać jaj podniecać ilość transfer zwrócić uwaga styl wynik jaki
@anonymized_account poczekam jednak na oficjalną aktualizacje :) licze ze do 1-2 tygodni będzie :),0,98,14,poczekać oficjalny aktualizacja licz 1 2 tydzień
@anonymized_account @anonymized_account No to murem za Beatą!!!😀😀,0,65,7,mur beata 😀 😀
Na TVP Kraków padła właśnie informacja że rozmowy z potencjalnym kupcem Wisły przełożony z dziś na jutro.,0,105,17,tvp kraków paść informacja rozmowa potencjalny kupc wisła przełożony jutro
@anonymized_account @anonymized_account @anonymized_account Proponuję dokładnie poczytać. Całkiem ciekawa lektura.,0,114,9,proponować dokładnie poczytać całkiem ciekawy lektura
"@anonymized_account @anonymized_account @anonymized_account @anonymized_account Był taki jeden, co do dziennikarza powiedział \""spieprzaj dziadu\"". Pisowskie gnojki.",1,165,15,"dziennikarzać powiedzieć \""spieprzaj dziadu\ pisowski gnojka"
"@anonymized_account Na wszystko masz odpowiedź, żyłeś w tych czasach?",0,69,9,mieć odpowiedź żyć być czas
"@anonymized_account walka pies vs. kanapa z góry jest przegrana. Wszystkie to robią, tylko te lepiej wychowane kiedy właściciel nie widzi.",0,138,20,walka pies vs kanapa góra przegrać robić dobrze wychowany właściciel widzieć
@anonymized_account Na transfery out to generalnie bez sensu na Jurowieckiej czekać 😉,0,85,12,transfer out generalnie sens jurowieckiy czekać 😉
"@anonymized_account @anonymized_account @anonymized_account ale ty debil jesteś, a o Twoich lajkujących i dających RT nie wspomnę.",1,130,16,debil być twój lajkujący dający wspomnę
"@anonymized_account Ale to kto jest potęgą w tym losowaniu, jeśli Lipsk nią nie jest? :)",0,88,15,potęga losowaniu lipsk
RT @anonymized_account Pięta był żałosny i przed ujawnieniem romansu.,1,69,9,pąć żałosny ujawnieć romans
"@anonymized_account Łatwo oceniać, świadczy o twoim niedojebaniu umysłowym, Kto mieczem wojuje, ten od pochwy ginie",1,115,15,łatwo oceniać świadczyć niedojebanie umysłowy miecz wojywać pochwy ginąć
"@anonymized_account @anonymized_account O masz! Co tu się wydarzyło?! Myślałam, że żart.",0,88,11,mieć wydarzyć myśleć być żart
Settings/upnp/dlna renderers/ ffmpeg/all audio formats i gra,0,60,7,settings upnp dlny renderers/ ffmpeg all audio formats grać
"Śwaietowanie, radość i okrzyki \""raz sierpiem raz młotem czerwoną hołotę\"" , czyli siebie?",0,90,13,"śwaietowanie radość okrzyk \""raz sierpiem młot czerwony hołotę\ siebie"
"@anonymized_account Też masz ładnego i mądrego pieska, widziałem",0,64,8,mieć ładny mądry piesko widzieć być
@anonymized_account @anonymized_account @anonymized_account jak ktoś bedzie na to zasługiwał to na pewno dostanie szanse.,0,121,14,zasługiwać pewno dostać szansa
"@anonymized_account @anonymized_account @anonymized_account Ty gnojku, jakby nie tacy ludzie jak Frasyniuk, to być zapierdalał dzisiaj przy gnoju u siebie na wsi.",1,162,21,gnojk taki człowiek Frasyniuk zapierdalać gnój siebie wieś
@anonymized_account @anonymized_account W cholerę was tam jest na tym spotkaniu.,0,80,10,cholera spotkanie
"@anonymized_account Klauzula? Bo nie wierzę, że Celta sama z siebie za takie grosze go sprzedaje.",0,97,15,klauzulać wierzyć celta siebie grosz sprzedawać
@anonymized_account Co za determinacja!!😁😁 Tylko kobieta może być tak zdetetminowana jesli chodzi o inną kobietę😁😁😁😁,0,116,15,determinacja 😁 😁 kobieta zdetetminować chodzić inny kobieta 😁 😁 😁 😁
"@anonymized_account baron jest the best, ty jesteś the best, czas na royal baby",0,79,13,barona the best być the best czas royal baba
@anonymized_account Radzą jak i co jeszcze wydoić z budżetu państwa?,0,68,10,radzić wydoić budżet państwo
@anonymized_account jak można było się domyślić chodziło mi o komentarze odnośnie meczu,0,87,12,domyślić chodzić komentarz odnośnie mecz
"@anonymized_account @anonymized_account Nie poznajesz, to ordynarna, prostacka Beata",0,84,8,poznajesz ordynarna prostacki beata
"RT @anonymized_account @anonymized_account A ja mi życzę,żeby o własnych nogach przed Trybunału Stanu się zjawił.\nAmen",0,119,15,życzyć własny noga trybunał stan zjawił.\namen
@anonymized_account @anonymized_account @anonymized_account A był artykuł jak Michniewicz komentował euro zamiast przygotowywać zespół do sezonu ?,0,146,16,artykuł michniewicz komentować euro zamiast przygotowywać zespół sezon
Słomka w wyjściowym składzie GKSu :) Meczyk na Polsat Sport.,0,60,10,słomko wyjściowy skład gks meczyk polsat sport
"@anonymized_account @anonymized_account @anonymized_account Zamknij japę, bo tyle zlego co kaczystan zrobił, nasze prawnuki bede naprawiać",1,138,15,zamknij japa tyle zlego kaczystan zrobić prawnuk naprawiać
@anonymized_account @anonymized_account była mowa o najlepszym piłkarzu w historii a nie najbardziej utytułowanym.,0,114,13,mowa dobry piłkarz historia bardzo utytułowany
@anonymized_account @anonymized_account @anonymized_account Śmiać się czy płakać ?...,0,85,8,śmiać płakać
@anonymized_account @anonymized_account Kiedyś spadłem z drugiego piętra na główkę  i nic,0,89,11,kiedyś spadłem drugi piętro główka
"@anonymized_account @anonymized_account @anonymized_account Jak się zapisałem, wojna nie będzie latwa, swoich napierdalać żeby dotrzeć do jądra",0,143,16,zapisać być wojna latwo swój napierdalać dotrzeć jądro
@anonymized_account Szkoda że nie narysował jak się bogacił,0,59,8,szkoda narysować bogacić
@anonymized_account 55 tys kibiców na meczu z ogorkami jak oni to robią,0,71,12,55 kibic mecz ogork robić
"@anonymized_account Tbh on jest poprostu cały czas naćpany... nie mogę patrzec na jego oczy, każdy wywiad, nawet na tej ostatniej gali było widać idk",0,149,24,tbh poprosta czas naćpać móc patrzec oko wywiad ostatni gala widać idk
robie listę swoich fav osóbek,0,29,5,robia lista swój fava osóbek
@anonymized_account Trąba ? Nie no ostro pojechałaś :D,0,54,8,trąba ostro pojechać być d
"@anonymized_account życie.Ale będzie dobrze, głowa do góry :)",0,61,8,życie.ale głowa góra
@anonymized_account @anonymized_account @anonymized_account Chodziło o to że wyliczenia ile zarobili na transferach nie ma znaczenia w tym przypadku.,0,149,18,chodzić wyliczenie zarobić transfer znaczenie przypadek
"Paulinho oficjalnie z powrotem w Chinach. Jeśli Barcelona rzeczywiście zarobiła 50 milionów, to jest to majstersztyk.",0,117,16,paulinho oficjalnie powrót chiny barcelyć rzeczywiście zarobić 50 milion majstersztyk
@anonymized_account Twoi koledzy w TV palą po klatkach schodowych. Zapytaj.,0,75,10,kolega tv palić klatka schodowy zapytać
"@anonymized_account Mucha, mówię Ci coś. \nChoć ja tam widzę jedynie skarpetki w kotki.",0,87,13,mucha mówić \nchoć widzieć skarpetka kotka
@anonymized_account @anonymized_account @anonymized_account Ok to kończymy twoja historié w tym miejscu,0,103,11,kończyć historié miejsce
@anonymized_account co z Kubą zostaje w Wolsburg? Czy ma jakieś propozycje?,0,75,11,kuba zostawać wolsburg jakiś propozycja
"@anonymized_account Nic, nic,nic nieważne, jutro albo w najbliższym czasie się odezwę, narka",0,92,12,nieważny jutro bliski czas odezwąć narka
"@anonymized_account @anonymized_account Jakby w drugą stronę po VAR-ze coś takiego odgwizdali, to byłbyś czerwony ze wściekłości :P",0,131,17,drugi strona var taki odgwizdać byłbyś czerwony wściekłość :p
@anonymized_account @anonymized_account I kolejne setki godzin zmarnowanych :/,0,78,8,kolejny setka godzina zmarnowany
"@anonymized_account @anonymized_account O jezu, dobrze że ja nie muszę w tej szopce uczestniczyć, i moje dzieci",0,111,16,jezu musieć szopka uczestniczyć dziecko
Tymczasem jak mi donoszą wiewiórki z Karpacza w Western City od wczoraj trwa gorączkowe poszukiwanie kamer i mikrofonów,0,119,18,tymczasem donosić wiewiórka karpacz westerna city wczoraj trwać gorączkowy poszukiwanie kamera mikrofon
@anonymized_account @anonymized_account @anonymized_account no to jak zaprezentują sponsora to wtedy można gratulować zarządowi,0,127,13,zaprezentować sponsor gratulować zarząd
"@anonymized_account Chłopie, odpocznij. A może masz niedotleniony mózg bo Ci napletek skronie zbyt mocno uciska?",1,112,15,chłopa odpocznij mieć niedotleniyć mózg napletek skronie zbyt mocno uciskać
@anonymized_account Liczba karnych dla Radomiaka też jest zastanawiająca :),0,75,9,liczba karny radomiak zastanawiający
Dzisiaj 54 na rowerze z Manusiem po piachu we lesie. Punkt zborny Czerwony Bór przy więzieniu. Manuś ma sentyment,0,113,19,54 rower manusie piach las punkt zborny czerwony bór więzienie manuś sentyment
@anonymized_account Rysiu to jeden z moich ulubionych zawodników :),0,67,9,rysia mój ulubiony zawodnik
"@anonymized_account @anonymized_account To wszystko tlumaczy, milego  wypoczynku",0,80,7,tlumaczyć mily wypoczynek
@anonymized_account @anonymized_account Idealna nazwa dla tego programu. Manipulacje na najwyższym poziomie. Gratuluję.,0,119,12,idealny nazwa program manipulacja najwyższym poziom gratulować
"RT @anonymized_account Musi się źle dziać w PiS, skoro senator Jan Maria zdobył się na tak desperacką próbę odwrócenia uwagi opinii publicznej.",0,143,22,źle dziać pis skoro senator jan Maria zdobyć desperacki próba odwrócić uwaga opinia publiczny
"@anonymized_account @anonymized_account @anonymized_account Ale przecież on dalej  ssie wszystkimi otworami, całym ciałem, wchłania przez pory kasę z UE",1,152,18,daleko ssie wszystek otwor cały ciało wchłaniać pora kasa UE
@anonymized_account A finał to jest sztos nie mogłam wyjść z szoku XD,0,69,12,finał sztos móc być wyjść szok xd
"@anonymized_account @anonymized_account @anonymized_account napewno szanse dostanie, ale narazie radze się wstrzymać z podnietami bo to różnica kilku klas rozgrywkowych",0,168,19,napewno szansa dostać narazie raga wstrzymać podniet różnica klasa rozgrywkowy
"@anonymized_account @anonymized_account Ale towar macany należy do macanta, więc po ugotowaniu...",0,97,11,towar macany należeć macant ugotowanie
@anonymized_account Tu stary chuju PZPRowski zajmij się swoimi komuchami z PiSu.,1,80,11,stary chuju pzprowski zajmij swój komuch pis
"@anonymized_account To ja lepiej, na kacu takim ze nie wiem co to za wybory, w tym momencie nie ma kompromisów",0,110,20,dobrze kac taki wiedzieć wybory moment kompromis
@anonymized_account @anonymized_account @anonymized_account Czwarta pojechała za państwową kasę do Afryki.,0,106,10,czwarty pojechać państwowy kasa afryka
"Chcę żeby było tak jak było, codziennie wstyd",0,45,8,chcieć codziennie wstyd
"Ja gdzieś w powietrze, a ty do tarczy albo w jakiś obiekt ruchomy ?",0,67,14,powietrze tarcza obiekt ruchomy
@anonymized_account A to nie kierowca Szydło?,0,45,6,kierowca szydło
"@anonymized_account @anonymized_account Ordynarna pazerność wladzy, a co na to @anonymized_account alias #beatawystarczyniekraść?",0,129,12,ordynarna pazerność wladzy alias beatawystarczyniekraść
@anonymized_account To zbyt trudne dla miałkich intelektualnie wszechpolaków. A poza tym mocno ogranicza ilość sensownych okrzyków na marszach.,1,143,18,zbyt trudny miałki intelektualnie wszechpolaek mocno ograniczać ilość sensowny okrzyek marsz
@anonymized_account Jest słaby jak zawsze w kadrze.,0,51,7,słaby kadr
"@anonymized_account Ej, w ogóle co tam się odjebalo w finałowym odcinku 😂😂😂",0,75,12,ej ogół odjebalo finałowy odcinek 😂 😂 😂
"@anonymized_account @anonymized_account @anonymized_account @anonymized_account To ta klasa za 1,5 mln złotych z pieniędzy podatników? To złodziejstwo a nie klasa.",0,163,19,"klasa 1,5 milion złoty pieniądz podatnik złodziejstwo klasa"
"Dla mnie hitem marszu było skandowanie hasła \nHanka, Hanka już idziemy :) Hanka, Hanka już idziemy :) \ni szczera salwa śmiechu :)",0,131,22,hit marsz skandowanie hasło \nhanek hanka iść hanek hanka iść \ni szczery salwa śmiech
Mam mood na szpilki do jeansów,0,30,6,mood szpilka jeans
"RT @anonymized_account Jako, że w tym roku nie było żadnej zadymy na Marszu niepodległości, to #TVPinfo pokazuje teraz materiał z zadym z lat pop…",0,146,24,żaden zadyć marsz niepodległość tvpinfo pokazywać materiał zady rok pop
"Chuj z tym tt, nikt mi nie odpisuje\n16.11.2018 wypierdalam z tąd",0,65,11,chuj tt nikt odpisuje\n16 11 2018 wypierdalać tąd
"@anonymized_account Nie maja honoru, nie wiedzą co to godność",0,61,9,maj honor wiedzieć godność
@anonymized_account @anonymized_account Drogi Panie dziennikarz powinien mówić prawdę prosto w oczy.,0,100,11,droga pani dziennikarz mówić prawda prosto oko
@anonymized_account Wszyscy mają zaufanie do samorządu ale nikt nie ma zaufania do was bando hipokrytów i złodziei,0,114,17,zaufanie samorząd nikt zaufanie bando hipokryta złodziej
